-- MySQL dump 10.13  Distrib 5.5.28, for debian-linux-gnu (x86_64)
--
-- Host: localhost    Database: propiet_db
-- ------------------------------------------------------
-- Server version	5.5.28-0ubuntu0.12.04.2

/*!40101 SET @OLD_CHARACTER_SET_CLIENT=@@CHARACTER_SET_CLIENT */;
/*!40101 SET @OLD_CHARACTER_SET_RESULTS=@@CHARACTER_SET_RESULTS */;
/*!40101 SET @OLD_COLLATION_CONNECTION=@@COLLATION_CONNECTION */;
/*!40101 SET NAMES utf8 */;
/*!40103 SET @OLD_TIME_ZONE=@@TIME_ZONE */;
/*!40103 SET TIME_ZONE='+00:00' */;
/*!40014 SET @OLD_UNIQUE_CHECKS=@@UNIQUE_CHECKS, UNIQUE_CHECKS=0 */;
/*!40014 SET @OLD_FOREIGN_KEY_CHECKS=@@FOREIGN_KEY_CHECKS, FOREIGN_KEY_CHECKS=0 */;
/*!40101 SET @OLD_SQL_MODE=@@SQL_MODE, SQL_MODE='NO_AUTO_VALUE_ON_ZERO' */;
/*!40111 SET @OLD_SQL_NOTES=@@SQL_NOTES, SQL_NOTES=0 */;

--
-- Table structure for table `auth_group`
--

DROP TABLE IF EXISTS `auth_group`;
/*!40101 SET @saved_cs_client     = @@character_set_client */;
/*!40101 SET character_set_client = utf8 */;
CREATE TABLE `auth_group` (
  `id` int(11) NOT NULL AUTO_INCREMENT,
  `name` varchar(80) NOT NULL,
  PRIMARY KEY (`id`),
  UNIQUE KEY `name` (`name`)
) ENGINE=InnoDB AUTO_INCREMENT=8 DEFAULT CHARSET=latin1;
/*!40101 SET character_set_client = @saved_cs_client */;

--
-- Dumping data for table `auth_group`
--

LOCK TABLES `auth_group` WRITE;
/*!40000 ALTER TABLE `auth_group` DISABLE KEYS */;
INSERT INTO `auth_group` VALUES (2,'ROLE_ADMIN'),(3,'ROLE_AGENT'),(6,'ROLE_CLIENT'),(4,'ROLE_COMPANY'),(5,'ROLE_SUPER_ADMIN'),(1,'ROLE_USER'),(7,'ROLE_USER_SEARCH');
/*!40000 ALTER TABLE `auth_group` ENABLE KEYS */;
UNLOCK TABLES;

--
-- Table structure for table `auth_group_permissions`
--

DROP TABLE IF EXISTS `auth_group_permissions`;
/*!40101 SET @saved_cs_client     = @@character_set_client */;
/*!40101 SET character_set_client = utf8 */;
CREATE TABLE `auth_group_permissions` (
  `id` int(11) NOT NULL AUTO_INCREMENT,
  `group_id` int(11) NOT NULL,
  `permission_id` int(11) NOT NULL,
  PRIMARY KEY (`id`),
  UNIQUE KEY `group_id` (`group_id`,`permission_id`),
  KEY `auth_group_permissions_5f412f9a` (`group_id`),
  KEY `auth_group_permissions_83d7f98b` (`permission_id`),
  CONSTRAINT `group_id_refs_id_f4b32aac` FOREIGN KEY (`group_id`) REFERENCES `auth_group` (`id`),
  CONSTRAINT `permission_id_refs_id_6ba0f519` FOREIGN KEY (`permission_id`) REFERENCES `auth_permission` (`id`)
) ENGINE=InnoDB DEFAULT CHARSET=latin1;
/*!40101 SET character_set_client = @saved_cs_client */;

--
-- Dumping data for table `auth_group_permissions`
--

LOCK TABLES `auth_group_permissions` WRITE;
/*!40000 ALTER TABLE `auth_group_permissions` DISABLE KEYS */;
/*!40000 ALTER TABLE `auth_group_permissions` ENABLE KEYS */;
UNLOCK TABLES;

--
-- Table structure for table `auth_permission`
--

DROP TABLE IF EXISTS `auth_permission`;
/*!40101 SET @saved_cs_client     = @@character_set_client */;
/*!40101 SET character_set_client = utf8 */;
CREATE TABLE `auth_permission` (
  `id` int(11) NOT NULL AUTO_INCREMENT,
  `name` varchar(50) NOT NULL,
  `content_type_id` int(11) NOT NULL,
  `codename` varchar(100) NOT NULL,
  PRIMARY KEY (`id`),
  UNIQUE KEY `content_type_id` (`content_type_id`,`codename`),
  KEY `auth_permission_37ef4eb4` (`content_type_id`),
  CONSTRAINT `content_type_id_refs_id_d043b34a` FOREIGN KEY (`content_type_id`) REFERENCES `django_content_type` (`id`)
) ENGINE=InnoDB AUTO_INCREMENT=82 DEFAULT CHARSET=latin1;
/*!40101 SET character_set_client = @saved_cs_client */;

--
-- Dumping data for table `auth_permission`
--

LOCK TABLES `auth_permission` WRITE;
/*!40000 ALTER TABLE `auth_permission` DISABLE KEYS */;
INSERT INTO `auth_permission` VALUES (1,'Can add permission',1,'add_permission'),(2,'Can change permission',1,'change_permission'),(3,'Can delete permission',1,'delete_permission'),(4,'Can add group',2,'add_group'),(5,'Can change group',2,'change_group'),(6,'Can delete group',2,'delete_group'),(7,'Can add user',3,'add_user'),(8,'Can change user',3,'change_user'),(9,'Can delete user',3,'delete_user'),(10,'Can add content type',4,'add_contenttype'),(11,'Can change content type',4,'change_contenttype'),(12,'Can delete content type',4,'delete_contenttype'),(13,'Can add session',5,'add_session'),(14,'Can change session',5,'change_session'),(15,'Can delete session',5,'delete_session'),(16,'Can add site',6,'add_site'),(17,'Can change site',6,'change_site'),(18,'Can delete site',6,'delete_site'),(19,'Can add log entry',7,'add_logentry'),(20,'Can change log entry',7,'change_logentry'),(21,'Can delete log entry',7,'delete_logentry'),(22,'Can add User Profile',8,'add_userprofile'),(23,'Can change User Profile',8,'change_userprofile'),(24,'Can delete User Profile',8,'delete_userprofile'),(25,'Can add Feature',9,'add_feature'),(26,'Can change Feature',9,'change_feature'),(27,'Can delete Feature',9,'delete_feature'),(28,'Can add Operation',10,'add_operation'),(29,'Can change Operation',10,'change_operation'),(30,'Can delete Operation',10,'delete_operation'),(31,'Can add Currency',11,'add_currency'),(32,'Can change Currency',11,'change_currency'),(33,'Can delete Currency',11,'delete_currency'),(34,'Can add Service',12,'add_service'),(35,'Can change Service',12,'change_service'),(36,'Can delete Service',12,'delete_service'),(37,'Can add Category',13,'add_category'),(38,'Can change Category',13,'change_category'),(39,'Can delete Category',13,'delete_category'),(40,'Can add Subcategory',14,'add_subcategory'),(41,'Can change Subcategory',14,'change_subcategory'),(42,'Can delete Subcategory',14,'delete_subcategory'),(43,'Can add Ambience',15,'add_ambience'),(44,'Can change Ambience',15,'change_ambience'),(45,'Can delete Ambience',15,'delete_ambience'),(46,'Can add Location',16,'add_location'),(47,'Can change Location',16,'change_location'),(48,'Can delete Location',16,'delete_location'),(49,'Can add Property',17,'add_property'),(50,'Can change Property',17,'change_property'),(51,'Can delete Property',17,'delete_property'),(52,'Can add Post',18,'add_post'),(53,'Can change Post',18,'change_post'),(54,'Can delete Post',18,'delete_post'),(55,'Can add Photo',19,'add_postphoto'),(56,'Can change Photo',19,'change_postphoto'),(57,'Can delete Photo',19,'delete_postphoto'),(58,'Can add Saved Query',20,'add_savedquery'),(59,'Can change Saved Query',20,'change_savedquery'),(60,'Can delete Saved Query',20,'delete_savedquery'),(61,'Can add Alert',21,'add_alert'),(62,'Can change Alert',21,'change_alert'),(63,'Can delete Alert',21,'delete_alert'),(64,'Can add api access',22,'add_apiaccess'),(65,'Can change api access',22,'change_apiaccess'),(66,'Can delete api access',22,'delete_apiaccess'),(67,'Can add api key',23,'add_apikey'),(68,'Can change api key',23,'change_apikey'),(69,'Can delete api key',23,'delete_apikey'),(70,'Can add country',24,'add_country'),(71,'Can change country',24,'change_country'),(72,'Can delete country',24,'delete_country'),(73,'Can add region/state',25,'add_region'),(74,'Can change region/state',25,'change_region'),(75,'Can delete region/state',25,'delete_region'),(76,'Can add city',26,'add_city'),(77,'Can change city',26,'change_city'),(78,'Can delete city',26,'delete_city'),(79,'Can add migration history',27,'add_migrationhistory'),(80,'Can change migration history',27,'change_migrationhistory'),(81,'Can delete migration history',27,'delete_migrationhistory');
/*!40000 ALTER TABLE `auth_permission` ENABLE KEYS */;
UNLOCK TABLES;

--
-- Table structure for table `auth_user`
--

DROP TABLE IF EXISTS `auth_user`;
/*!40101 SET @saved_cs_client     = @@character_set_client */;
/*!40101 SET character_set_client = utf8 */;
CREATE TABLE `auth_user` (
  `id` int(11) NOT NULL AUTO_INCREMENT,
  `password` varchar(128) NOT NULL,
  `last_login` datetime NOT NULL,
  `is_superuser` tinyint(1) NOT NULL,
  `username` varchar(30) NOT NULL,
  `first_name` varchar(30) NOT NULL,
  `last_name` varchar(30) NOT NULL,
  `email` varchar(75) NOT NULL,
  `is_staff` tinyint(1) NOT NULL,
  `is_active` tinyint(1) NOT NULL,
  `date_joined` datetime NOT NULL,
  PRIMARY KEY (`id`),
  UNIQUE KEY `username` (`username`)
) ENGINE=InnoDB AUTO_INCREMENT=19 DEFAULT CHARSET=latin1;
/*!40101 SET character_set_client = @saved_cs_client */;

--
-- Dumping data for table `auth_user`
--

LOCK TABLES `auth_user` WRITE;
/*!40000 ALTER TABLE `auth_user` DISABLE KEYS */;
INSERT INTO `auth_user` VALUES (1,'pbkdf2_sha256$12000$h73oNf8Qg6PO$ABz3J1Ejn7aWnKeTjmz8/ueo7D3T0Ld5IT9Gw3yUtfM=','2014-05-15 18:30:01',1,'propiet@propiet.com','Admin','Admin','propiet@propiet.com',1,1,'2014-04-05 15:36:44'),(2,'pbkdf2_sha256$12000$oodBRfqeFF0P$ZcluzvY37o/aH7/cFoIG7VWSVVxQV2ECnldSNRaS3b0=','2014-04-08 11:32:22',0,'agente@propiet.com','Agente','Prueba','agente@propiet.com',0,1,'2014-04-05 18:17:06'),(3,'webclient','2014-04-07 13:50:34',0,'webclient','Web','Client','admin@localhost.com',0,1,'2014-04-07 13:50:34'),(4,'pbkdf2_sha256$12000$fKWhe02tAikb$FMvivSJYCBJZtNbN/V8Rd2l2AUkC5kEb0GtDmruHBpg=','2014-05-08 09:17:46',0,'marfunes@hotmail.com','Martín','Funes','marfunes@hotmail.com',0,1,'2014-04-07 14:23:17'),(6,'pbkdf2_sha256$12000$ZfRktF4temEU$UFN1K5XX783I0V47Dv74dCssj2PeH3yiJNC6G63d2EM=','2014-05-09 15:40:48',0,'abiti@abiti.com.ar','Agustina','Abiti','abiti@abiti.com.ar',0,1,'2014-04-08 08:28:23'),(8,'pbkdf2_sha256$12000$C130FI6Bjuzc$9Kinp5bNNca9MQ3zlkcHHe1xW6kzA8OIlK9iB+nZfsg=','2014-05-15 12:10:02',0,'infopropiedades01@gmail.com','Sandra','Fried','infopropiedades01@gmail.com',0,1,'2014-04-08 09:05:53'),(9,'pbkdf2_sha256$12000$nF94KSiBvuY9$55aPU1Djyv9NtOzqcAj3ek0Dr/8uN33g+7hZPsIeTd4=','2014-04-23 12:07:44',0,'jmmaciel@maxplen.com.ar','Jose','Maciel','jmmaciel@maxplen.com.ar',0,1,'2014-04-10 12:14:34'),(10,'pbkdf2_sha256$12000$CzSGwj8tPKiF$XHMGMXBXXlx5wFS3y6hQenlsmLhQbSPnZ+KLtA7aYC4=','2014-04-28 19:52:34',0,'zurekocabek@mail.ru','reredoharec','reredoharec','zurekocabek@mail.ru',0,1,'2014-04-28 19:52:34'),(11,'pbkdf2_sha256$12000$4af7gnXwstti$e+R/R/lFjsgxjtCxyfbDpCXs9EljvEYNe90NIysa5vM=','2014-05-15 17:40:01',0,'mfunes@propiet.com','Martin','Funes','mfunes@propiet.com',0,1,'2014-05-08 09:10:15'),(12,'pbkdf2_sha256$12000$P3kS9a672n9W$YkdQ0UQdzzximuzKZ1Wzg5Lh+ZZCsfgSlbqaR1cOUjY=','2014-05-13 18:24:55',0,'inforfprop@gmail.com','Ricardo','Funes','inforfprop@gmail.com',0,1,'2014-05-08 09:38:35'),(13,'pbkdf2_sha256$12000$weVlnzUDEpFn$IGw+0w6HJ9OuWGsgFQ0i+uU0hcm4LbsatU+warCPaoI=','2014-05-13 15:01:27',1,'lionel@hoopemedia.com','','','lionel@hoopemedia.com',1,1,'2014-05-08 23:26:46'),(14,'pbkdf2_sha256$12000$Dp49LBcAy7wZ$PfB0as+CDZQT4gGa0gY2elQtOHCwesGlE3nWX9sPZP8=','2014-05-13 15:01:58',0,'liocuevas@gmail.com','Lionel','Cuevas','liocuevas@gmail.com',0,1,'2014-05-09 00:36:07'),(15,'pbkdf2_sha256$12000$gjvlovFH99pB$2fy/6tTXm0eeedzHJFejzVJqwjsfwFk/99N6wz3JGJ0=','2014-05-12 09:12:22',0,'ilan@bairesup.com','ilan','e','ilan@bairesup.com',0,1,'2014-05-12 09:11:42'),(16,'pbkdf2_sha256$12000$DIuazJxtDUMZ$8g0HK/rqa0OpeWGQjpTAfD2wiCxjUhgy/rL70ZjUFR4=','2014-05-14 09:18:31',0,'claudiau@propiet.com','Claudia','Ugarte','claudiau@propiet.com',0,1,'2014-05-14 09:14:34'),(17,'pbkdf2_sha256$12000$jiVqbFiZy5mc$qoe92UsTDFAuZOPMK6E7BpM4Qpz8Ofb+3wIHaUs+DAY=','2014-05-15 14:12:59',0,'marcelo@devtalents.com','marce','buzo','marcelo@devtalents.com',0,1,'2014-05-15 14:11:32'),(18,'pbkdf2_sha256$12000$ZRKmK7B8gm8T$r9sgcZNfjOzEJjI0Jjg0x9mNbTKeob/PZxpLEjopYwU=','2014-05-15 15:17:22',0,'pinmobiliar@hotmail.com','prueba','inmobiliaria','pinmobiliar@hotmail.com',0,1,'2014-05-15 15:12:30');
/*!40000 ALTER TABLE `auth_user` ENABLE KEYS */;
UNLOCK TABLES;

--
-- Table structure for table `auth_user_groups`
--

DROP TABLE IF EXISTS `auth_user_groups`;
/*!40101 SET @saved_cs_client     = @@character_set_client */;
/*!40101 SET character_set_client = utf8 */;
CREATE TABLE `auth_user_groups` (
  `id` int(11) NOT NULL AUTO_INCREMENT,
  `user_id` int(11) NOT NULL,
  `group_id` int(11) NOT NULL,
  PRIMARY KEY (`id`),
  UNIQUE KEY `user_id` (`user_id`,`group_id`),
  KEY `auth_user_groups_6340c63c` (`user_id`),
  KEY `auth_user_groups_5f412f9a` (`group_id`),
  CONSTRAINT `group_id_refs_id_274b862c` FOREIGN KEY (`group_id`) REFERENCES `auth_group` (`id`),
  CONSTRAINT `user_id_refs_id_40c41112` FOREIGN KEY (`user_id`) REFERENCES `auth_user` (`id`)
) ENGINE=InnoDB AUTO_INCREMENT=29 DEFAULT CHARSET=latin1;
/*!40101 SET character_set_client = @saved_cs_client */;

--
-- Dumping data for table `auth_user_groups`
--

LOCK TABLES `auth_user_groups` WRITE;
/*!40000 ALTER TABLE `auth_user_groups` DISABLE KEYS */;
INSERT INTO `auth_user_groups` VALUES (3,1,1),(4,1,2),(5,2,3),(6,3,6),(19,4,1),(10,6,4),(23,8,4),(13,9,4),(20,10,1),(16,11,3),(21,12,4),(22,14,1),(24,15,1),(25,16,3),(26,17,1),(28,18,4);
/*!40000 ALTER TABLE `auth_user_groups` ENABLE KEYS */;
UNLOCK TABLES;

--
-- Table structure for table `auth_user_user_permissions`
--

DROP TABLE IF EXISTS `auth_user_user_permissions`;
/*!40101 SET @saved_cs_client     = @@character_set_client */;
/*!40101 SET character_set_client = utf8 */;
CREATE TABLE `auth_user_user_permissions` (
  `id` int(11) NOT NULL AUTO_INCREMENT,
  `user_id` int(11) NOT NULL,
  `permission_id` int(11) NOT NULL,
  PRIMARY KEY (`id`),
  UNIQUE KEY `user_id` (`user_id`,`permission_id`),
  KEY `auth_user_user_permissions_6340c63c` (`user_id`),
  KEY `auth_user_user_permissions_83d7f98b` (`permission_id`),
  CONSTRAINT `permission_id_refs_id_35d9ac25` FOREIGN KEY (`permission_id`) REFERENCES `auth_permission` (`id`),
  CONSTRAINT `user_id_refs_id_4dc23c39` FOREIGN KEY (`user_id`) REFERENCES `auth_user` (`id`)
) ENGINE=InnoDB DEFAULT CHARSET=latin1;
/*!40101 SET character_set_client = @saved_cs_client */;

--
-- Dumping data for table `auth_user_user_permissions`
--

LOCK TABLES `auth_user_user_permissions` WRITE;
/*!40000 ALTER TABLE `auth_user_user_permissions` DISABLE KEYS */;
/*!40000 ALTER TABLE `auth_user_user_permissions` ENABLE KEYS */;
UNLOCK TABLES;

--
-- Table structure for table `cities_light_city`
--

DROP TABLE IF EXISTS `cities_light_city`;
/*!40101 SET @saved_cs_client     = @@character_set_client */;
/*!40101 SET character_set_client = utf8 */;
CREATE TABLE `cities_light_city` (
  `id` int(11) NOT NULL AUTO_INCREMENT,
  `name_ascii` varchar(200) NOT NULL,
  `slug` varchar(50) NOT NULL,
  `geoname_id` int(11) DEFAULT NULL,
  `alternate_names` longtext,
  `name` varchar(200) NOT NULL,
  `display_name` varchar(200) NOT NULL,
  `search_names` longtext NOT NULL,
  `latitude` decimal(8,5) DEFAULT NULL,
  `longitude` decimal(8,5) DEFAULT NULL,
  `region_id` int(11) DEFAULT NULL,
  `country_id` int(11) NOT NULL,
  `population` varchar(60) DEFAULT NULL,
  `feature_code` varchar(60) DEFAULT NULL,
  PRIMARY KEY (`id`),
  UNIQUE KEY `geoname_id` (`geoname_id`),
  UNIQUE KEY `region_id` (`region_id`,`name`),
  KEY `cities_light_city_37ed44f1` (`name_ascii`),
  KEY `cities_light_city_f52cfca0` (`slug`),
  KEY `cities_light_city_4da47e07` (`name`),
  KEY `cities_light_city_55a4ce96` (`region_id`),
  KEY `cities_light_city_d860be3c` (`country_id`),
  CONSTRAINT `country_id_refs_id_f2111876` FOREIGN KEY (`country_id`) REFERENCES `cities_light_country` (`id`),
  CONSTRAINT `region_id_refs_id_f574ff13` FOREIGN KEY (`region_id`) REFERENCES `cities_light_region` (`id`)
) ENGINE=InnoDB AUTO_INCREMENT=58 DEFAULT CHARSET=latin1;
/*!40101 SET character_set_client = @saved_cs_client */;

--
-- Dumping data for table `cities_light_city`
--

LOCK TABLES `cities_light_city` WRITE;
/*!40000 ALTER TABLE `cities_light_city` DISABLE KEYS */;
INSERT INTO `cities_light_city` VALUES (1,'','',NULL,NULL,'Abasto','','',NULL,NULL,1,1,NULL,NULL),(2,'','',NULL,NULL,'Agronomía','','',NULL,NULL,1,1,NULL,NULL),(3,'','',NULL,NULL,'Almagro','','',NULL,NULL,1,1,NULL,NULL),(4,'','',NULL,NULL,'Balvanera','','',NULL,NULL,1,1,NULL,NULL),(5,'','',NULL,NULL,'Barracas','','',NULL,NULL,1,1,NULL,NULL),(6,'','',NULL,NULL,'Barrio Norte','','',NULL,NULL,1,1,NULL,NULL),(7,'','',NULL,NULL,'Belgrano','','',NULL,NULL,1,1,NULL,NULL),(8,'','',NULL,NULL,'Boca','','',NULL,NULL,1,1,NULL,NULL),(9,'','',NULL,NULL,'Boedo','','',NULL,NULL,1,1,NULL,NULL),(10,'','',NULL,NULL,'Caballito','','',NULL,NULL,1,1,NULL,NULL),(11,'','',NULL,NULL,'Catalinas','','',NULL,NULL,1,1,NULL,NULL),(12,'','',NULL,NULL,'Microcentro','','',NULL,NULL,1,1,NULL,NULL),(13,'','',NULL,NULL,'Chacarita','','',NULL,NULL,1,1,NULL,NULL),(14,'','',NULL,NULL,'Coghlan','','',NULL,NULL,1,1,NULL,NULL),(15,'','',NULL,NULL,'Colegiales','','',NULL,NULL,1,1,NULL,NULL),(16,'','',NULL,NULL,'Congreso','','',NULL,NULL,1,1,NULL,NULL),(17,'','',NULL,NULL,'Constitución','','',NULL,NULL,1,1,NULL,NULL),(18,'','',NULL,NULL,'Flores','','',NULL,NULL,1,1,NULL,NULL),(19,'','',NULL,NULL,'Floresta','','',NULL,NULL,1,1,NULL,NULL),(20,'','',NULL,NULL,'Las Cañitas','','',NULL,NULL,1,1,NULL,NULL),(21,'','',NULL,NULL,'Liniers','','',NULL,NULL,1,1,NULL,NULL),(22,'','',NULL,NULL,'Mataderos','','',NULL,NULL,1,1,NULL,NULL),(23,'','',NULL,NULL,'Monserrat','','',NULL,NULL,1,1,NULL,NULL),(24,'','',NULL,NULL,'Monte Castro','','',NULL,NULL,1,1,NULL,NULL),(25,'','',NULL,NULL,'Nuñez','','',NULL,NULL,1,1,NULL,NULL),(26,'','',NULL,NULL,'Once','','',NULL,NULL,1,1,NULL,NULL),(27,'','',NULL,NULL,'Palermo','','',NULL,NULL,1,1,NULL,NULL),(28,'','',NULL,NULL,'Parque Avellaneda','','',NULL,NULL,1,1,NULL,NULL),(29,'','',NULL,NULL,'Parque Centenario','','',NULL,NULL,1,1,NULL,NULL),(30,'','',NULL,NULL,'Parque Chacabuco','','',NULL,NULL,1,1,NULL,NULL),(31,'','',NULL,NULL,'Parque Chas','','',NULL,NULL,1,1,NULL,NULL),(32,'','',NULL,NULL,'Parque Patricios','','',NULL,NULL,1,1,NULL,NULL),(33,'','',NULL,NULL,'Paternal','','',NULL,NULL,1,1,NULL,NULL),(34,'','',NULL,NULL,'Pompeya','','',NULL,NULL,1,1,NULL,NULL),(35,'','',NULL,NULL,'Puerto Madero','','',NULL,NULL,1,1,NULL,NULL),(36,'','',NULL,NULL,'Recoleta','','',NULL,NULL,1,1,NULL,NULL),(37,'','',NULL,NULL,'Retiro','','',NULL,NULL,1,1,NULL,NULL),(38,'','',NULL,NULL,'Saavedra','','',NULL,NULL,1,1,NULL,NULL),(39,'','',NULL,NULL,'San Cristobal','','',NULL,NULL,1,1,NULL,NULL),(40,'','',NULL,NULL,'San Nicolás','','',NULL,NULL,1,1,NULL,NULL),(41,'','',NULL,NULL,'San Telmo','','',NULL,NULL,1,1,NULL,NULL),(42,'','',NULL,NULL,'Tribunales','','',NULL,NULL,1,1,NULL,NULL),(43,'','',NULL,NULL,'Velez Sarsfield','','',NULL,NULL,1,1,NULL,NULL),(44,'','',NULL,NULL,'Versalles','','',NULL,NULL,1,1,NULL,NULL),(45,'','',NULL,NULL,'Villa Crespo','','',NULL,NULL,1,1,NULL,NULL),(46,'','',NULL,NULL,'Villa Devoto','','',NULL,NULL,1,1,NULL,NULL),(47,'','',NULL,NULL,'Villa General Mitre','','',NULL,NULL,1,1,NULL,NULL),(48,'','',NULL,NULL,'Villa Lugano','','',NULL,NULL,1,1,NULL,NULL),(49,'','',NULL,NULL,'Villa Luro','','',NULL,NULL,1,1,NULL,NULL),(50,'','',NULL,NULL,'Villa Ortuzar','','',NULL,NULL,1,1,NULL,NULL),(51,'','',NULL,NULL,'Villa Pueyrredón','','',NULL,NULL,1,1,NULL,NULL),(52,'','',NULL,NULL,'Villa Real','','',NULL,NULL,1,1,NULL,NULL),(53,'','',NULL,NULL,'Villa Riachuelo','','',NULL,NULL,1,1,NULL,NULL),(54,'','',NULL,NULL,'Villa Santa Rita','','',NULL,NULL,1,1,NULL,NULL),(55,'','',NULL,NULL,'Villa Soldati','','',NULL,NULL,1,1,NULL,NULL),(56,'','',NULL,NULL,'Villa Urquiza','','',NULL,NULL,1,1,NULL,NULL),(57,'','',NULL,NULL,'Villa del Parque','','',NULL,NULL,1,1,NULL,NULL);
/*!40000 ALTER TABLE `cities_light_city` ENABLE KEYS */;
UNLOCK TABLES;

--
-- Table structure for table `cities_light_country`
--

DROP TABLE IF EXISTS `cities_light_country`;
/*!40101 SET @saved_cs_client     = @@character_set_client */;
/*!40101 SET character_set_client = utf8 */;
CREATE TABLE `cities_light_country` (
  `id` int(11) NOT NULL AUTO_INCREMENT,
  `name_ascii` varchar(200) NOT NULL,
  `slug` varchar(50) NOT NULL,
  `geoname_id` int(11) DEFAULT NULL,
  `alternate_names` longtext,
  `name` varchar(200) NOT NULL,
  `code2` varchar(2) DEFAULT NULL,
  `code3` varchar(3) DEFAULT NULL,
  `continent` varchar(2) NOT NULL,
  `tld` varchar(5) NOT NULL,
  PRIMARY KEY (`id`),
  UNIQUE KEY `name` (`name`),
  UNIQUE KEY `geoname_id` (`geoname_id`),
  UNIQUE KEY `code2` (`code2`),
  UNIQUE KEY `code3` (`code3`),
  KEY `cities_light_country_37ed44f1` (`name_ascii`),
  KEY `cities_light_country_f52cfca0` (`slug`),
  KEY `cities_light_country_72f4141b` (`continent`),
  KEY `cities_light_country_df69a71f` (`tld`)
) ENGINE=InnoDB AUTO_INCREMENT=2 DEFAULT CHARSET=latin1;
/*!40101 SET character_set_client = @saved_cs_client */;

--
-- Dumping data for table `cities_light_country`
--

LOCK TABLES `cities_light_country` WRITE;
/*!40000 ALTER TABLE `cities_light_country` DISABLE KEYS */;
INSERT INTO `cities_light_country` VALUES (1,'Argentina','argentina',NULL,'AR','Argentina',NULL,NULL,'SA','');
/*!40000 ALTER TABLE `cities_light_country` ENABLE KEYS */;
UNLOCK TABLES;

--
-- Table structure for table `cities_light_region`
--

DROP TABLE IF EXISTS `cities_light_region`;
/*!40101 SET @saved_cs_client     = @@character_set_client */;
/*!40101 SET character_set_client = utf8 */;
CREATE TABLE `cities_light_region` (
  `id` int(11) NOT NULL AUTO_INCREMENT,
  `name_ascii` varchar(200) NOT NULL,
  `slug` varchar(50) NOT NULL,
  `geoname_id` int(11) DEFAULT NULL,
  `alternate_names` longtext,
  `name` varchar(200) NOT NULL,
  `display_name` varchar(200) NOT NULL,
  `geoname_code` varchar(50) DEFAULT NULL,
  `country_id` int(11) NOT NULL,
  PRIMARY KEY (`id`),
  UNIQUE KEY `country_id` (`country_id`,`name`),
  UNIQUE KEY `geoname_id` (`geoname_id`),
  KEY `cities_light_region_37ed44f1` (`name_ascii`),
  KEY `cities_light_region_f52cfca0` (`slug`),
  KEY `cities_light_region_4da47e07` (`name`),
  KEY `cities_light_region_c86134f1` (`geoname_code`),
  KEY `cities_light_region_d860be3c` (`country_id`),
  CONSTRAINT `country_id_refs_id_6e35ae55` FOREIGN KEY (`country_id`) REFERENCES `cities_light_country` (`id`)
) ENGINE=InnoDB AUTO_INCREMENT=2 DEFAULT CHARSET=latin1;
/*!40101 SET character_set_client = @saved_cs_client */;

--
-- Dumping data for table `cities_light_region`
--

LOCK TABLES `cities_light_region` WRITE;
/*!40000 ALTER TABLE `cities_light_region` DISABLE KEYS */;
INSERT INTO `cities_light_region` VALUES (1,'Capital Federal','capital-federal',NULL,'CABA','Capital Federal','Capital Federal, Argentina',NULL,1);
/*!40000 ALTER TABLE `cities_light_region` ENABLE KEYS */;
UNLOCK TABLES;

--
-- Table structure for table `core_alert`
--

DROP TABLE IF EXISTS `core_alert`;
/*!40101 SET @saved_cs_client     = @@character_set_client */;
/*!40101 SET character_set_client = utf8 */;
CREATE TABLE `core_alert` (
  `id` int(11) NOT NULL AUTO_INCREMENT,
  `user_id` int(11) NOT NULL,
  `query_id` int(11) NOT NULL,
  `alert_type` int(11) NOT NULL,
  `creation_date` datetime NOT NULL,
  `last_update` datetime NOT NULL,
  PRIMARY KEY (`id`),
  UNIQUE KEY `query_id` (`query_id`),
  KEY `core_alert_6340c63c` (`user_id`),
  CONSTRAINT `query_id_refs_id_6e52ed5c` FOREIGN KEY (`query_id`) REFERENCES `core_saved_query` (`id`),
  CONSTRAINT `user_id_refs_id_dbe6deea` FOREIGN KEY (`user_id`) REFERENCES `auth_user` (`id`)
) ENGINE=InnoDB DEFAULT CHARSET=latin1;
/*!40101 SET character_set_client = @saved_cs_client */;

--
-- Dumping data for table `core_alert`
--

LOCK TABLES `core_alert` WRITE;
/*!40000 ALTER TABLE `core_alert` DISABLE KEYS */;
/*!40000 ALTER TABLE `core_alert` ENABLE KEYS */;
UNLOCK TABLES;

--
-- Table structure for table `core_ambience`
--

DROP TABLE IF EXISTS `core_ambience`;
/*!40101 SET @saved_cs_client     = @@character_set_client */;
/*!40101 SET character_set_client = utf8 */;
CREATE TABLE `core_ambience` (
  `id` int(11) NOT NULL AUTO_INCREMENT,
  `name` varchar(100) NOT NULL,
  PRIMARY KEY (`id`)
) ENGINE=InnoDB AUTO_INCREMENT=22 DEFAULT CHARSET=latin1;
/*!40101 SET character_set_client = @saved_cs_client */;

--
-- Dumping data for table `core_ambience`
--

LOCK TABLES `core_ambience` WRITE;
/*!40000 ALTER TABLE `core_ambience` DISABLE KEYS */;
INSERT INTO `core_ambience` VALUES (1,'Altillo'),(2,'Balcón'),(3,'Baulera'),(4,'Cocina'),(5,'Hall'),(6,'Jardín'),(7,'Patio'),(8,'Sótano'),(9,'Terraza'),(10,'Toilette'),(11,'Comedor'),(12,'Comedor de diario'),(13,'Dependencia de servicio'),(14,'Dormitorio en suite'),(15,'Escritorio'),(16,'Hall'),(17,'Lavadero'),(18,'Living'),(19,'Living comedor'),(21,'Vestidor');
/*!40000 ALTER TABLE `core_ambience` ENABLE KEYS */;
UNLOCK TABLES;

--
-- Table structure for table `core_category`
--

DROP TABLE IF EXISTS `core_category`;
/*!40101 SET @saved_cs_client     = @@character_set_client */;
/*!40101 SET character_set_client = utf8 */;
CREATE TABLE `core_category` (
  `id` int(11) NOT NULL AUTO_INCREMENT,
  `name` varchar(100) NOT NULL,
  PRIMARY KEY (`id`)
) ENGINE=InnoDB AUTO_INCREMENT=13 DEFAULT CHARSET=latin1;
/*!40101 SET character_set_client = @saved_cs_client */;

--
-- Dumping data for table `core_category`
--

LOCK TABLES `core_category` WRITE;
/*!40000 ALTER TABLE `core_category` DISABLE KEYS */;
INSERT INTO `core_category` VALUES (1,'Departamentos'),(2,'Casas'),(3,'PH'),(4,'Countries y Barrios cerrados'),(5,'Quintas'),(6,'Terrenos y Lotes'),(7,'Campos y chacras'),(8,'Galpones depositos y edificios industriales'),(9,'Locales comerciales'),(10,'Oficinas'),(11,'Consultorios'),(12,'Cocheras');
/*!40000 ALTER TABLE `core_category` ENABLE KEYS */;
UNLOCK TABLES;

--
-- Table structure for table `core_currency`
--

DROP TABLE IF EXISTS `core_currency`;
/*!40101 SET @saved_cs_client     = @@character_set_client */;
/*!40101 SET character_set_client = utf8 */;
CREATE TABLE `core_currency` (
  `id` int(11) NOT NULL AUTO_INCREMENT,
  `symbol` varchar(10) NOT NULL,
  `name` varchar(100) NOT NULL,
  PRIMARY KEY (`id`)
) ENGINE=InnoDB AUTO_INCREMENT=3 DEFAULT CHARSET=latin1;
/*!40101 SET character_set_client = @saved_cs_client */;

--
-- Dumping data for table `core_currency`
--

LOCK TABLES `core_currency` WRITE;
/*!40000 ALTER TABLE `core_currency` DISABLE KEYS */;
INSERT INTO `core_currency` VALUES (1,'ARS$','Pesos'),(2,'US$','Dólares');
/*!40000 ALTER TABLE `core_currency` ENABLE KEYS */;
UNLOCK TABLES;

--
-- Table structure for table `core_feature`
--

DROP TABLE IF EXISTS `core_feature`;
/*!40101 SET @saved_cs_client     = @@character_set_client */;
/*!40101 SET character_set_client = utf8 */;
CREATE TABLE `core_feature` (
  `id` int(11) NOT NULL AUTO_INCREMENT,
  `name` varchar(100) NOT NULL,
  PRIMARY KEY (`id`)
) ENGINE=InnoDB AUTO_INCREMENT=17 DEFAULT CHARSET=latin1;
/*!40101 SET character_set_client = @saved_cs_client */;

--
-- Dumping data for table `core_feature`
--

LOCK TABLES `core_feature` WRITE;
/*!40000 ALTER TABLE `core_feature` DISABLE KEYS */;
INSERT INTO `core_feature` VALUES (1,'Aire acondicionado'),(2,'Alarma'),(3,'Amoblado'),(4,'Calefacción'),(5,'Cancha deportes'),(6,'Gimnasio'),(7,'Hidromasaje'),(8,'Laundry'),(9,'Parrilla'),(10,'Piscina'),(11,'Quincho'),(12,'Sala de juegos'),(13,'Sauna'),(14,'Solarium'),(15,'SUM'),(16,'Vigilancia');
/*!40000 ALTER TABLE `core_feature` ENABLE KEYS */;
UNLOCK TABLES;

--
-- Table structure for table `core_location`
--

DROP TABLE IF EXISTS `core_location`;
/*!40101 SET @saved_cs_client     = @@character_set_client */;
/*!40101 SET character_set_client = utf8 */;
CREATE TABLE `core_location` (
  `id` int(11) NOT NULL AUTO_INCREMENT,
  `address` varchar(500) NOT NULL,
  `longitude` varchar(100) DEFAULT NULL,
  `latitude` varchar(100) DEFAULT NULL,
  `country_id` int(11) DEFAULT NULL,
  `region_id` int(11) DEFAULT NULL,
  `city_id` int(11) DEFAULT NULL,
  PRIMARY KEY (`id`),
  KEY `core_location_d860be3c` (`country_id`),
  KEY `core_location_55a4ce96` (`region_id`),
  KEY `core_location_b376980e` (`city_id`),
  CONSTRAINT `city_id_refs_id_2bbf48de` FOREIGN KEY (`city_id`) REFERENCES `cities_light_city` (`id`),
  CONSTRAINT `country_id_refs_id_3cde47e3` FOREIGN KEY (`country_id`) REFERENCES `cities_light_country` (`id`),
  CONSTRAINT `region_id_refs_id_88552e4b` FOREIGN KEY (`region_id`) REFERENCES `cities_light_region` (`id`)
) ENGINE=InnoDB AUTO_INCREMENT=249 DEFAULT CHARSET=latin1;
/*!40101 SET character_set_client = @saved_cs_client */;

--
-- Dumping data for table `core_location`
--

LOCK TABLES `core_location` WRITE;
/*!40000 ALTER TABLE `core_location` DISABLE KEYS */;
INSERT INTO `core_location` VALUES (43,'Honduras 5500','','',1,1,27),(44,'Humboldt 1500','','',1,1,27),(45,'aguero 1589','','',1,1,1),(46,'Humboldt 1700','','',1,1,27),(47,'24 De Noviembre 442','','',1,1,4),(48,'24 de noviembre 442','','',1,1,4),(49,'24 de noviembre 442','','',1,1,4),(50,'24 de noviembre 442','','',1,1,4),(51,'24 de noviembre 442','','',1,1,4),(52,'av libertador 4700','','',1,1,7),(53,'Castro 928','','',1,1,1),(54,'Castro 928','','',1,1,9),(55,'Castro 1176','','',1,1,9),(56,'Castro 1176 ','','',1,1,9),(57,'Castro 1176','','',1,1,9),(58,'Castro 1176','','',1,1,9),(59,'Castro 1176','','',1,1,9),(60,'Castro 1176','','',1,1,9),(61,'Castro 1176','','',1,1,1),(62,'Castro 1176','','',1,1,9),(63,'Castro 1176','','',1,1,9),(64,'Castro 1176','','',1,1,9),(65,'Castro 1176','','',1,1,9),(66,'Castro 1176','','',1,1,9),(67,'Castro 1176','','',1,1,9),(68,'Castro 1176','','',1,1,9),(69,'Catamarca 1060','','',1,1,39),(70,'Catamarca 1060','','',1,1,39),(71,'Catamarca 1060','','',1,1,39),(72,'Catamarca 1060','','',1,1,39),(73,'Catamarca 1060','','',1,1,39),(74,'Catamarca 1060','','',1,1,39),(75,'Catamarca 1060','','',1,1,39),(76,'Catamarca 1060','','',1,1,39),(77,'Catamarca 1060','','',1,1,39),(78,'Catamarca 1060','','',1,1,39),(79,'Catamarca 1060','','',1,1,39),(80,'Catamarca 1060','','',1,1,39),(81,'Catamarca 1060','','',1,1,39),(82,'24 de noviembre 442','','',1,1,4),(83,'24 de noviembre 442','','',1,1,4),(84,'24 de noviembre 442','','',1,1,4),(85,'24 de noviembre 442','','',1,1,4),(86,'24 de noviembre 442','','',1,1,4),(87,'Castro 928','','',1,1,9),(88,'Castro 928','','',1,1,4),(89,'Castro 1176','','',1,1,4),(90,'Castro 1176','','',1,1,4),(91,'Castro 1176','','',1,1,4),(92,'Castro 1176','','',1,1,4),(93,'Castro 1176','','',1,1,4),(94,'Castro 1176','','',1,1,4),(95,'Castro 1176','','',1,1,1),(96,'Castro 1176','','',1,1,4),(97,'Castro 1176','','',1,1,4),(98,'Castro 1176','','',1,1,4),(99,'Castro 1176','','',1,1,4),(100,'Castro 1176 ','','',1,1,4),(101,'Castro 1176','','',1,1,4),(102,'Castro 1176','','',1,1,4),(103,'Catamarca 1060 ','','',1,1,39),(104,'Catamarca 1060','','',1,1,39),(105,'Catamarca 1060','','',1,1,39),(106,'Catamarca 1060','','',1,1,39),(107,'Catamarca 1060','','',1,1,39),(108,'Catamarca 1060','','',1,1,39),(109,'Catamarca 1060','','',1,1,39),(110,'Catamarca 1060','','',1,1,39),(111,'Catamarca 1060','','',1,1,39),(112,'Catamarca 1060','','',1,1,39),(113,'Catamarca 1060','','',1,1,39),(114,'Catamarca 1060','','',1,1,39),(115,'Catamarca 1060','','',1,1,39),(116,'Catamarca 1060','','',1,1,39),(117,'Catamarca 1060','','',1,1,39),(118,'Catamarca 1060','','',1,1,39),(119,'Colombres 929','','',1,1,39),(120,'Colombres 929','','',1,1,39),(121,'Colombres 929','','',1,1,39),(122,'Colombres 929','','',1,1,39),(123,'Entre Rios 1221','','',1,1,39),(124,'Entre Rios 1221','','',1,1,39),(125,'Entre Rios 1221','','',1,1,39),(126,'Entre Rios 1221','','',1,1,39),(127,'Entre Rios 1221','','',1,1,39),(128,'Entre Rios 1221 ','','',1,1,39),(129,'Entre Rios 1221','','',1,1,39),(130,'Entre Rios 1221','','',1,1,39),(131,'Entre Rios 1221','','',1,1,39),(132,'Entre Rios 1221','','',1,1,39),(133,'Entre Rios 1221','','',1,1,39),(134,'Entre Rios 1221','','',1,1,39),(135,'Entre Rios 1221','','',1,1,39),(136,'Entre Rios 1221','','',1,1,39),(137,'Gaona 4100','','',1,1,19),(138,'Gaona 4100','','',1,1,19),(139,'Gaona 4100','','',1,1,19),(140,'Gaona 4100','','',1,1,19),(141,'Gaona 4100','','',1,1,19),(142,'Gaona 4100','','',1,1,19),(143,'Gaona 4100','','',1,1,19),(144,'Gurruchaga 2434','','',1,1,27),(145,'Gurruchaga 2434','','',1,1,27),(146,'Gurruchaga 2434','','',1,1,27),(147,'Regimiento de Patricios 242','','',1,1,5),(148,'Regimiento de Patricios 242','','',1,1,5),(149,'Regimiento de Patricios 242','','',1,1,5),(150,'Regimiento de Patricios 242','','',1,1,5),(151,'Regimiento de Patricios 242','','',1,1,1),(152,'Regimiento de Patricios 242','','',1,1,5),(153,'Regimiento de Patricios 242','','',1,1,5),(154,'Regimiento de Patricios 242','','',1,1,5),(155,'Regimiento de Patricios 242','','',1,1,5),(156,'Regimiento de Patricios 242','','',1,1,5),(157,'Regimiento de Patricios 242','','',1,1,5),(158,'Regimiento de Patricios 242','','',1,1,5),(159,'San Juan 4283','','',1,1,9),(160,'San Juan 4283','','',1,1,9),(161,'San Juan 4283','','',1,1,9),(162,'San Juan 4283','','',1,1,5),(163,'San Juan 4283','','',1,1,5),(164,'San Juan 4283','','',1,1,5),(165,'Yerbal 2148','','',1,1,18),(166,'Yerbal 2148','','',1,1,18),(167,'Yerbal 2148','','',1,1,18),(168,'Yerbal 2148 ','','',1,1,18),(169,'Yerbal 2148','','',1,1,18),(170,'Yerbal 2148','','',1,1,18),(171,'Yerbal 2148','','',1,1,18),(172,'Yerbal 2148','','',1,1,18),(173,'Castro 1176','','',1,1,9),(174,'Castro 1176','','',1,1,9),(175,'Castro 1176','','',1,1,9),(176,'Castro 1176','','',1,1,9),(177,'Castro 1176','','',1,1,9),(178,'Castro 1176','','',1,1,9),(179,'Castro 1176','','',1,1,9),(180,'Castro 1176','','',1,1,9),(181,'Castro 1176','','',1,1,9),(182,'Castro 1176','','',1,1,9),(183,'Castro 1176','','',1,1,9),(184,'Castro 1176','','',1,1,9),(185,'Castro 1176','','',1,1,9),(186,'Castro 1176','','',1,1,9),(187,'Av Libertador 4700','','',1,1,7),(188,'Pasaje Soria 4900','','',1,1,27),(189,'Peña 2100','','',1,1,36),(190,'Dr. Emilio Ravignani 1600','','',1,1,27),(191,'Dr. emilio ravignani 1600','','',1,1,27),(199,'Teodoro Garcia 1800','','',1,1,7),(200,' Teodoro Garcia 1800','','',1,1,7),(201,'11 De Septiembre 1800','','',1,1,7),(202,'Avenida Cabildo 3600','','',1,1,25),(203,'Av Cabildo 3600','','',1,1,25),(204,'Av las Heras 2100','','',1,1,36),(205,'La Rioja 200','','',1,1,26),(206,'Jorge Luis Borges 2500','','',1,1,27),(207,'Florida 400','','',1,1,12),(208,'Montevideo 900','','',1,1,36),(209,'Montevideo 900','','',1,1,36),(210,'Av Cabildo 3600','','',1,1,25),(211,'Blanco Encalada 2100','','',1,1,7),(212,'Av Cabildo 3600','','',1,1,7),(213,'Teodoro García 1800','','',1,1,7),(214,'Teodoro García 1800','','',1,1,1),(215,'Ohiggins 1500','','',1,1,7),(216,'Av Libertador 8400','','',1,1,25),(217,'Darwin 1400','','',1,1,27),(218,'Florida 400','','',1,1,12),(219,'Riobamba 0','','',1,1,16),(220,'Huergo 300','','',1,1,20),(221,'La Rioja 200','','',1,1,26),(222,'Av Libertador 4400','','',1,1,7),(223,'Av Corrientes 6600','','',1,1,13),(224,'Av Corrientes 6600','','',1,1,13),(225,'11 Septiembre 2600','','',1,1,7),(226,'Rojas 300','','',1,1,10),(227,'9 de julio 61 / 11 A','','',1,1,2),(228,'9 de julio 61','','',1,1,8),(229,'9 de Julio 61','','',1,1,2),(230,'9 de julio 61','','',1,1,1),(231,'Av libertador 5851','','',1,1,7),(233,'Av. Cabildo 2200','','',1,1,7),(234,'Cenillosa 400','','',1,1,10),(235,'senillosa 400','','',1,1,10),(236,'Sucre 800','','',1,1,7),(237,'Sucre 800','','',1,1,7),(238,'La Pampa 1900','','',1,1,7),(239,'Senillosa 400','','',1,1,10),(240,'Charcas 2700','','',1,1,27),(241,'1','','',1,1,1),(242,'La Pampa 1900','','',1,1,7),(243,'Teodoro García 1800','','',1,1,7),(244,'Teodoro García 1800','','',1,1,7),(245,'Teodoro García 1800','','',1,1,7),(246,'1111','','',1,1,1),(247,'Villaflor ','','',1,1,35),(248,'chenaut 1800','','',1,1,7);
/*!40000 ALTER TABLE `core_location` ENABLE KEYS */;
UNLOCK TABLES;

--
-- Table structure for table `core_operation`
--

DROP TABLE IF EXISTS `core_operation`;
/*!40101 SET @saved_cs_client     = @@character_set_client */;
/*!40101 SET character_set_client = utf8 */;
CREATE TABLE `core_operation` (
  `id` int(11) NOT NULL AUTO_INCREMENT,
  `operation` varchar(100) NOT NULL,
  PRIMARY KEY (`id`)
) ENGINE=InnoDB AUTO_INCREMENT=4 DEFAULT CHARSET=latin1;
/*!40101 SET character_set_client = @saved_cs_client */;

--
-- Dumping data for table `core_operation`
--

LOCK TABLES `core_operation` WRITE;
/*!40000 ALTER TABLE `core_operation` DISABLE KEYS */;
INSERT INTO `core_operation` VALUES (1,'Venta'),(2,'Alquiler'),(3,'Emprendimiento');
/*!40000 ALTER TABLE `core_operation` ENABLE KEYS */;
UNLOCK TABLES;

--
-- Table structure for table `core_post`
--

DROP TABLE IF EXISTS `core_post`;
/*!40101 SET @saved_cs_client     = @@character_set_client */;
/*!40101 SET character_set_client = utf8 */;
CREATE TABLE `core_post` (
  `id` int(11) NOT NULL AUTO_INCREMENT,
  `property_id` int(11) NOT NULL,
  `user_id` int(11) NOT NULL,
  `agent_id` int(11) DEFAULT NULL,
  `category_id` int(11) NOT NULL,
  `operation_id` int(11) NOT NULL,
  `price` double NOT NULL,
  `currency_id` int(11) NOT NULL,
  `title` varchar(200) NOT NULL,
  `description` longtext NOT NULL,
  `status` smallint(5) unsigned NOT NULL,
  `featured` tinyint(1) NOT NULL,
  `video_url` varchar(500) DEFAULT NULL,
  `map_image_url` varchar(500) DEFAULT NULL,
  `plane_url` varchar(500) DEFAULT NULL,
  `region_id` int(11) DEFAULT NULL,
  `city_id` int(11) DEFAULT NULL,
  `creation_date` datetime NOT NULL,
  `last_update` datetime NOT NULL,
  `hidden_note` longtext,
  PRIMARY KEY (`id`),
  KEY `core_post_8d69009c` (`property_id`),
  KEY `core_post_6340c63c` (`user_id`),
  KEY `core_post_44625c0c` (`agent_id`),
  KEY `core_post_6f33f001` (`category_id`),
  KEY `core_post_ba874c5c` (`operation_id`),
  KEY `core_post_b2321453` (`currency_id`),
  KEY `core_post_55a4ce96` (`region_id`),
  KEY `core_post_b376980e` (`city_id`),
  CONSTRAINT `agent_id_refs_id_7c48a680` FOREIGN KEY (`agent_id`) REFERENCES `auth_user` (`id`),
  CONSTRAINT `category_id_refs_id_a9827efd` FOREIGN KEY (`category_id`) REFERENCES `core_category` (`id`),
  CONSTRAINT `city_id_refs_id_91d5351f` FOREIGN KEY (`city_id`) REFERENCES `cities_light_city` (`id`),
  CONSTRAINT `currency_id_refs_id_fea7d77c` FOREIGN KEY (`currency_id`) REFERENCES `core_currency` (`id`),
  CONSTRAINT `operation_id_refs_id_adb0cc33` FOREIGN KEY (`operation_id`) REFERENCES `core_operation` (`id`),
  CONSTRAINT `property_id_refs_id_76b8fd6c` FOREIGN KEY (`property_id`) REFERENCES `core_property` (`id`),
  CONSTRAINT `region_id_refs_id_7b7b129f` FOREIGN KEY (`region_id`) REFERENCES `cities_light_region` (`id`),
  CONSTRAINT `user_id_refs_id_7c48a680` FOREIGN KEY (`user_id`) REFERENCES `auth_user` (`id`)
) ENGINE=InnoDB AUTO_INCREMENT=221 DEFAULT CHARSET=latin1;
/*!40101 SET character_set_client = @saved_cs_client */;

--
-- Dumping data for table `core_post`
--

LOCK TABLES `core_post` WRITE;
/*!40000 ALTER TABLE `core_post` DISABLE KEYS */;
INSERT INTO `core_post` VALUES (65,66,9,16,1,1,69000,2,'24 de noviembre 442 1*E - Departamento en Venta','Entrega Inmediata. 38Mts Cubiertos + 16mts de patio. u$s 69.000 (u$s1,227/m2) Condicion de pago: 50% al Boleto, Posesion:40% y Escritura 10% Pisos flotantes en living-comedor y dormitorios. Piso ceramico lourdes en baños y cocina. Griferia FV con cierre ceramico o similar. Artefactos de cocina anafe Longvie, Domec o similar. Artefactos de baño linea Roca o similar. Agua caliente central (2 termotanques Rheem alta recuperacion). ESPACIO GUARDACOCHE. Unidad: 1roE 2do CPO',3,0,'','','',1,4,'2014-04-10 12:18:27','2014-05-14 10:34:38',''),(66,67,9,16,1,1,55000,2,'24 de noviembre 442 4*D - Departamento en Venta','Entrega Inmediata. 27Mts Cubiertos. u$s 55.000 (u$s2,037/m2) Condicion de pago: 50% al Boleto, Posesion:40% y Escritura 10% Pisos flotantes en living-comedor y dormitorios. Piso ceramico lourdes en baños y cocina. Griferia FV con cierre ceramico o similar. Artefactos de cocina anafe Longvie, Domec o similar. Artefactos de baño linea Roca o similar. Agua caliente central (2 termotanques Rheem alta recuperacion). ESPACIO GUARDACOCHE. Unidad: 4roD 1er CPO',3,0,'','','',1,4,'2014-04-10 12:21:19','2014-05-14 10:34:38',''),(67,68,9,16,1,1,95000,2,'24 de noviembre 442 4*F - Departamento en Venta ','Entrega Inmediata. 52Mts totales, u$s 95.000 (u$s1,827/m2) Condicion de pago: 50% al Boleto, Posesion:40% y Escritura 10% Pisos flotantes en living-comedor y dormitorios. Piso ceramico lourdes en baños y cocina. Griferia FV con cierre ceramico o similar. Artefactos de cocina anafe Longvie, Domec o similar. Artefactos de baño linea Roca o similar. Agua caliente central (2 termotanques Rheem alta recuperacion).ESPACIO GUARDACOCHE. Unidad: 4toF Contrafrente',3,0,'','','',1,4,'2014-04-10 12:23:48','2014-05-14 10:34:38',''),(68,69,9,16,1,1,75000,2,'24 de noviembre 442 5*B - Departamento en Venta','Entrega Inmediata. 38Mts Totales. u$s 75.000 (u$s1,974/m2) Condicion de pago: 50% al Boleto, Posesion:40% y Escritura 10% Pisos flotantes en living-comedor y dormitorios. Piso ceramico lourdes en baños y cocina. Griferia FV con cierre ceramico o similar. Artefactos de cocina anafe Longvie, Domec o similar. Artefactos de baño linea Roca o similar. Agua caliente central (2 termotanques Rheem alta recuperacion). ESPACIO GUARDACOCHE. Unidad: 5toB 1er CPO',3,0,'','','',1,4,'2014-04-10 12:25:31','2014-05-14 10:34:38',''),(69,70,9,16,1,1,74000,2,'24 de noviembre 442 5*E - Departamento en Venta','Entrega Inmediata. 38Mts Totales. u$s 74.000 (u$s1,947/m2) Condicion de pago: 50% al Boleto, Posesion:40% y Escritura 10% Pisos flotantes en living-comedor y dormitorios. Piso ceramico lourdes en baños y cocina. Griferia FV con cierre ceramico o similar. Artefactos de cocina anafe Longvie, Domec o similar. Artefactos de baño linea Roca o similar. Agua caliente central (2 termotanques Rheem alta recuperacion). ESPACIO GUARDACOCHE. Unidad: 5toE 2Do CPO',3,0,'','','',1,4,'2014-04-10 12:28:45','2014-05-14 10:34:38',''),(70,71,9,16,1,3,1358120,1,'Castro 928 4*A - Departamento en Pozo','Departamentos de 1 Ambiente con Balcon\r\nCalle residencial, Aire puro, verde y sol. A Mts de Av. San Juan y Boedo\r\nAMENITIES: PIscina - Solarium - SUM - Parrilla - Laundry.\r\nAPTO PROFESIONAL. BAJAS EXPENSAS.\r\nDisponibles Duplex con terraza y parrilla propia.',3,0,'','','',1,9,'2014-04-10 12:36:59','2014-05-14 10:34:38',''),(71,72,9,16,1,3,1397260,1,'Castro 928 4*B - Departamento en Pozo','Departamentos de 1 Ambiente con Balcon\r\nCalle residencial, Aire puro, verde y sol. A Mts de Av. San Juan y Boedo\r\nAMENITIES: PIscina - Solarium - SUM - Parrilla - Laundry.\r\nAPTO PROFESIONAL. BAJAS EXPENSAS.\r\nDisponibles Duplex con terraza y parrilla propia.',3,0,'','','',1,4,'2014-04-10 12:38:29','2014-05-14 10:34:38',''),(72,73,9,16,1,3,1237800,1,'Castro 1176 1*A - Departamento en Pozo','Terrazas de Castro II. Castro y Av. San Juan\r\nEdificio de categoria. 4 Pisos. \r\nDepartamentos de 1 y 2 ambientes Apto Profesional y Estudios.\r\nAMENITIES: Laundry - Solarium - SUM - Parrilla - Jacuzzi\r\nBAJAS EXPENSAS. Consulte financiacion en cuotas y pesos.',3,0,'','','',1,4,'2014-04-10 12:43:01','2014-05-14 10:34:38',''),(73,74,9,16,1,3,810300,1,'Castro 1176 1*B - Departamento en Pozo','Terrazas de Castro II. Castro y Av. San Juan\r\nEdificio de categoria. 4 Pisos. \r\nDepartamentos de 1 y 2 ambientes Apto Profesional y Estudios.\r\nAMENITIES: Laundry - Solarium - SUM - Parrilla - Jacuzzi\r\nBAJAS EXPENSAS. Consulte financiacion en cuotas y pesos.',3,0,'','','',1,4,'2014-04-10 12:45:16','2014-05-14 10:34:38',''),(74,75,9,16,1,3,1170000,1,'Castro 1176 1*C - Departamento en Pozo','Terrazas de Castro II. Castro y Av. San Juan\r\nEdificio de categoria. 4 Pisos. \r\nDepartamentos de 1 y 2 ambientes Apto Profesional y Estudios.\r\nAMENITIES: Laundry - Solarium - SUM - Parrilla - Jacuzzi\r\nBAJAS EXPENSAS. Consulte financiacion en cuotas y pesos.',3,0,'','','',1,4,'2014-04-10 12:47:23','2014-05-14 10:34:38',''),(75,76,9,16,1,3,772200,1,'Castro 1176 1*D - Departamento en Pozo','Terrazas de Castro II. Castro y Av. San Juan\r\nEdificio de categoria. 4 Pisos. \r\nDepartamentos de 1 y 2 ambientes Apto Profesional y Estudios.\r\nAMENITIES: Laundry - Solarium - SUM - Parrilla - Jacuzzi\r\nBAJAS EXPENSAS. Consulte financiacion en cuotas y pesos.',3,0,'','','',1,4,'2014-04-10 12:49:02','2014-05-14 10:34:38',''),(76,77,9,16,1,3,844900,1,'Castro 1176 2*A - Departamento en Pozo','Terrazas de Castro II. Castro y Av. San Juan\r\nEdificio de categoria. 4 Pisos. \r\nDepartamentos de 1 y 2 ambientes Apto Profesional y Estudios.\r\nAMENITIES: Laundry - Solarium - SUM - Parrilla - Jacuzzi\r\nBAJAS EXPENSAS. Consulte financiacion en cuotas y pesos.',3,0,'','','',1,4,'2014-04-10 12:50:02','2014-05-14 10:34:38',''),(77,78,9,16,1,3,820250,1,'Castro 1176 2*B - Departamento en Pozo','Terrazas de Castro II. Castro y Av. San Juan\r\nEdificio de categoria. 4 Pisos. \r\nDepartamentos de 1 y 2 ambientes Apto Profesional y Estudios.\r\nAMENITIES: Laundry - Solarium - SUM - Parrilla - Jacuzzi\r\nBAJAS EXPENSAS. Consulte financiacion en cuotas y pesos.',3,0,'','','',1,4,'2014-04-10 12:51:01','2014-05-14 10:34:38',''),(78,79,9,16,1,3,625400,1,'Castro 1176 2*C - Departamento en Pozo','Terrazas de Castro II. Castro y Av. San Juan\r\nEdificio de categoria. 4 Pisos. \r\nDepartamentos de 1 y 2 ambientes Apto Profesional y Estudios.\r\nAMENITIES: Laundry - Solarium - SUM - Parrilla - Jacuzzi\r\nBAJAS EXPENSAS. Consulte financiacion en cuotas y pesos.',3,0,'','','',1,1,'2014-04-10 12:51:56','2014-05-14 10:34:38',''),(79,80,9,16,1,3,1139950,1,'Castro 1176 2*D - Departamento en Pozo','Terrazas de Castro II. Castro y Av. San Juan\r\nEdificio de categoria. 4 Pisos. \r\nDepartamentos de 1 y 2 ambientes Apto Profesional y Estudios.\r\nAMENITIES: Laundry - Solarium - SUM - Parrilla - Jacuzzi\r\nBAJAS EXPENSAS. Consulte financiacion en cuotas y pesos.',3,0,'','','',1,4,'2014-04-10 12:52:55','2014-05-14 10:34:38',''),(80,81,9,16,1,3,905900,1,'Castro 1176 3*A - Departamento en Pozo','Terrazas de Castro II. Castro y Av. San Juan\r\nEdificio de categoria. 4 Pisos. \r\nDepartamentos de 1 y 2 ambientes Apto Profesional y Estudios.\r\nAMENITIES: Laundry - Solarium - SUM - Parrilla - Jacuzzi\r\nBAJAS EXPENSAS. Consulte financiacion en cuotas y pesos.',3,0,'','','',1,4,'2014-04-10 12:54:13','2014-05-14 10:34:38',''),(81,82,9,16,1,3,670500,1,'Castro 1176 3*C - Departamento en Pozo','Terrazas de Castro II. Castro y Av. San Juan\r\nEdificio de categoria. 4 Pisos. \r\nDepartamentos de 1 y 2 ambientes Apto Profesional y Estudios.\r\nAMENITIES: Laundry - Solarium - SUM - Parrilla - Jacuzzi\r\nBAJAS EXPENSAS. Consulte financiacion en cuotas y pesos.',3,0,'','','',1,4,'2014-04-10 12:55:15','2014-05-14 10:34:38',''),(82,83,9,16,1,3,1161100,1,'Castro 1176 3*D - Departamento en Pozo','Terrazas de Castro II. Castro y Av. San Juan\r\nEdificio de categoria. 4 Pisos. \r\nDepartamentos de 1 y 2 ambientes Apto Profesional y Estudios.\r\nAMENITIES: Laundry - Solarium - SUM - Parrilla - Jacuzzi\r\nBAJAS EXPENSAS. Consulte financiacion en cuotas y pesos.',3,0,'','','',1,4,'2014-04-10 12:56:24','2014-05-14 10:34:38',''),(83,84,9,16,1,3,798300,1,'Castro 1176 3*E - Departamento en Pozo','Terrazas de Castro II. Castro y Av. San Juan\r\nEdificio de categoria. 4 Pisos. \r\nDepartamentos de 1 y 2 ambientes Apto Profesional y Estudios.\r\nAMENITIES: Laundry - Solarium - SUM - Parrilla - Jacuzzi\r\nBAJAS EXPENSAS. Consulte financiacion en cuotas y pesos.',3,0,'','','',1,4,'2014-04-10 12:57:29','2014-05-14 10:34:38',''),(84,85,9,16,1,3,1406500,1,'Castro 1176 4*A - Departamento en Pozo','Terrazas de Castro II. Castro y Av. San Juan\r\nEdificio de categoria. 4 Pisos. \r\nDepartamentos de 1 y 2 ambientes Apto Profesional y Estudios.\r\nAMENITIES: Laundry - Solarium - SUM - Parrilla - Jacuzzi\r\nBAJAS EXPENSAS. Consulte financiacion en cuotas y pesos.',3,0,'','','',1,4,'2014-04-10 12:58:37','2014-05-14 10:34:38',''),(85,86,9,16,1,3,1457900,1,'Castro 1176 4*B - Departamento en Pozo','Terrazas de Castro II. Castro y Av. San Juan\r\nEdificio de categoria. 4 Pisos. \r\nDepartamentos de 1 y 2 ambientes Apto Profesional y Estudios.\r\nAMENITIES: Laundry - Solarium - SUM - Parrilla - Jacuzzi\r\nBAJAS EXPENSAS. Consulte financiacion en cuotas y pesos.',3,0,'','','',1,4,'2014-04-10 12:59:43','2014-05-14 10:34:38',''),(86,87,9,16,1,3,937500,1,'Catamarca 1060 2*D - Departamento en Pozo','DEPARTAMENTOS DE 1 Y 2 AMBIENTES C/Balcon\r\nCocheras Fijas Disponibles. Financiacion en Cuotas y pesos.\r\nEdificio doble frente de categoria. 6 pisos.\r\nAMENITIES: SUM - SOLARIUM - SAUNA - JACUZZI - LAUNDRY.\r\nAPTO PREFESIONAL. BAJAS EXPENSAS.',3,0,'','','',1,39,'2014-04-10 13:10:49','2014-05-14 10:34:38',''),(87,88,9,16,1,3,804500,1,'Catamarca 1060 3*A - Departamento en Pozo','DEPARTAMENTOS DE 1 Y 2 AMBIENTES C/Balcon\r\nCocheras Fijas Disponibles. Financiacion en Cuotas y pesos.\r\nEdificio doble frente de categoria. 6 pisos.\r\nAMENITIES: SUM - SOLARIUM - SAUNA - JACUZZI - LAUNDRY.\r\nAPTO PREFESIONAL. BAJAS EXPENSAS.',3,0,'','','',1,39,'2014-04-10 13:12:02','2014-05-14 10:34:38',''),(88,89,9,16,1,3,986800,1,'Catamarca 1060 3*D - Departamento en Pozo','DEPARTAMENTOS DE 1 Y 2 AMBIENTES C/Balcon\r\nCocheras Fijas Disponibles. Financiacion en Cuotas y pesos.\r\nEdificio doble frente de categoria. 6 pisos.\r\nAMENITIES: SUM - SOLARIUM - SAUNA - JACUZZI - LAUNDRY.\r\nAPTO PREFESIONAL. BAJAS EXPENSAS.',3,0,'','','',1,39,'2014-04-10 13:13:14','2014-05-14 10:34:38',''),(89,90,9,16,1,3,986800,1,'Catamarca 1060 3*E - Departamento en Pozo','DEPARTAMENTOS DE 1 Y 2 AMBIENTES C/Balcon\r\nCocheras Fijas Disponibles. Financiacion en Cuotas y pesos.\r\nEdificio doble frente de categoria. 6 pisos.\r\nAMENITIES: SUM - SOLARIUM - SAUNA - JACUZZI - LAUNDRY.\r\nAPTO PREFESIONAL. BAJAS EXPENSAS.',3,0,'','','',1,39,'2014-04-10 13:14:11','2014-05-14 10:34:38',''),(90,91,9,16,1,3,804500,1,'Catamarca 1060 4*A - Departamento en Pozo','DEPARTAMENTOS DE 1 Y 2 AMBIENTES C/Balcon\r\nCocheras Fijas Disponibles. Financiacion en Cuotas y pesos.\r\nEdificio doble frente de categoria. 6 pisos.\r\nAMENITIES: SUM - SOLARIUM - SAUNA - JACUZZI - LAUNDRY.\r\nAPTO PREFESIONAL. BAJAS EXPENSAS.',3,0,'','','',1,39,'2014-04-10 13:15:32','2014-05-14 10:34:38',''),(91,92,9,16,1,3,833700,1,'Catamarca 1060 5*A - Departamento en Pozo','DEPARTAMENTOS DE 1 Y 2 AMBIENTES C/Balcon\r\nCocheras Fijas Disponibles. Financiacion en Cuotas y pesos.\r\nEdificio doble frente de categoria. 6 pisos.\r\nAMENITIES: SUM - SOLARIUM - SAUNA - JACUZZI - LAUNDRY.\r\nAPTO PREFESIONAL. BAJAS EXPENSAS.',3,0,'','','',1,39,'2014-04-10 13:17:25','2014-05-14 10:34:38',''),(92,93,9,16,1,3,784100,1,'Catamarca 1060 5*B - Departamento en Pozo','DEPARTAMENTOS DE 1 Y 2 AMBIENTES C/Balcon\r\nCocheras Fijas Disponibles. Financiacion en Cuotas y pesos.\r\nEdificio doble frente de categoria. 6 pisos.\r\nAMENITIES: SUM - SOLARIUM - SAUNA - JACUZZI - LAUNDRY.\r\nAPTO PREFESIONAL. BAJAS EXPENSAS.',3,0,'','','',1,39,'2014-04-10 13:19:51','2014-05-14 10:34:38',''),(93,94,9,16,1,3,752300,1,'Catamarca 1060 5*C - Departamento en Pozo','DEPARTAMENTOS DE 1 Y 2 AMBIENTES C/Balcon\r\nCocheras Fijas Disponibles. Financiacion en Cuotas y pesos.\r\nEdificio doble frente de categoria. 6 pisos.\r\nAMENITIES: SUM - SOLARIUM - SAUNA - JACUZZI - LAUNDRY.\r\nAPTO PREFESIONAL. BAJAS EXPENSAS.',3,0,'','','',1,39,'2014-04-10 13:21:13','2014-05-14 10:34:38',''),(94,95,9,16,1,3,1036100,1,'Catamarca 1060 5*D - Departamento en Pozo','DEPARTAMENTOS DE 1 Y 2 AMBIENTES C/Balcon\r\nCocheras Fijas Disponibles. Financiacion en Cuotas y pesos.\r\nEdificio doble frente de categoria. 6 pisos.\r\nAMENITIES: SUM - SOLARIUM - SAUNA - JACUZZI - LAUNDRY.\r\nAPTO PREFESIONAL. BAJAS EXPENSAS.',3,0,'','','',1,39,'2014-04-10 13:22:06','2014-05-14 10:34:38',''),(95,96,9,16,1,3,1036100,1,'Catamarca 1060 5*E - Departamento en Pozo','DEPARTAMENTOS DE 1 Y 2 AMBIENTES C/Balcon\r\nCocheras Fijas Disponibles. Financiacion en Cuotas y pesos.\r\nEdificio doble frente de categoria. 6 pisos.\r\nAMENITIES: SUM - SOLARIUM - SAUNA - JACUZZI - LAUNDRY.\r\nAPTO PREFESIONAL. BAJAS EXPENSAS.',3,0,'','','',1,39,'2014-04-10 13:23:21','2014-05-14 10:34:38',''),(96,97,9,16,1,3,853700,1,'Catamarca 1060 6*A - Departamento en Pozo','DEPARTAMENTOS DE 1 Y 2 AMBIENTES C/Balcon\r\nCocheras Fijas Disponibles. Financiacion en Cuotas y pesos.\r\nEdificio doble frente de categoria. 6 pisos.\r\nAMENITIES: SUM - SOLARIUM - SAUNA - JACUZZI - LAUNDRY.\r\nAPTO PREFESIONAL. BAJAS EXPENSAS.',3,0,'','','',1,39,'2014-04-10 13:24:17','2014-05-14 10:34:38',''),(97,98,9,16,1,3,821400,1,'Catamarca 1060 6*B - Departamento en Pozo','DEPARTAMENTOS DE 1 Y 2 AMBIENTES C/Balcon\r\nCocheras Fijas Disponibles. Financiacion en Cuotas y pesos.\r\nEdificio doble frente de categoria. 6 pisos.\r\nAMENITIES: SUM - SOLARIUM - SAUNA - JACUZZI - LAUNDRY.\r\nAPTO PREFESIONAL. BAJAS EXPENSAS.',3,0,'','','',1,39,'2014-04-10 13:25:13','2014-05-14 10:34:38',''),(99,100,9,16,1,3,788200,1,'Catamarca 1060 6*C - Departamento en Pozo','DEPARTAMENTOS DE 1 Y 2 AMBIENTES C/Balcon\r\nCocheras Fijas Disponibles. Financiacion en Cuotas y pesos.\r\nEdificio doble frente de categoria. 6 pisos.\r\nAMENITIES: SUM - SOLARIUM - SAUNA - JACUZZI - LAUNDRY.\r\nAPTO PREFESIONAL. BAJAS EXPENSAS.',3,0,'','','',1,39,'2014-04-10 13:34:51','2014-05-14 10:34:38',''),(100,101,9,16,1,3,1085500,1,'Catamarca 1060 6*D - Departamento en Pozo','DEPARTAMENTOS DE 1 Y 2 AMBIENTES C/Balcon\r\nCocheras Fijas Disponibles. Financiacion en Cuotas y pesos.\r\nEdificio doble frente de categoria. 6 pisos.\r\nAMENITIES: SUM - SOLARIUM - SAUNA - JACUZZI - LAUNDRY.\r\nAPTO PREFESIONAL. BAJAS EXPENSAS.',3,0,'','','',1,39,'2014-04-10 13:35:48','2014-05-14 10:34:38',''),(101,102,9,16,1,3,1085500,1,'Catamarca 1060 6*E - Departamento en Pozo','DEPARTAMENTOS DE 1 Y 2 AMBIENTES C/Balcon\r\nCocheras Fijas Disponibles. Financiacion en Cuotas y pesos.\r\nEdificio doble frente de categoria. 6 pisos.\r\nAMENITIES: SUM - SOLARIUM - SAUNA - JACUZZI - LAUNDRY.\r\nAPTO PREFESIONAL. BAJAS EXPENSAS.',3,0,'','','',1,39,'2014-04-10 13:36:39','2014-05-14 10:34:38',''),(102,103,9,16,1,3,65000,2,'Colombres 929 2*B - Departamento en Pozo','Colombres y Av. San Juan (Boedo)\r\nDepartamentos de 1 y 2 Ambientes c/Balcon \r\nEdificio de 7 pisos, 3 Deptos por piso.\r\nAMENITIES: SOLARIUM Y SUM.\r\nApto profesional y studios. \r\nConsulte formas de pago en cuotas y pesos.',3,0,'','','',1,39,'2014-04-10 13:40:44','2014-05-14 10:34:38',''),(103,104,9,16,1,3,70000,2,'Colombres 929 6*B - Departamento en Pozo','Colombres y Av. San Juan (Boedo)\r\nDepartamentos de 1 y 2 Ambientes c/Balcon \r\nEdificio de 7 pisos, 3 Deptos por piso.\r\nAMENITIES: SOLARIUM Y SUM.\r\nApto profesional y studios. \r\nConsulte formas de pago en cuotas y pesos.',3,0,'','','',1,39,'2014-04-10 13:44:36','2014-05-14 10:34:38',''),(104,105,9,16,1,3,98700,2,'Colombres 929 7*A - Departamento en Pozo','Colombres y Av. San Juan (Boedo)\r\nDepartamentos de 1 y 2 Ambientes c/Balcon \r\nEdificio de 7 pisos, 3 Deptos por piso.\r\nAMENITIES: SOLARIUM Y SUM.\r\nApto profesional y studios. \r\nConsulte formas de pago en cuotas y pesos.',3,0,'','','',1,39,'2014-04-10 13:45:48','2014-05-14 10:34:38',''),(105,106,9,16,1,3,121800,2,'Colombres 929 7*B - Departamento en Pozo','Colombres y Av. San Juan (Boedo)\r\nDepartamentos de 1 y 2 Ambientes c/Balcon \r\nEdificio de 7 pisos, 3 Deptos por piso.\r\nAMENITIES: SOLARIUM Y SUM.\r\nApto profesional y studios. \r\nConsulte formas de pago en cuotas y pesos.',3,0,'','','',1,39,'2014-04-10 13:47:03','2014-05-14 10:34:38',''),(106,107,9,16,1,3,721768,1,'Entre Rios 1221 8*A - Departamento en Pozo','Unidades de 1 y 2 Ambientes.\r\nEdificio de categoria. 12 pisos\r\nAMENITIES: SUM - SOLARIUM - PARRILLA - LAUNDRY\r\nAPTO PROFESIONAL. BAJAS EXPENSAS.\r\nCONSULTAR FORMAS DE PAGO Y FINANCIACION.',3,0,'','','',1,39,'2014-04-10 14:14:49','2014-05-14 10:34:38',''),(107,108,9,16,1,3,719616,1,'Entre Rios 1221 8*B - Departamento en Pozo','Unidades de 1 y 2 Ambientes.\r\nEdificio de categoria. 12 pisos\r\nAMENITIES: SUM - SOLARIUM - PARRILLA - LAUNDRY\r\nAPTO PROFESIONAL. BAJAS EXPENSAS.\r\nCONSULTAR FORMAS DE PAGO Y FINANCIACION.',3,0,'','','',1,39,'2014-04-10 14:16:15','2014-05-14 10:34:38',''),(108,109,9,16,1,3,687398,1,'Entre Rios 1221 8*D - Departamento en Pozo','Unidades de 1 y 2 Ambientes.\r\nEdificio de categoria. 12 pisos\r\nAMENITIES: SUM - SOLARIUM - PARRILLA - LAUNDRY\r\nAPTO PROFESIONAL. BAJAS EXPENSAS.\r\nCONSULTAR FORMAS DE PAGO Y FINANCIACION.',3,0,'','','',1,39,'2014-04-10 14:16:56','2014-05-14 10:34:38',''),(109,110,9,16,1,3,744560,1,'Entre Rios 1221 9*A - Departamento en Pozo','Unidades de 1 y 2 Ambientes.\r\nEdificio de categoria. 12 pisos\r\nAMENITIES: SUM - SOLARIUM - PARRILLA - LAUNDRY\r\nAPTO PROFESIONAL. BAJAS EXPENSAS.\r\nCONSULTAR FORMAS DE PAGO Y FINANCIACION.',3,0,'','','',1,39,'2014-04-10 14:17:59','2014-05-14 10:34:38',''),(110,111,9,16,1,3,742341,1,'Entre Rios 1221 9*B - Departamento en Pozo','Unidades de 1 y 2 Ambientes.\r\nEdificio de categoria. 12 pisos\r\nAMENITIES: SUM - SOLARIUM - PARRILLA - LAUNDRY\r\nAPTO PROFESIONAL. BAJAS EXPENSAS.\r\nCONSULTAR FORMAS DE PAGO Y FINANCIACION.',3,0,'','','',1,39,'2014-04-10 14:19:28','2014-05-14 10:31:14',''),(111,112,9,16,1,3,706992,1,'Entre Rios 1221 9*C - Departamento en Pozo','Unidades de 1 y 2 Ambientes.\r\nEdificio de categoria. 12 pisos\r\nAMENITIES: SUM - SOLARIUM - PARRILLA - LAUNDRY\r\nAPTO PROFESIONAL. BAJAS EXPENSAS.\r\nCONSULTAR FORMAS DE PAGO Y FINANCIACION.',3,0,'','','',1,39,'2014-04-10 14:21:01','2014-05-14 10:31:14',''),(112,113,9,16,1,3,709105,1,'Entre Rios 1221 9*D - Departamento en Pozo','Unidades de 1 y 2 Ambientes.\r\nEdificio de categoria. 12 pisos\r\nAMENITIES: SUM - SOLARIUM - PARRILLA - LAUNDRY\r\nAPTO PROFESIONAL. BAJAS EXPENSAS.\r\nCONSULTAR FORMAS DE PAGO Y FINANCIACION.',3,0,'','','',1,39,'2014-04-10 14:22:05','2014-05-14 10:31:14',''),(113,114,9,16,1,3,774951,1,'Entre Rios 1221 10*A - Departamento en Pozo','Unidades de 1 y 2 Ambientes.\r\nEdificio de categoria. 12 pisos\r\nAMENITIES: SUM - SOLARIUM - PARRILLA - LAUNDRY\r\nAPTO PROFESIONAL. BAJAS EXPENSAS.\r\nCONSULTAR FORMAS DE PAGO Y FINANCIACION.',3,0,'','','',1,39,'2014-04-10 14:27:45','2014-05-14 10:31:14',''),(114,115,9,16,1,3,772641,1,'Entre Rios 1221 10*B - Departamento en Pozo','Unidades de 1 y 2 Ambientes.\r\nEdificio de categoria. 12 pisos\r\nAMENITIES: SUM - SOLARIUM - PARRILLA - LAUNDRY\r\nAPTO PROFESIONAL. BAJAS EXPENSAS.\r\nCONSULTAR FORMAS DE PAGO Y FINANCIACION.',3,0,'','','',1,39,'2014-04-10 14:30:04','2014-05-14 10:31:14',''),(115,116,9,16,1,3,735848,1,'Entre Rios 1221 10*C - Departamento en Pozo','Unidades de 1 y 2 Ambientes.\r\nEdificio de categoria. 12 pisos\r\nAMENITIES: SUM - SOLARIUM - PARRILLA - LAUNDRY\r\nAPTO PROFESIONAL. BAJAS EXPENSAS.\r\nCONSULTAR FORMAS DE PAGO Y FINANCIACION.',3,0,'','','',1,39,'2014-04-10 14:30:55','2014-05-14 10:31:14',''),(116,117,9,16,1,3,738048,1,'Entre Rios 1221 10*D - Departamento en Pozo','Unidades de 1 y 2 Ambientes.\r\nEdificio de categoria. 12 pisos\r\nAMENITIES: SUM - SOLARIUM - PARRILLA - LAUNDRY\r\nAPTO PROFESIONAL. BAJAS EXPENSAS.\r\nCONSULTAR FORMAS DE PAGO Y FINANCIACION.',3,0,'','','',1,39,'2014-04-10 14:31:54','2014-05-14 10:31:14',''),(117,118,9,16,1,3,1127517,1,'Entre Rios 1221 11*A - Departamento en Pozo','Unidades de 1 y 2 Ambientes.\r\nEdificio de categoria. 12 pisos\r\nAMENITIES: SUM - SOLARIUM - PARRILLA - LAUNDRY\r\nAPTO PROFESIONAL. BAJAS EXPENSAS.\r\nCONSULTAR FORMAS DE PAGO Y FINANCIACION.',3,0,'','','',1,39,'2014-04-10 14:32:46','2014-05-14 10:31:14',''),(118,119,9,16,1,3,759756,1,'Entre Rios 1221 11*D - Departamento en Pozo','Unidades de 1 y 2 Ambientes.\r\nEdificio de categoria. 12 pisos\r\nAMENITIES: SUM - SOLARIUM - PARRILLA - LAUNDRY\r\nAPTO PROFESIONAL. BAJAS EXPENSAS.\r\nCONSULTAR FORMAS DE PAGO Y FINANCIACION.',3,0,'','','',1,39,'2014-04-10 14:33:43','2014-05-14 10:31:14',''),(119,120,9,16,1,3,757491,1,'Entre Rios 1221 11*C - Departamento en Pozo','Unidades de 1 y 2 Ambientes.\r\nEdificio de categoria. 12 pisos\r\nAMENITIES: SUM - SOLARIUM - PARRILLA - LAUNDRY\r\nAPTO PROFESIONAL. BAJAS EXPENSAS.\r\nCONSULTAR FORMAS DE PAGO Y FINANCIACION.',3,0,'','','',1,39,'2014-04-10 14:34:35','2014-05-14 10:31:14',''),(120,121,9,16,1,3,1351779,1,'Gaona 4100 1*A - Departamento en Pozo','Edificio Planta y 4 Pisos.\r\n1 depto de 3 amb y 1 depto de 2 amb por piso.\r\nAscensor automatico\r\nViviendas apto profesional.\r\nMuy bajas expensas.\r\nForma de pago: boleto 40% y saldo en 36 cuotas ajustadas p/CAC.',3,0,'','','',1,19,'2014-04-10 14:42:05','2014-05-14 10:31:14',''),(121,122,9,16,1,3,1379150,1,'Gaona 4100 1*B - Departamento en Pozo','Edificio Planta y 4 Pisos.\r\n1 depto de 3 amb y 1 depto de 2 amb por piso.\r\nAscensor automatico\r\nViviendas apto profesional.\r\nMuy bajas expensas.\r\nForma de pago: boleto 40% y saldo en 36 cuotas ajustadas p/CAC.',3,0,'','','',1,19,'2014-04-10 14:46:25','2014-05-14 10:31:14',''),(122,123,9,16,1,3,1351779,1,'Gaona 4100 2*A - Departamento en Pozo','.',3,0,'','','',1,19,'2014-04-10 14:48:27','2014-05-14 10:31:14',NULL),(123,124,9,16,1,3,1040307,1,'Gaona 4100 2*B - Departamento en Pozo','Edificio Planta y 4 Pisos.\r\n1 depto de 3 amb y 1 depto de 2 amb por piso.\r\nAscensor automatico\r\nViviendas apto profesional.\r\nMuy bajas expensas.\r\nForma de pago: boleto 40% y saldo en 36 cuotas ajustadas p/CAC.',3,0,'','','',1,19,'2014-04-10 14:49:22','2014-05-14 10:31:14',''),(124,125,9,16,1,3,1198940,1,'Gaona 4100 3*A - Departamento en Pozo','Edificio Planta y 4 Pisos.\r\n1 depto de 3 amb y 1 depto de 2 amb por piso.\r\nAscensor automatico\r\nViviendas apto profesional.\r\nMuy bajas expensas.\r\nForma de pago: boleto 40% y saldo en 36 cuotas ajustadas p/CAC.',3,0,'','','',1,19,'2014-04-10 14:50:46','2014-05-14 10:31:14',''),(125,126,9,16,1,3,1040307,1,'Gaona 4100 3*B - Departamento en Pozo','Edificio Planta y 4 Pisos.\r\n1 depto de 3 amb y 1 depto de 2 amb por piso.\r\nAscensor automatico\r\nViviendas apto profesional.\r\nMuy bajas expensas.\r\nForma de pago: boleto 40% y saldo en 36 cuotas ajustadas p/CAC.',3,0,'','','',1,19,'2014-04-10 14:51:40','2014-05-14 10:31:14',''),(126,127,9,16,1,3,1854251,1,'Gaona 4100 4*A - Departamento en Pozo','Edificio Planta y 4 Pisos.\r\n1 depto de 3 amb y 1 depto de 2 amb por piso.\r\nAscensor automatico\r\nViviendas apto profesional.\r\nMuy bajas expensas.\r\nForma de pago: boleto 40% y saldo en 36 cuotas ajustadas p/CAC.',3,0,'','','',1,19,'2014-04-10 14:52:39','2014-05-14 10:31:14',''),(127,128,9,16,10,3,979302,1,'Gurruchaga 2434 1*C - Oficina en Pozo','Departamentos de 1 y 2 ambientes Apto Profesional.\r\nEdificio de categoria. \r\nAmenities: SUM - Solarium - Laundry - Yacuzzi\r\nConsultar condiciones de pago. Pago en cuotas en pesos.',3,0,'','','',1,27,'2014-04-10 14:58:19','2014-05-14 14:30:44','Maxplen\r\nJose Maciel\r\n15 6548-4949'),(128,129,9,16,1,3,1788416,1,'Gurruchaga 2434 3*A - Departamento en Pozo','Departamentos de 1 y 2 ambientes Apto Profesional.\r\nEdificio de categoria. \r\nAmenities: SUM - Solarium - Laundry - Yacuzzi\r\nConsultar condiciones de pago. Pago en cuotas en pesos.',3,0,'','','',1,27,'2014-04-10 15:00:27','2014-05-14 14:30:30','Maxplen\r\nJose Maciel\r\n15 6548-4949'),(129,130,9,16,10,3,1013010,1,'Gurruchaga 2434 5*C - Oficina en Pozo','Departamentos de 1 y 2 ambientes Apto Profesional.\r\nEdificio de categoria. \r\nAmenities: SUM - Solarium - Laundry - Yacuzzi\r\nConsultar condiciones de pago. Pago en cuotas en pesos.',3,0,'','','',1,27,'2014-04-10 15:01:25','2014-05-14 14:30:21','Maxplen\r\nJose Maciel\r\n15 6548-4949'),(130,131,9,16,1,3,908150,1,'Regimiento de Patricios 242 1*D/E/H - Departamento en Pozo','Unidades de 1 y 2 ambientes c/ Balcon\r\nEdificio de 15 pisos. 3 ascensores.\r\nAMENITIES: PISCINA - SOLARIUM - SUM -VISTA PANORAMICA Y RIO.\r\nAmbientes externos. Materiales de 1ra calidad\r\nAPTO PROFESIONAL - BAJAS EXPENSAS\r\nBauleras disponibles. ',3,0,'','','',1,5,'2014-04-10 16:23:27','2014-05-14 10:31:14',''),(131,132,9,16,1,3,1078880,1,'Regimiento de Patricios 242 1*F/G - Departamento en Pozo','Unidades de 1 y 2 ambientes c/ Balcon\r\nEdificio de 15 pisos. 3 ascensores.\r\nAMENITIES: PISCINA - SOLARIUM - SUM -VISTA PANORAMICA Y RIO.\r\nAmbientes externos. Materiales de 1ra calidad\r\nAPTO PROFESIONAL - BAJAS EXPENSAS\r\nBauleras disponibles. ',3,0,'','','',1,5,'2014-04-10 16:25:42','2014-05-14 10:31:14',''),(132,133,9,16,1,3,915415,1,'Regimiento de Patricios 242 2*E/H - Departamento en Pozo','Unidades de 1 y 2 ambientes c/ Balcon\r\nEdificio de 15 pisos. 3 ascensores.\r\nAMENITIES: PISCINA - SOLARIUM - SUM -VISTA PANORAMICA Y RIO.\r\nAmbientes externos. Materiales de 1ra calidad\r\nAPTO PROFESIONAL - BAJAS EXPENSAS\r\nBauleras disponibles. ',3,0,'','','',1,5,'2014-04-10 16:27:29','2014-05-14 10:31:14',''),(133,134,9,16,1,3,922680,1,'Regimiento de Patricios 242 3*E/H - Departamento en Pozo','Unidades de 1 y 2 ambientes c/ Balcon\r\nEdificio de 15 pisos. 3 ascensores.\r\nAMENITIES: PISCINA - SOLARIUM - SUM -VISTA PANORAMICA Y RIO.\r\nAmbientes externos. Materiales de 1ra calidad\r\nAPTO PROFESIONAL - BAJAS EXPENSAS\r\nBauleras disponibles. ',3,0,'','','',1,5,'2014-04-10 16:28:20','2014-05-14 10:31:14',''),(134,135,9,16,1,3,929945,1,'Regimiento de Patricios 242 4*E/H - Departamento en Pozo','Unidades de 1 y 2 ambientes c/ Balcon\r\nEdificio de 15 pisos. 3 ascensores.\r\nAMENITIES: PISCINA - SOLARIUM - SUM -VISTA PANORAMICA Y RIO.\r\nAmbientes externos. Materiales de 1ra calidad\r\nAPTO PROFESIONAL - BAJAS EXPENSAS\r\nBauleras disponibles. ',3,0,'','','',1,5,'2014-04-10 16:29:13','2014-05-14 10:31:14',''),(135,136,9,16,1,3,937211,1,'Regimiento de Patricios 242 5*H - Departamento en Pozo','Unidades de 1 y 2 ambientes c/ Balcon\r\nEdificio de 15 pisos. 3 ascensores.\r\nAMENITIES: PISCINA - SOLARIUM - SUM -VISTA PANORAMICA Y RIO.\r\nAmbientes externos. Materiales de 1ra calidad\r\nAPTO PROFESIONAL - BAJAS EXPENSAS\r\nBauleras disponibles. ',3,0,'','','',1,5,'2014-04-10 16:30:07','2014-05-14 10:31:14',''),(136,137,9,16,1,3,944476,1,'Regimiento de Patricios 242 6*A/D - Departamento en Pozo','Unidades de 1 y 2 ambientes c/ Balcon\r\nEdificio de 15 pisos. 3 ascensores.\r\nAMENITIES: PISCINA - SOLARIUM - SUM -VISTA PANORAMICA Y RIO.\r\nAmbientes externos. Materiales de 1ra calidad\r\nAPTO PROFESIONAL - BAJAS EXPENSAS\r\nBauleras disponibles. ',3,0,'','','',1,5,'2014-04-10 16:31:10','2014-05-14 10:31:14',''),(137,138,9,16,1,3,951741,1,'Regimiento de Patricios 242 7*D/E/H - Departamento en Pozo','Unidades de 1 y 2 ambientes c/ Balcon\r\nEdificio de 15 pisos. 3 ascensores.\r\nAMENITIES: PISCINA - SOLARIUM - SUM -VISTA PANORAMICA Y RIO.\r\nAmbientes externos. Materiales de 1ra calidad\r\nAPTO PROFESIONAL - BAJAS EXPENSAS\r\nBauleras disponibles. ',3,0,'','','',1,5,'2014-04-10 16:33:31','2014-05-14 10:31:14',''),(138,139,9,16,1,3,1038924,1,'Regimiento de Patricios 242 9*A/D/E/H - Departamento en Pozo','Unidades de 1 y 2 ambientes c/ Balcon\r\nEdificio de 15 pisos. 3 ascensores.\r\nAMENITIES: PISCINA - SOLARIUM - SUM -VISTA PANORAMICA Y RIO.\r\nAmbientes externos. Materiales de 1ra calidad\r\nAPTO PROFESIONAL - BAJAS EXPENSAS\r\nBauleras disponibles. ',3,0,'','','',1,5,'2014-04-10 16:35:19','2014-05-14 10:31:14',''),(139,140,9,16,1,3,1045650,1,'Regimiento de Patricios 242 10*A/D/E/H - Departamento en Pozo','Unidades de 1 y 2 ambientes c/ Balcon\r\nEdificio de 15 pisos. 3 ascensores.\r\nAMENITIES: PISCINA - SOLARIUM - SUM -VISTA PANORAMICA Y RIO.\r\nAmbientes externos. Materiales de 1ra calidad\r\nAPTO PROFESIONAL - BAJAS EXPENSAS\r\nBauleras disponibles. ',3,0,'','','',1,5,'2014-04-10 16:37:14','2014-05-14 10:31:14',''),(140,141,9,16,1,3,1182775,1,'Regimiento de Patricios 242 14*B/C - Departamento en Pozo','Unidades de 1 y 2 ambientes c/ Balcon\r\nEdificio de 15 pisos. 3 ascensores.\r\nAMENITIES: PISCINA - SOLARIUM - SUM -VISTA PANORAMICA Y RIO.\r\nAmbientes externos. Materiales de 1ra calidad\r\nAPTO PROFESIONAL - BAJAS EXPENSAS\r\nBauleras disponibles. ',3,0,'','','',1,5,'2014-04-10 16:39:00','2014-05-14 14:31:33','Maxplen\r\nJose Maciel\r\n15 6548-4949'),(141,142,9,16,1,3,1075249,1,'Regimiento de Patricios 242 14*A/D/E/H - Departamento en Pozo','Unidades de 1 y 2 ambientes c/ Balcon Edificio de 15 pisos. 3 ascensores. AMENITIES: PISCINA - SOLARIUM - SUM -VISTA PANORAMICA Y RIO. Ambientes externos. Materiales de 1ra calidad APTO PROFESIONAL - BAJAS EXPENSAS Bauleras disponibles',3,0,'','','',1,5,'2014-04-10 16:40:00','2014-05-14 14:31:16','Maxplen\r\nJose Maciel\r\n15 6548-4949'),(142,143,9,16,1,3,1461500,1,'San Juan 4283 1*C - Departamento en Pozo','Av. San Juan e/Muñiz y Marmol\r\nDepartamentos de 1, 2 y 3 ambientes c/Balcon.\r\nEdificio de categoria. 3 Departamentos p/piso.\r\nAMENITIES: lAUDRY - Solarium - SUM - Sauna - Jacuzzi.\r\nAPTO PROFESIONAL. BAJAS EXPENSAS\r\n',3,0,'','','',1,9,'2014-04-10 16:42:47','2014-05-14 14:30:08','Maxplen\r\nJose Maciel\r\n15 6548-4949'),(143,144,9,16,1,3,1242000,1,'San Juan 4283 3*C - Departamento en Pozo','Av. San Juan e/Muñiz y Marmol\r\nDepartamentos de 1, 2 y 3 ambientes c/Balcon.\r\nEdificio de categoria. 3 Departamentos p/piso.\r\nAMENITIES: lAUDRY - Solarium - SUM - Sauna - Jacuzzi.\r\nAPTO PROFESIONAL. BAJAS EXPENSAS\r\n',3,0,'','','',1,9,'2014-04-10 16:43:40','2014-05-14 14:29:57','Maxplen\r\nJose Maciel\r\n15 6548-4949'),(144,145,9,16,1,3,1295980,1,'San Juan 4283 4*C - Departamento en Pozo','Av. San Juan e/Muñiz y Marmol\r\nDepartamentos de 1, 2 y 3 ambientes c/Balcon.\r\nEdificio de categoria. 3 Departamentos p/piso.\r\nAMENITIES: lAUDRY - Solarium - SUM - Sauna - Jacuzzi.\r\nAPTO PROFESIONAL. BAJAS EXPENSAS\r\n',3,0,'','','',1,9,'2014-04-10 16:47:30','2014-05-14 14:29:45','Maxplen\r\nJose Maciel\r\n15 6548-4949'),(145,146,9,16,1,3,905400,1,'San Juan 4283 4*B - Departamento en Pozo','Av. San Juan e/Muñiz y Marmol\r\nDepartamentos de 1, 2 y 3 ambientes c/Balcon.\r\nEdificio de categoria. 3 Departamentos p/piso.\r\nAMENITIES: lAUDRY - Solarium - SUM - Sauna - Jacuzzi.\r\nAPTO PROFESIONAL. BAJAS EXPENSAS\r\n',3,0,'','','',1,5,'2014-04-10 16:52:32','2014-05-14 14:29:34','Maxplen\r\nJose Maciel\r\n15 6548-4949'),(146,147,9,16,1,3,900900,1,'San Juan 4283 7*B - Departamento en Pozo','Av. San Juan e/Muñiz y Marmol\r\nDepartamentos de 1, 2 y 3 ambientes c/Balcon.\r\nEdificio de categoria. 3 Departamentos p/piso.\r\nAMENITIES: lAUDRY - Solarium - SUM - Sauna - Jacuzzi.\r\nAPTO PROFESIONAL. BAJAS EXPENSAS\r\n',3,0,'','','',1,5,'2014-04-10 16:53:50','2014-05-14 14:29:22','Maxplen\r\nJose Maciel\r\n15 6548-4949'),(147,148,9,16,1,3,2219900,1,'San Juan 4283 9*A - Departamento en Pozo','Av. San Juan e/Muñiz y Marmol\r\nDepartamentos de 1, 2 y 3 ambientes c/Balcon.\r\nEdificio de categoria. 3 Departamentos p/piso.\r\nAMENITIES: lAUDRY - Solarium - SUM - Sauna - Jacuzzi.\r\nAPTO PROFESIONAL. BAJAS EXPENSAS\r\n',3,0,'','','',1,5,'2014-04-10 16:54:46','2014-05-14 14:28:32','Maxplen\r\nJose Maciel\r\n15 6548-4949'),(148,149,9,16,1,3,1120500,1,'Yerbal 2148 2*A - Departamento en Pozo','Yerbal E/Gavilan y Granaderos\r\nUnidades de 1 2 y 3 ambientes. Pago en Cuotas y pesos. Venta directa de constructora.\r\nEdificio de 8 Pisos. 3 Departamentos por piso. \r\nAMENITIES: Laudry - Solarium - SUM - Jacuzzi.\r\nAPTO PROFESIONAL. BAJAS EXPENSAS',3,0,'','','',1,18,'2014-04-10 16:59:28','2014-05-14 14:27:43','Maxplen\r\nJose Maciel\r\n15 6548-4949'),(149,150,9,16,1,3,1167150,1,'Yerbal 2148 3*A - Departamento en Pozo','Yerbal E/Gavilan y Granaderos\r\nUnidades de 1 2 y 3 ambientes. Pago en Cuotas y pesos. Venta directa de constructora.\r\nEdificio de 8 Pisos. 3 Departamentos por piso. \r\nAMENITIES: Laudry - Solarium - SUM - Jacuzzi.\r\nAPTO PROFESIONAL. BAJAS EXPENSAS',3,0,'','','',1,18,'2014-04-10 17:00:28','2014-05-14 14:27:33','Maxplen\r\nJose Maciel\r\n15 6548-4949'),(150,151,9,16,1,3,817000,1,'Yerbal 2148 5*B - Departamento en Pozo','Yerbal E/Gavilan y Granaderos\r\nUnidades de 1 2 y 3 ambientes. Pago en Cuotas y pesos. Venta directa de constructora.\r\nEdificio de 8 Pisos. 3 Departamentos por piso. \r\nAMENITIES: Laudry - Solarium - SUM - Jacuzzi.\r\nAPTO PROFESIONAL. BAJAS EXPENSAS',3,0,'','','',1,18,'2014-04-10 17:01:41','2014-05-14 14:27:21','Maxplen\r\nJose Maciel\r\n15 6548-4949'),(151,152,9,16,1,3,852000,1,'Yerbal 2148 6*B/C - Departamento en Pozo','Yerbal E/Gavilan y Granaderos\r\nUnidades de 1 2 y 3 ambientes. Pago en Cuotas y pesos. Venta directa de constructora.\r\nEdificio de 8 Pisos. 3 Departamentos por piso. \r\nAMENITIES: Laudry - Solarium - SUM - Jacuzzi.\r\nAPTO PROFESIONAL. BAJAS EXPENSAS',3,0,'','','',1,18,'2014-04-10 17:03:13','2014-05-14 14:27:58','Maxplen\r\nJose Maciel\r\n15 6548-4949'),(152,153,9,16,1,3,1283900,1,'Yerbal 2148 7*A - Departamento en Pozo','Yerbal E/Gavilan y Granaderos\r\nUnidades de 1 2 y 3 ambientes. Pago en Cuotas y pesos. Venta directa de constructora.\r\nEdificio de 8 Pisos. 3 Departamentos por piso. \r\nAMENITIES: Laudry - Solarium - SUM - Jacuzzi.\r\nAPTO PROFESIONAL. BAJAS EXPENSAS',3,0,'','','',1,18,'2014-04-10 17:04:13','2014-05-14 14:28:11','Maxplen\r\nJose Maciel\r\n15 6548-4949'),(153,154,9,16,1,3,879300,1,'Yerbal 2148 7*B/C - Departamento en Pozo','Yerbal E/Gavilan y Granaderos\r\nUnidades de 1 2 y 3 ambientes. Pago en Cuotas y pesos. Venta directa de constructora.\r\nEdificio de 8 Pisos. 3 Departamentos por piso. \r\nAMENITIES: Laudry - Solarium - SUM - Jacuzzi.\r\nAPTO PROFESIONAL. BAJAS EXPENSAS',3,0,'','','',1,18,'2014-04-10 17:05:29','2014-05-14 14:27:08','Maxplen\r\nJose Maciel\r\n15 6548-4949'),(154,155,9,16,1,3,1453500,1,'Yerbal 2148 8*A - Departamento en Pozo','Yerbal E/Gavilan y Granaderos\r\nUnidades de 1 2 y 3 ambientes. Pago en Cuotas y pesos. Venta directa de constructora.\r\nEdificio de 8 Pisos. 3 Departamentos por piso. \r\nAMENITIES: Laudry - Solarium - SUM - Jacuzzi.\r\nAPTO PROFESIONAL. BAJAS EXPENSAS',3,0,'','','',1,18,'2014-04-10 17:06:16','2014-05-14 14:28:23','Maxplen\r\nJose Maciel\r\n15 6548-4949'),(155,156,9,16,1,3,1523700,1,'Yerbal 2148 8*B - Departamento en Pozo','Yerbal E/Gavilan y Granaderos\r\nUnidades de 1 2 y 3 ambientes. Pago en Cuotas y pesos. Venta directa de constructora.\r\nEdificio de 8 Pisos. 3 Departamentos por piso. \r\nAMENITIES: Laudry - Solarium - SUM - Jacuzzi.\r\nAPTO PROFESIONAL. BAJAS EXPENSAS',3,0,'','','',1,18,'2014-04-10 17:07:02','2014-05-14 14:26:46','Maxplen\r\nJose Maciel\r\n15 6548-4949'),(156,157,9,16,1,3,1237800,1,'Castro 1176 1*A - Departamento en Pozo','.',3,0,'','','',1,9,'2014-04-10 17:54:27','2014-05-14 14:23:09','Maxplen\r\nJose Maciel\r\n15 6548-4949'),(157,158,9,16,1,3,810300,1,'Castro 1176 1*B - Departamento en Pozo','.',3,0,'','','',1,9,'2014-04-10 17:55:15','2014-05-14 14:23:20','Maxplen\r\nJose Maciel\r\n15 6548-4949'),(158,159,9,16,1,3,1170000,1,'Castro 1176 1*C - Departamento en Pozo','Terrazas de Castro II. Castro y Av. San Juan Edificio de categoria. 4 Pisos. Departamentos de 1 y 2 ambientes Apto Profesional y Estudios. AMENITIES: Laundry - Solarium - SUM - Parrilla - Jacuzzi BAJAS EXPENSAS. Consulte financiacion en cuotas y pesos.',3,0,'','','',1,9,'2014-04-10 17:55:59','2014-05-14 14:24:40','Maxplen\r\nJose Maciel\r\n15 6548-4949'),(159,160,9,16,10,3,772200,1,'Castro 1176 1*D - Oficina en Pozo','Terrazas de Castro II. Castro y Av. San Juan Edificio de categoria. 4 Pisos. Departamentos de 1 y 2 ambientes Apto Profesional y Estudios. AMENITIES: Laundry - Solarium - SUM - Parrilla - Jacuzzi BAJAS EXPENSAS. Consulte financiacion en cuotas y pesos.',3,0,'','','',1,9,'2014-04-10 17:56:58','2014-05-14 14:24:59','Maxplen\r\nJose Maciel\r\n15 6548-4949'),(160,161,9,16,1,3,844900,1,'Castro 1176 2*A - Departamento en Pozo','Terrazas de Castro II. Castro y Av. San Juan Edificio de categoria. 4 Pisos. Departamentos de 1 y 2 ambientes Apto Profesional y Estudios. AMENITIES: Laundry - Solarium - SUM - Parrilla - Jacuzzi BAJAS EXPENSAS. Consulte financiacion en cuotas y pesos.',3,0,'','','',1,9,'2014-04-10 17:58:05','2014-05-14 14:25:17','Maxplen\r\nJose Maciel\r\n15 6548-4949'),(161,162,9,16,1,3,820250,1,'Castro 1176 2*B - Departamento en Pozo','Terrazas de Castro II. Castro y Av. San Juan Edificio de categoria. 4 Pisos. Departamentos de 1 y 2 ambientes Apto Profesional y Estudios. AMENITIES: Laundry - Solarium - SUM - Parrilla - Jacuzzi BAJAS EXPENSAS. Consulte financiacion en cuotas y pesos.',3,0,'','','',1,9,'2014-04-10 17:59:01','2014-05-14 14:25:27',''),(162,163,9,16,10,3,625400,1,'Castro 1176 2*C - Oficina en Pozo','Terrazas de Castro II. Castro y Av. San Juan Edificio de categoria. 4 Pisos. Departamentos de 1 y 2 ambientes Apto Profesional y Estudios. AMENITIES: Laundry - Solarium - SUM - Parrilla - Jacuzzi BAJAS EXPENSAS. Consulte financiacion en cuotas y pesos.',3,0,'','','',1,9,'2014-04-10 17:59:53','2014-05-14 14:25:39','Maxplen\r\nJose Maciel\r\n15 6548-4949'),(163,164,9,16,1,3,1139950,1,'Castro 1176 2*D - Departamento en Pozo','Terrazas de Castro II. Castro y Av. San Juan Edificio de categoria. 4 Pisos. Departamentos de 1 y 2 ambientes Apto Profesional y Estudios. AMENITIES: Laundry - Solarium - SUM - Parrilla - Jacuzzi BAJAS EXPENSAS. Consulte financiacion en cuotas y pesos.',3,0,'','','',1,9,'2014-04-10 18:00:51','2014-05-14 14:25:51','Maxplen\r\nJose Maciel\r\n15 6548-4949'),(164,165,9,16,1,3,905900,1,'Castro 1176 3*A - Departamento en Pozo','Terrazas de Castro II. Castro y Av. San Juan Edificio de categoria. 4 Pisos. Departamentos de 1 y 2 ambientes Apto Profesional y Estudios. AMENITIES: Laundry - Solarium - SUM - Parrilla - Jacuzzi BAJAS EXPENSAS. Consulte financiacion en cuotas y pesos.',3,0,'','','',1,9,'2014-04-10 18:01:54','2014-05-14 14:26:01','Maxplen\r\nJose Maciel\r\n15 6548-4949'),(165,166,9,16,10,3,670500,1,'Castro 1176 3*C - Oficina en Pozo','Terrazas de Castro II. Castro y Av. San Juan\r\nEdificio de categoria. 4 Pisos. \r\nDepartamentos de 1 y 2 ambientes Apto Profesional y Estudios.\r\nAMENITIES: Laundry - Solarium - SUM - Parrilla - Jacuzzi\r\nBAJAS EXPENSAS. Consulte financiacion en cuotas y pesos.',3,0,'','','',1,9,'2014-04-10 18:03:24','2014-05-14 14:26:09','Maxplen\r\nJose Maciel\r\n15 6548-4949'),(166,167,9,16,1,3,1161100,1,'Castro 1176 3*D - Departamento en Pozo','Terrazas de Castro II. Castro y Av. San Juan\r\nEdificio de categoria. 4 Pisos. \r\nDepartamentos de 1 y 2 ambientes Apto Profesional y Estudios.\r\nAMENITIES: Laundry - Solarium - SUM - Parrilla - Jacuzzi\r\nBAJAS EXPENSAS. Consulte financiacion en cuotas y pesos.',3,0,'','','',1,9,'2014-04-10 18:05:21','2014-05-14 14:20:53','Maxplen\r\nJose Maciel\r\n15 6548-4949'),(183,184,12,16,9,1,450000,2,'Teodoro Garcia 1800 - Belgrano - Local','Local de 185 mts2 totales- planta baja de 80mts , 2 planta 105 mts, excelente vidriera en un lugar de privilegio , con muy buenos accesos a 1 cuadra de Av Libertador y 1 cuadra de Luis M Campos Totalmete utilizable muy buena distribución - apto todo rubro. Cuenta además con Aire acondicionado y calefacción central , ideal para instituto, medicina consultorios, agencias de viajes etc OPCION DE VENTA. PROPIET 47063466 ',3,1,'','','',1,7,'2014-05-08 09:59:58','2014-05-15 14:52:32','RF PROPIEDADES\r\nRicardo Funes\r\n44381122\r\n\r\nDIR EXACTA: TEODORO GARCIA 1811'),(184,185,12,16,1,2,15000,1,'11 De Septiembre 1800 -  Belgrano - Alquiler','4 ambientes, 140 mts totales en pleno Barrancas de Belgrano.\r\nDormitorio en suite y dependencia de servicio.\r\nExcelente vista al rio y cochera.\r\nEl edificio cuenta con vigilancia.',3,0,'','','',1,7,'2014-05-08 12:09:31','2014-05-14 13:00:19','RF PROPIEDADES\r\nRicardo Funes\r\n44381122'),(185,186,12,16,1,2,11500,1,'Av Cabildo 3600 - Nuñez - Alquiler','Departamento de 3 ambientes a estrenar. 2 dormitorios, 1 en suite. Orientación este.\r\nSobre Av Cabildo , con todos los medios de transporte , subte , excelente vista. cochera fija.',3,0,'','','',1,25,'2014-05-08 12:14:18','2014-05-14 10:27:51',''),(186,187,12,16,1,2,7000,1,'Av Cabildo 3600 - Nuñez - Alquiler','2 ambientes, a estrenar, 60 metros totales.Cocina integrada y balcón. edificio con todos los servicios Pileta, gyn cine etc etc , vigilancia pileta solarim SUM etc. Cochera cubierta.',3,0,'','','',1,25,'2014-05-08 12:20:06','2014-05-14 10:27:51',''),(187,188,12,16,9,2,4500,1,'Av Las Heras 2100 - Local - Alquiler','Excelente local en el barrio de Recoleta, apto para todo rubro.\r\nActualmente funciona una zapatería.',3,0,'','','',1,36,'2014-05-08 12:48:37','2014-05-15 09:33:43','RF Propiedades\r\nRicardo Funes\r\n44381122\r\n\r\nDir exacta: Las Heras 2106'),(188,189,12,16,8,2,80000,1,'La rioja 200 -  Once - Alquiler',' Lote de 34 x 43 de fondo.\r\nZonificación R2AII. Fot 3.\r\nTecho parabólico.\r\nApto todo rubro.\r\nEntrada para contenedores.',3,0,'','','',1,26,'2014-05-08 12:56:59','2014-05-14 10:27:51',''),(189,190,12,16,1,2,15000,1,'Jorge Luis Borges 2500 - Palermo - Alquiler','Excelente 4 ambientes,  con magnifica vista. 3 dormitorios, 1 en suite. 1 baño completo y un toilette de recepción.\r\nMuy amplio living y espectacular recepción, todo externo con luz y sol todo el día   y cocina con comedor diario.Dependencia de servicio y lavadero.\r\nVigilancia 24hs',3,0,'','','',1,27,'2014-05-08 13:02:30','2014-05-14 12:56:13','RF PROPIEDADES\r\nRicardo Funes\r\n44381122'),(190,191,12,16,9,2,5000,1,'Florida 400 - Microcentro - Alquiler','El local tiene 3 x 6 + sotano y entrepiso. Está ubicado en la Galería Vía Florencia en Florida entre Av. Corrientes y Lavalle.',3,0,'','','',1,12,'2014-05-08 13:05:33','2014-05-15 14:57:18','RF PROPIEDADES\r\nRicardo Funes\r\n44381122\r\n\r\nDIR EXACTA: FLORIDA 439 (LOCAL 29)'),(191,192,12,16,9,2,28000,1,'Montevideo 900 - Recoleta - Alquiler','Local en impecable estado, apto todo rubro. Sin expensas.\r\n390 mts totales, 3 plantas. 2 baños completos.',3,0,'','','',1,36,'2014-05-08 13:11:01','2014-05-14 12:55:49','RF PROPIEDADES\r\nRicardo Funes\r\n44381122'),(192,193,12,16,9,1,420000,2,'Montevideo 900 - Recoleta - Venta','Local en impecable estado, apto todo rubro. Sin expensas.\r\n 290 mts totales, 3 plantas. 2 baños completos. ',3,0,'','','',1,36,'2014-05-08 13:13:57','2014-05-14 12:55:31','RF PROPIEDADES\r\nRicardo Funes\r\n44381122'),(193,194,12,16,1,1,150000,2,'Av Cabildo 3600 - Nuñez - Venta','2 ambientes, a estrenar, 60 metros totales.Cocina integrada y balcón. edificio con todos los servicios Pileta, gyn cine etc etc , vigilancia pileta solarim SUM etc\r\nOpcional Cochera: U$S 30.000',3,0,'','','',1,25,'2014-05-08 13:22:45','2014-05-14 12:55:21','RF PROPIEDADES\r\nRicardo Funes\r\n44381122'),(194,195,12,16,1,1,130000,2,'Blanco Encalada 2100 - Belgrano - Venta','Semipiso de 75 mts con puerta blindada. Cuenta con balcón, baño completo y lavadero independiente.  Tiene calefacción y refrigeración de tiro balanceado en el living comedor y en uno de los dormitorios.\r\n\r\nCochera fija.',3,0,'','','',1,7,'2014-05-08 13:25:50','2014-05-15 14:50:18','RF PROPIEDADES\r\nRicardo Funes\r\n44381122\r\n\r\nDIR EXACTA: BLANCO ENCALADA 2149'),(195,196,12,16,1,1,250000,2,'Av Cabildo 3600 - Nuñez - Venta','Departamento de 3 ambientes a estrenar. 2 dormitorios, 1 en suite. Orientación este.\r\nSobre Av Cabildo , con todos los medios de transporte , subte , excelente vista \r\nOpcional cochera: U$S 30.000',3,0,'','','',1,7,'2014-05-08 13:30:42','2014-05-14 12:54:50','RF PROPIEDADES\r\nRicardo Funes\r\n44381122'),(196,197,12,16,9,2,13500,1,'Teodoro García 1800 - Belgrano - Alquiler','Local de 145 mts2 totales- planta baja de 60mts ,  2 planta 85 mts, excelente  vidriera en un lugar de privilegio , con muy buenos accesos a 1 cuadra de Av Libertador y 1 cuadra de Luis M Campos Totalmete utilizable muy buena distribución - apto todo rubro. Cuenta además con Aire acondicionado y calefacción central , ideal para instituto, medicina consultorios, agencias de viajes etc OPCION DE VENTA ',3,0,'','','',1,1,'2014-05-08 13:37:33','2014-05-15 14:52:10','RF PROPIEDADES\r\nRicardo Funes\r\n44381122\r\n\r\nDIR EXACTA: TEODORO GARCIA 1811'),(197,198,12,16,1,1,350000,2,'Ohiggins 1500 - Belgrano - Venta','Excelente departamento en pleno corazón de Belgrano,  a 2 cuadras de Avenida Cabildo, con espacio guardacoche, vigilancia 24 hs. ',3,0,'','','',1,7,'2014-05-08 13:44:11','2014-05-15 14:51:09','RF PROPIEDADES\r\nRicardo Funes\r\n44381122\r\n\r\nDIR EXACTA: OHIGGINS 1563'),(198,199,12,16,1,1,340000,2,'Av Libertador 8400 - Nuñez - Venta','Excelente 4 ambientes transformado en 2 dormitorios en suite una master suite con vestidor y toilette de recepcion  al frente modificado con espectacular vista al rio , Balcón terraza con parrilla propia , living comedor. con cocina integrada Vigilancia 24hs, sum,  piscina y solarium. piso alto con espectacular vista al rió  \r\nOpción cochera fija u$s 35.000',3,0,'','','',1,25,'2014-05-08 14:03:29','2014-05-15 14:51:29','RF PROPIEDADES\r\nRicardo Funes\r\n44381122\r\n\r\nDIR EXACTA: LIBERTADOR 8400'),(199,200,12,16,8,2,50000,1,'Darwin 1400 - Palermo - Alquiler','Depósito de 17 x 32 mts, apto para todo rubro',3,0,'','','',1,27,'2014-05-08 14:05:53','2014-05-15 14:58:07','RF PROPIEDADES\r\nRicardo Funes\r\n44381122\r\n\r\nDIR EXACTA: DARWIN 1453'),(200,201,12,16,9,1,150000,2,'Florida 400 - Microcentro - Venta','El local tiene 3 x 6 + sotano y entrepiso. Está ubicado en la Galería Vía Florencia en Florida entre Av. Corrientes y Lavalle',3,0,'','','',1,12,'2014-05-08 14:09:02','2014-05-15 14:57:46','RF PROPIEDADES\r\nRicardo Funes\r\n44381122\r\n\r\nDIR EXACTA: FLORIDA 439 (LOCAL 29)'),(201,202,12,16,10,1,350000,2,'Riobamba 0 - Congreso - Venta','PARA INVERSORES!! Oficina Congreso.  Alquiler con renta(recientemente) empresa primera línea con garantía de caución. Rentabilidad  muy interesante',3,0,'','','',1,16,'2014-05-08 14:14:25','2014-05-15 14:51:49','RF PROPIEDADES\r\nRicardo Funes\r\n44381122\r\n\r\nDIR EXACTA: RIOBAMBA 72'),(202,203,12,16,1,1,450000,2,'Huergo 300 - Las Cañitas - Venta','Espectacular dúplex en Las Cañitas, en exclusivo edificio de 5 pisos, con detalles de gran categoría. Con cochera fija y baulera de 6 metros cuadrados. 3 dormitorios, uno en suite. Balcon, terraza con quincho y parrilla.\r\n',3,0,'','','',1,20,'2014-05-08 14:20:02','2014-05-15 14:56:49','RF PROPIEDADES\r\nRicardo Funes\r\n44381122\r\n\r\nDIR EXACTA: HUERGO 359'),(203,204,12,16,6,1,1500000,2,'La Rioja 200 - Once - Venta',' Lote de 34 x 43 de fondo.\r\nZonificación R2 AI II  Fot 3.\r\nApto para construir 4.500 metros cuadrados\r\nTecho parabólico.\r\nApto todo rubro.\r\nEntrada para contenedores.',3,0,'','','',1,26,'2014-05-08 14:24:03','2014-05-14 12:53:04','RF PROPIEDADES\r\nRicardo Funes\r\n44381122'),(204,205,12,16,1,1,1750000,2,'Av Libertador 4400 - Belgrano - Venta','La mejor torre de Bs.As. Vista panorámica indescriptible desde todos los ambientes al río y ciudad. \r\nP. Privado, Hall de recepción, precioso living comedor con vista al río, Hiprodomo y parques. \r\n\r\nMaster suite con importante vestidor, otras dos suites, family muy amplio balcón, cocina, comedor diario, dep. de serv\r\n2 cocheras \r\nAmenities de lujo: gym, solarium, pileta, sauna. cancha de tenis y de paddle, espacios parquizados, juegos para niños , seguridad 24hs.  ',3,0,'','','',1,7,'2014-05-08 14:30:50','2014-05-14 12:52:50','RF PROPIEDADES\r\nRicardo Funes\r\n44381122'),(205,206,12,16,6,2,15000,1,'Av Corrientes 6600 - Chacarita - Alquiler','Lote de 9 x 22\r\nZonificación C3I\r\nApto para construir o utilizar como deposito o local comercial \r\nSobre Avenida en zona comercial ',3,0,'','','',1,13,'2014-05-08 14:33:34','2014-05-14 12:52:40','RF PROPIEDADES\r\nRicardo Funes\r\n44381122'),(206,207,12,16,6,1,430000,2,'Av Corrientes 6600 - Chacarita - Venta','Lote de 9 x 22\r\nZonificación C3I\r\nApto para construir 650 metros \r\nIdeal local comercial o deposito',3,0,'','','',1,13,'2014-05-08 14:37:46','2014-05-14 12:52:30','RF PROPIEDADES\r\nRicardo Funes\r\n44381122'),(207,208,8,16,1,1,125000,2,'11 Septiembre 2600 - Belgrano - Venta','.ULTIMAS  UNIDADES DISPONIBLES En un inmejorable entorno de vivienda, se encuentra esta esquina en el cruce de 11 de septiembre y Roosevelt. Muchos jardines,poco tránsito, hacen de este lugar un espacio especial para desarrollar un selecto edificio de 19 viviendas de 2 y 3 ambientes.a cuadras de Av. Del Libertador. A mts de Av.Monroe Centro comercial y cines. A pocas cuadras el Barrio Chino.Los 2 AMBIENTES cuenta con 45 MTS cubiertos,BALCON TODO EN ESQUINA Y AL FRENTE. EDIFICIO  CON SUM, piscina,vigilancia y cochera optativa',3,0,'','','',1,7,'2014-05-08 14:57:02','2014-05-14 12:52:15','Sandra Propiedades\r\nSandra Fried\r\n1551821935'),(208,209,8,16,1,1,165000,2,'Rojas 300 - Caballito - Venta','Departamento a la venta en Caballito, de 5 o más ambientes.\r\n\r\nPiso entero, doble entrada.\r\nAl frente balcón aterrazado, al contrafrente balcón cerrado con cerramiento.\r\nPosse en el frente Living comedor,  baño completo y dos dormitorios.\r\nEn el sector central cocina muy luminosa y ventilada.\r\nAl contrafrente, escritorio o zona de juevos, dos dormitorios más y otro baño completo.  Cuarto de guardados y lavadero continuado.\r\n\r\nBaño y cocina de época.\r\n\r\nPosee 5 tiros balanceados y 4 aires acondicionados.',3,0,'','','',1,10,'2014-05-08 15:09:00','2014-05-15 14:47:20','Sandra Propiedades\r\nSandra Fried\r\n1534121600'),(211,212,8,16,1,1,179000,2,'Gran semipiso en pleno Belgrano','Semipiso con vista abierta en pleno Belgrano, con renta.\r\nVENTA  DEPARTAMENTO EN BELGRANO. EXCELENTE UBICACION TODOS LOS MEDIOS DE TRANSPORTE. SEMIPISO 4 AMB AL CONTRAFRENTE MUY LUMINOSO, Y SILENCIOSO. DOBLE CIRCULACION. CUENTA CON: 2 DORMITORIOS, COCINA SUPER AMPLIA CON COMEDOR DIARIO, LIVING COMEDOR , 2 BAÑOS Y POSIBILIDAD DE UN 3ERO,  BALCON, LAVADERO INDEPENDIENTE. MUY BUEN ESTADO!!!  BAULERA,ES EXCELENTE OPORTUNIDAD!! PROPIEDAD APTA CREDITO POSIBILIDAD DE TOMAR  OTRA PROPIEDAD EN PARTE DE PAGO. EL EDIFICIO CUENTA CON VIGILANCIA 24HS Y EQUIPO ELECTROGENO. 110 mts totales. COCHERA OPCIONAL. VISTA TOTALMENTE ABIERTA\r\n\r\nAdicionales\r\nAire acondicionado\r\nCalefacción\r\nVigilancia',3,0,'','','',1,7,'2014-05-09 13:15:55','2014-05-15 14:47:11','Sandra Propiedades\r\nSandra Fried\r\n1534121600'),(212,213,8,16,1,1,520000,2,'Venta de Departamento Semipiso de primera categoria en Belgrano','Venta de Departamento Semipiso de primera categoria en Belgrano',3,0,'','','',1,7,'2014-05-09 13:27:17','2014-05-15 14:47:00','Sandra Propiedades\r\nSandra Fried\r\n1534121600'),(215,216,8,16,1,1,240000,2,'Venta departamento en Charcas 2700','Gran Semipiso Apto Profesional en excelente ubicacion. A 1 cuadra de Santa Fe y 2 de Pueyrredon. El mismo cuenta con 3 dormitorios, dependencia de servicio y un balcon corrido al frente. Espacio GuardaCoche y Baulera propia. El baño y toilette fueron reciclados hace 3 años y se encuentran en perfectas condiciones. Agua caliente y calefaccion por piso radiante.',3,0,'','','',1,27,'2014-05-11 11:42:42','2014-05-15 14:13:23','Sandra Propiedades\r\nSandra Fried\r\n1534121600\r\n\r\nCharcas 2740 3*A'),(217,218,12,16,1,2,15000,1,'Alquiler Departamento Belgrano - La Pampa 1900','Impecable departamento de 230 mts totales. 3 dormitorios , uno de ellos en suite.\r\n mas escritorio. 3 baños y toilette. Todo con orientación este y norte , luz y sol todo el día a 1 cuadra de barrancas de Belgrano en inmejorable ubicación cochera \r\n',3,0,'','','',1,7,'2014-05-13 10:16:41','2014-05-15 14:58:30','RF PROPIEDADES\r\nRicardo Funes\r\n44381122\r\n\r\nDIR EXACTA: LA PAMPA 1902\r\n'),(219,220,16,16,1,2,35000,1,'Gran departamento en alquiler 3 ambientes c/cochera espectacular vista al rio','3 amb c chooch puerto mad',2,0,'','','',1,35,'2014-05-14 09:55:07','2014-05-14 09:56:33','');
/*!40000 ALTER TABLE `core_post` ENABLE KEYS */;
UNLOCK TABLES;

--
-- Table structure for table `core_post_photo`
--

DROP TABLE IF EXISTS `core_post_photo`;
/*!40101 SET @saved_cs_client     = @@character_set_client */;
/*!40101 SET character_set_client = utf8 */;
CREATE TABLE `core_post_photo` (
  `id` int(11) NOT NULL AUTO_INCREMENT,
  `post_id` int(11) NOT NULL,
  `creation_date` datetime NOT NULL,
  `last_update` datetime NOT NULL,
  `file` varchar(100) NOT NULL,
  PRIMARY KEY (`id`),
  KEY `core_post_photo_87a49a9a` (`post_id`),
  CONSTRAINT `post_id_refs_id_c2eacd87` FOREIGN KEY (`post_id`) REFERENCES `core_post` (`id`)
) ENGINE=InnoDB AUTO_INCREMENT=697 DEFAULT CHARSET=latin1;
/*!40101 SET character_set_client = @saved_cs_client */;

--
-- Dumping data for table `core_post_photo`
--

LOCK TABLES `core_post_photo` WRITE;
/*!40000 ALTER TABLE `core_post_photo` DISABLE KEYS */;
INSERT INTO `core_post_photo` VALUES (87,166,'2014-04-10 20:26:52','2014-04-10 20:26:52','post/166/f8403769-53b1-4ca1-962f-4f8a570a7238.jpg'),(88,166,'2014-04-10 20:27:02','2014-04-10 20:27:02','post/166/ca496ade-2040-4247-9e58-ac4212c1a230.jpg'),(89,166,'2014-04-10 20:27:14','2014-04-10 20:27:14','post/166/ca307add-23f0-43ab-9a86-261dab346f95.jpg'),(90,164,'2014-04-10 20:27:37','2014-04-10 20:27:37','post/164/250a726c-12cd-4ca3-9216-fb425abcd052.jpg'),(91,164,'2014-04-10 20:27:47','2014-04-10 20:27:47','post/164/a8ecab96-4864-4366-83f1-a7c0b5702b7e.jpg'),(92,164,'2014-04-10 20:27:54','2014-04-10 20:27:54','post/164/9f13773d-a100-4fd2-a74e-ec7de81baf87.jpg'),(93,165,'2014-04-10 20:28:37','2014-04-10 20:28:37','post/165/81bf815a-f97d-4881-b719-3082405e49f2.jpg'),(94,165,'2014-04-10 20:28:46','2014-04-10 20:28:46','post/165/9c364d5f-8cf8-4a54-904a-7f9af90f7c27.jpg'),(95,165,'2014-04-10 20:28:55','2014-04-10 20:28:55','post/165/af793498-f69e-4907-b8f4-b9b2906b9b86.jpg'),(96,163,'2014-04-10 20:29:57','2014-04-10 20:29:57','post/163/9dc711be-2c4a-4f77-9e1d-9ae80da7728a.jpg'),(97,163,'2014-04-10 20:30:06','2014-04-10 20:30:06','post/163/d1b464f6-38b0-4946-b83b-9b3054456bf7.jpg'),(98,163,'2014-04-10 20:30:12','2014-04-10 20:30:12','post/163/030b87de-dfe9-4ff8-bcb7-4f4c540ab7f3.jpg'),(99,162,'2014-04-10 20:30:29','2014-04-10 20:30:29','post/162/e4a8ca93-9335-4195-91cd-7dc98f8f17ed.jpg'),(100,162,'2014-04-10 20:30:46','2014-04-10 20:30:46','post/162/79753484-12cf-4c2e-8fd7-c7f15f8a0aa7.jpg'),(101,162,'2014-04-10 20:30:52','2014-04-10 20:30:52','post/162/c6b31697-d2ea-4de7-8d4f-91fd676c3e19.jpg'),(102,161,'2014-04-10 20:31:18','2014-04-10 20:31:18','post/161/4c73b289-30fe-48b1-9627-894a54f65f2d.jpg'),(103,161,'2014-04-10 20:31:28','2014-04-10 20:31:28','post/161/3106e6f3-beb5-4100-aefc-516ae814731e.jpg'),(104,161,'2014-04-10 20:31:36','2014-04-10 20:31:36','post/161/4492d9fd-05a0-4392-bf7c-0ca1159374c9.jpg'),(105,157,'2014-04-10 20:31:58','2014-04-10 20:31:58','post/157/1b91442d-4d27-4a5d-9e20-4a29d75a8fe4.jpg'),(106,157,'2014-04-10 20:32:08','2014-04-10 20:32:08','post/157/f76f873b-2ba0-4fea-b5f7-343ec5ec8318.jpg'),(107,157,'2014-04-10 20:32:20','2014-04-10 20:32:20','post/157/5057c82b-de1c-4d3b-a11d-b09e56283306.jpg'),(111,159,'2014-04-10 20:35:32','2014-04-10 20:35:32','post/159/908e3c3c-0b69-4129-992f-d04915b88eb7.jpg'),(112,159,'2014-04-10 20:35:42','2014-04-10 20:35:42','post/159/e8b0a626-5f83-494b-89ac-cf8010d61c7e.jpg'),(113,159,'2014-04-10 20:35:54','2014-04-10 20:35:54','post/159/cf8d3aae-d4d0-471c-98a9-39aaaff34216.jpg'),(114,155,'2014-04-10 20:40:00','2014-04-10 20:40:00','post/155/a949b26e-fee0-46cb-bfe0-4c8f3899069b.jpg'),(115,155,'2014-04-10 20:40:10','2014-04-10 20:40:10','post/155/e6053dec-9497-4b3f-87d5-41984ff6fd9c.jpg'),(116,155,'2014-04-10 20:40:22','2014-04-10 20:40:22','post/155/01574d11-8701-4929-8f1d-895e03c8fbb2.jpg'),(117,154,'2014-04-10 20:46:04','2014-04-10 20:46:04','post/154/add683f3-53bf-4643-bc40-1141f7fdc5d3.jpg'),(118,154,'2014-04-10 20:46:15','2014-04-10 20:46:15','post/154/488d3c3e-825a-46f2-b145-90e7fe571294.jpg'),(119,154,'2014-04-10 20:46:26','2014-04-10 20:46:26','post/154/c84a0a94-598e-47e0-b734-8614cf46a07d.jpg'),(120,153,'2014-04-10 20:46:56','2014-04-10 20:46:56','post/153/90757225-559d-421c-a9e9-cc871667ba47.jpg'),(121,153,'2014-04-10 20:46:59','2014-04-10 20:46:59','post/153/a898ca4c-aec5-4875-944d-a309861900e5.jpg'),(122,153,'2014-04-10 20:47:11','2014-04-10 20:47:11','post/153/eb4537fa-0b90-41f3-98db-c00398b60220.jpg'),(123,151,'2014-04-10 20:47:52','2014-04-10 20:47:52','post/151/c0fbc020-90e0-46ee-b38b-70f4760159d4.jpg'),(125,151,'2014-04-10 20:48:06','2014-04-10 20:48:06','post/151/d1ccbef0-8d88-4ea8-aec6-cf00dce24785.jpg'),(126,150,'2014-04-10 20:52:44','2014-04-10 20:52:44','post/150/4798f411-ab39-4d6a-a4ff-0bdb68859a1f.jpg'),(127,150,'2014-04-10 20:52:54','2014-04-10 20:52:54','post/150/4b4d6221-f359-4e12-9d2d-acf00be7fb92.jpg'),(128,150,'2014-04-10 20:53:06','2014-04-10 20:53:06','post/150/44f90593-68d8-4174-a235-a20ab99b3eb5.jpg'),(129,149,'2014-04-10 20:59:41','2014-04-10 20:59:41','post/149/7bcde868-d0e0-4b3e-821f-36fb73ae717d.jpg'),(130,149,'2014-04-10 20:59:45','2014-04-10 20:59:45','post/149/19d48bfb-15e1-4a02-a076-e81bb35ddb49.jpg'),(131,149,'2014-04-10 20:59:55','2014-04-10 20:59:55','post/149/669b7f4c-e58d-4c5c-9654-7574e88125bc.jpg'),(132,148,'2014-04-10 21:00:53','2014-04-10 21:00:53','post/148/e1ee827e-ec23-410c-a791-02e2284367f2.jpg'),(133,148,'2014-04-10 21:01:04','2014-04-10 21:01:04','post/148/c99faa53-5851-461f-9985-2ade85b35b80.jpg'),(134,148,'2014-04-10 21:01:15','2014-04-10 21:01:15','post/148/871e0b34-541f-4f62-9378-9c7b99c4f911.jpg'),(135,147,'2014-04-10 21:06:07','2014-04-10 21:06:07','post/147/acff7fae-c345-43a8-ba48-f045d2d298d3.jpg'),(136,147,'2014-04-10 21:06:09','2014-04-10 21:06:09','post/147/195509e3-c96f-430c-b646-870ee47697f2.jpg'),(137,147,'2014-04-10 21:06:12','2014-04-10 21:06:12','post/147/e2b417db-3623-4c7b-9cd1-b22034b70017.jpg'),(138,146,'2014-04-10 21:06:35','2014-04-10 21:06:35','post/146/7027b0c2-855d-4aab-8a69-070d8dfd91b8.jpg'),(139,146,'2014-04-10 21:06:49','2014-04-10 21:06:49','post/146/66c97a41-b41e-4fb3-bb12-198d390be0b1.jpg'),(140,146,'2014-04-10 21:06:51','2014-04-10 21:06:51','post/146/b20c23ec-8885-4645-b9af-3bb680f8f55c.jpg'),(141,145,'2014-04-10 21:07:27','2014-04-10 21:07:27','post/145/a6b944b9-9208-4cd7-8d78-eb214e0f5722.jpg'),(142,145,'2014-04-10 21:07:41','2014-04-10 21:07:41','post/145/6ec1cdca-d324-4af7-866b-5c6540afe126.jpg'),(143,145,'2014-04-10 21:07:44','2014-04-10 21:07:44','post/145/e796760a-969f-4fcf-8a3e-1505725848cb.jpg'),(144,142,'2014-04-10 21:08:32','2014-04-10 21:08:32','post/142/635e81df-7fa1-4b11-b77e-8de935027e0b.jpg'),(145,142,'2014-04-10 21:08:37','2014-04-10 21:08:37','post/142/7f3b4a19-8385-40ce-9b1a-0f98a669be41.jpg'),(146,142,'2014-04-10 21:08:42','2014-04-10 21:08:42','post/142/c6a995a2-fcd9-4032-ba1b-e37f5fb492e1.jpg'),(147,144,'2014-04-10 21:09:47','2014-04-10 21:09:47','post/144/8f4a2808-d4e0-4446-8ef9-2dc070c48224.jpg'),(148,144,'2014-04-10 21:09:50','2014-04-10 21:09:50','post/144/01a80f07-c2f1-4198-bf73-de83a0e225cb.jpg'),(149,144,'2014-04-10 21:09:53','2014-04-10 21:09:53','post/144/943308d7-fcac-4110-ba8c-adab7c01eccd.jpg'),(150,143,'2014-04-10 21:10:11','2014-04-10 21:10:11','post/143/9f82133d-2539-4a16-94b5-804751a8a216.jpg'),(151,143,'2014-04-10 21:10:25','2014-04-10 21:10:25','post/143/237b314f-fd60-43f7-add7-94e391e5a308.jpg'),(152,143,'2014-04-10 21:10:27','2014-04-10 21:10:27','post/143/79096cc8-05e6-4872-8c08-78595722900f.jpg'),(153,141,'2014-04-10 21:16:11','2014-04-10 21:16:11','post/141/468c291f-abe5-4220-9eca-1d1999278e8f.jpg'),(154,141,'2014-04-10 21:16:15','2014-04-10 21:16:15','post/141/d38f7a3e-1118-4fab-870d-ee3cad71b2db.jpg'),(155,141,'2014-04-10 21:16:18','2014-04-10 21:16:18','post/141/6354a2f0-e719-423d-a0ec-27096a5197a6.jpg'),(156,141,'2014-04-10 21:16:21','2014-04-10 21:16:21','post/141/550b5860-93cc-469d-b33f-b698c15cab6d.jpg'),(157,140,'2014-04-10 21:16:46','2014-04-10 21:16:46','post/140/7571b198-8dfe-4b00-8b3a-299828dfde3f.jpg'),(158,140,'2014-04-10 21:16:53','2014-04-10 21:16:53','post/140/fc57eb36-681f-43fa-8203-5efecdc5892e.jpg'),(159,140,'2014-04-10 21:16:56','2014-04-10 21:16:56','post/140/93dee6e0-7d30-4a17-af46-e3eb0dbed101.jpg'),(160,140,'2014-04-10 21:16:58','2014-04-10 21:16:58','post/140/a9273ff5-38cc-43d2-9568-2ca5b2dfb465.jpg'),(161,139,'2014-04-10 21:17:17','2014-04-10 21:17:17','post/139/d0b2af0b-846e-47aa-8c94-2fa5c614e101.jpg'),(162,139,'2014-04-10 21:17:26','2014-04-10 21:17:26','post/139/fcb3bb98-2d0b-43be-9d04-95af9625e8da.jpg'),(163,139,'2014-04-10 21:17:29','2014-04-10 21:17:29','post/139/bf85ab4d-4b8e-4a71-9dcb-fab6fc3d0e02.jpg'),(164,139,'2014-04-10 21:17:32','2014-04-10 21:17:32','post/139/457b404e-d7cb-4e9f-be9f-8a84edc8783e.jpg'),(165,138,'2014-04-10 21:17:54','2014-04-10 21:17:54','post/138/daf6c25e-a3cc-4034-992f-80c3530bbbbc.jpg'),(166,138,'2014-04-10 21:18:00','2014-04-10 21:18:00','post/138/efd8504e-5fbb-4918-8963-a3ed874c4f7c.jpg'),(167,138,'2014-04-10 21:18:04','2014-04-10 21:18:04','post/138/8e3e553a-4585-46ad-bc3b-83fd09e6738e.jpg'),(168,138,'2014-04-10 21:18:07','2014-04-10 21:18:07','post/138/bb1cd1e2-7f85-4e1e-8e51-d29330ad6844.jpg'),(169,137,'2014-04-10 21:18:33','2014-04-10 21:18:33','post/137/e3625014-dc2c-402c-ae6b-c67715c035f0.jpg'),(170,137,'2014-04-10 21:18:39','2014-04-10 21:18:39','post/137/55a19a16-e073-4905-9c17-99487d71e374.jpg'),(171,137,'2014-04-10 21:18:43','2014-04-10 21:18:43','post/137/5214e994-cc22-47ff-bd43-6539cd68ba9a.jpg'),(172,137,'2014-04-10 21:18:46','2014-04-10 21:18:46','post/137/6b373002-5bf1-4c20-8659-7169d905a496.jpg'),(173,136,'2014-04-10 21:19:22','2014-04-10 21:19:22','post/136/bb6df2a1-b6b1-431c-944f-4b1c6d7a50fc.jpg'),(174,136,'2014-04-10 21:19:26','2014-04-10 21:19:26','post/136/1c190506-dfe6-4b79-a097-f8e4e8b2e097.jpg'),(175,136,'2014-04-10 21:19:29','2014-04-10 21:19:29','post/136/d84b85c2-708c-441e-9e8f-02fbfeb40da3.jpg'),(176,136,'2014-04-10 21:19:32','2014-04-10 21:19:32','post/136/39dea33d-7370-4c8b-b65d-98131555a66b.jpg'),(177,135,'2014-04-10 21:19:55','2014-04-10 21:19:55','post/135/1760277f-d7d4-4861-9a4b-f44116d14f40.jpg'),(178,135,'2014-04-10 21:20:01','2014-04-10 21:20:01','post/135/b90cd55b-b338-461d-a579-cffa8008055a.jpg'),(179,135,'2014-04-10 21:20:04','2014-04-10 21:20:04','post/135/45401126-dff3-4416-a3a0-475356595d4c.jpg'),(180,135,'2014-04-10 21:20:06','2014-04-10 21:20:06','post/135/a0c7faa2-64d2-44b0-874e-884b0215ae9c.jpg'),(181,134,'2014-04-10 21:20:31','2014-04-10 21:20:31','post/134/9121ce64-736a-4be1-8cc2-728a62a98bb7.jpg'),(182,134,'2014-04-10 21:20:34','2014-04-10 21:20:34','post/134/d0dbcecd-28c7-4ea1-84ca-5d4b72e76f41.jpg'),(183,134,'2014-04-10 21:20:38','2014-04-10 21:20:38','post/134/305d153d-639e-405e-892b-6168ac22ec71.jpg'),(184,130,'2014-04-10 21:21:01','2014-04-10 21:21:01','post/130/b0d71cf9-7a91-4d49-88ef-b40c613e1f3c.jpg'),(185,130,'2014-04-10 21:21:05','2014-04-10 21:21:05','post/130/b820d180-1139-426f-ae1b-5b8e364b6c4d.jpg'),(186,130,'2014-04-10 21:21:08','2014-04-10 21:21:08','post/130/8c84f502-41cd-4bbe-ae52-59df82b29b45.jpg'),(187,131,'2014-04-10 21:21:43','2014-04-10 21:21:43','post/131/a8048581-3a4b-48ec-959b-f9deb4c3512b.jpg'),(188,131,'2014-04-10 21:21:46','2014-04-10 21:21:46','post/131/ba7a9ea4-dc00-4a2e-95c1-d68db70999c6.jpg'),(189,131,'2014-04-10 21:21:49','2014-04-10 21:21:49','post/131/85f67766-7891-4f5c-be2c-4463a09fe522.jpg'),(190,132,'2014-04-10 21:22:08','2014-04-10 21:22:08','post/132/783a78df-f33c-405f-af81-35db8ed74d77.jpg'),(191,132,'2014-04-10 21:22:12','2014-04-10 21:22:12','post/132/dbb48423-bc3f-49e2-9cdf-7ef0eb75c601.jpg'),(192,132,'2014-04-10 21:22:16','2014-04-10 21:22:16','post/132/a209c4dd-84d3-45e0-8eb2-117f9ab0d942.jpg'),(193,133,'2014-04-10 21:22:36','2014-04-10 21:22:36','post/133/666d3731-b538-4d54-8a0a-275dd0a9f83e.jpg'),(194,133,'2014-04-10 21:22:41','2014-04-10 21:22:41','post/133/25499408-1532-400f-baf5-74ad1800e2bf.jpg'),(195,133,'2014-04-10 21:22:44','2014-04-10 21:22:44','post/133/ffbea075-4063-489d-ae00-7a8cffe6a0f0.jpg'),(199,128,'2014-04-10 21:26:11','2014-04-10 21:26:11','post/128/a19f147b-4098-467d-a6e0-66ac21894eb9.jpg'),(200,128,'2014-04-10 21:26:15','2014-04-10 21:26:15','post/128/c24025fc-8734-4f48-ad9f-edc4c629b638.jpg'),(201,128,'2014-04-10 21:26:21','2014-04-10 21:26:21','post/128/bf85313c-7458-468a-aed4-c60548960d18.jpg'),(202,127,'2014-04-10 21:26:59','2014-04-10 21:26:59','post/127/a230e355-66ea-4d7c-8286-0cd3aecca330.jpg'),(203,127,'2014-04-10 21:27:02','2014-04-10 21:27:02','post/127/92960678-131d-4aed-9f43-ad3287bd5b7a.jpg'),(204,127,'2014-04-10 21:27:05','2014-04-10 21:27:05','post/127/89eb4387-24a9-4bd6-b682-98912a0893c4.jpg'),(205,126,'2014-04-10 21:30:47','2014-04-10 21:30:47','post/126/73961d6c-c9df-4853-9bee-fe2642c01014.jpg'),(206,126,'2014-04-10 21:30:50','2014-04-10 21:30:50','post/126/5010ba1f-7ac1-41bf-a11a-c0edd6dba203.jpg'),(207,126,'2014-04-10 21:31:00','2014-04-10 21:31:00','post/126/867db0a5-f5c9-4b3e-a8b3-f7b52cd56a58.jpg'),(208,120,'2014-04-10 21:31:29','2014-04-10 21:31:29','post/120/43043166-7fe0-469e-99be-c65ca37cd8da.jpg'),(209,120,'2014-04-10 21:31:32','2014-04-10 21:31:32','post/120/3c9ed31f-01c0-4924-8521-5e428695377f.jpg'),(210,120,'2014-04-10 21:31:35','2014-04-10 21:31:35','post/120/fff58ba1-3c30-455f-be38-a1fb3bf6212f.jpg'),(211,122,'2014-04-10 21:32:20','2014-04-10 21:32:20','post/122/702f8ec5-4d23-4cd2-885a-e4bf3c5a1af1.jpg'),(212,122,'2014-04-10 21:32:26','2014-04-10 21:32:26','post/122/4b43580f-a18f-4ce0-9ca2-cd50f170a03b.jpg'),(213,122,'2014-04-10 21:32:36','2014-04-10 21:32:36','post/122/b8426b85-b0ae-4a82-aa1e-0e161bc9ba0f.jpg'),(214,123,'2014-04-10 21:33:01','2014-04-10 21:33:01','post/123/2cc62bb1-660e-4198-8832-15fa4a824b34.jpg'),(215,123,'2014-04-10 21:33:04','2014-04-10 21:33:04','post/123/788655e8-5099-482a-9da2-5c4b2262be7e.jpg'),(216,123,'2014-04-10 21:33:14','2014-04-10 21:33:14','post/123/4b464fe8-2fc6-4641-8a59-eba4b1c2d3c7.jpg'),(217,124,'2014-04-10 21:33:51','2014-04-10 21:33:51','post/124/4ad3f6e2-b4a6-44ec-a33f-23c1de7db6b3.jpg'),(218,124,'2014-04-10 21:33:54','2014-04-10 21:33:54','post/124/d0bba41c-e238-4abb-9831-5ff4afdd899b.jpg'),(219,124,'2014-04-10 21:34:03','2014-04-10 21:34:03','post/124/1d7cadfb-74f3-43c5-b8b5-99651396fb7c.jpg'),(220,125,'2014-04-10 21:34:54','2014-04-10 21:34:54','post/125/25061107-3408-42fb-a5b8-80773a94d9f0.jpg'),(221,125,'2014-04-10 21:35:01','2014-04-10 21:35:01','post/125/dcb37479-d345-4807-b121-3abe8b336ee9.jpg'),(222,125,'2014-04-10 21:35:10','2014-04-10 21:35:10','post/125/13bb6509-f698-4816-9873-f172cf065319.jpg'),(268,212,'2014-05-09 13:37:35','2014-05-09 13:37:35','post/212/1b60ea81-5183-44c0-957c-fb30a3f80fba.jpg'),(269,212,'2014-05-09 13:37:45','2014-05-09 13:37:45','post/212/ff408827-905d-47f3-ad6b-63df93c10942.jpg'),(276,129,'2014-05-09 14:01:23','2014-05-09 14:01:23','post/129/15f250d7-1a8f-4125-811b-96e1b7d36d66.jpg'),(277,129,'2014-05-09 14:01:25','2014-05-09 14:01:25','post/129/de6d8904-97dc-4a77-89c7-1f1eb2e215d3.jpg'),(278,129,'2014-05-09 14:01:29','2014-05-09 14:01:29','post/129/b67b0468-0774-4c69-8d6c-226cd0e810e0.jpg'),(279,119,'2014-05-09 14:04:25','2014-05-09 14:04:25','post/119/82c62375-b9b4-4c9c-8bad-6490c6c49879.jpg'),(280,119,'2014-05-09 14:04:31','2014-05-09 14:04:31','post/119/a1ab3785-2c07-4be3-8449-60c97833209f.jpg'),(281,119,'2014-05-09 14:04:42','2014-05-09 14:04:42','post/119/3f5ea24f-8049-4c5d-af5a-4e3ec8feaad2.jpg'),(282,118,'2014-05-09 14:06:01','2014-05-09 14:06:01','post/118/444d69e5-3a0a-4566-bfa9-9a22b6b8e3aa.jpg'),(283,118,'2014-05-09 14:06:08','2014-05-09 14:06:08','post/118/e4f9534b-496d-4b3a-851a-4449a9130078.jpg'),(284,118,'2014-05-09 14:06:23','2014-05-09 14:06:23','post/118/fa074d75-3870-4997-acf7-e0740b6dd5fd.jpg'),(285,111,'2014-05-09 14:12:50','2014-05-09 14:12:50','post/111/d901a0d3-be8a-47ec-9bd8-a9fdbde89241.jpg'),(286,105,'2014-05-09 14:13:42','2014-05-09 14:13:42','post/105/4d04389b-01ed-4c9a-afa6-d9d913025db4.jpg'),(287,105,'2014-05-09 14:13:54','2014-05-09 14:13:54','post/105/6269cdaa-9a5c-40ca-977e-ff1a19ed3ea3.jpg'),(288,105,'2014-05-09 14:14:53','2014-05-09 14:14:53','post/105/57276ea9-255d-4a93-a9c3-dd5824ed618c.jpg'),(289,104,'2014-05-09 14:15:27','2014-05-09 14:15:27','post/104/f91329fe-bbf7-4afc-96a9-ed53628ad239.jpg'),(290,104,'2014-05-09 14:15:37','2014-05-09 14:15:37','post/104/395a0dcd-01af-4bc5-96d0-e11c6536de9b.jpg'),(291,106,'2014-05-09 14:16:13','2014-05-09 14:16:13','post/106/1d25a6cd-1746-4f8a-af6b-cfbac87d82e3.jpg'),(292,106,'2014-05-09 14:16:37','2014-05-09 14:16:37','post/106/cf629963-d0bd-471e-afbd-03f69107164b.jpg'),(293,108,'2014-05-09 14:17:40','2014-05-09 14:17:40','post/108/ac7305d2-ae61-4ef8-b1f9-8382f7a8361a.jpg'),(294,108,'2014-05-09 14:17:40','2014-05-09 14:17:40','post/108/1c91e9ae-6d84-4cf0-ac8f-9bf4ff96bd9b.jpg'),(295,109,'2014-05-09 14:18:34','2014-05-09 14:18:34','post/109/9de20fda-aef0-410f-8e0b-49685a58ef52.jpg'),(296,109,'2014-05-09 14:18:34','2014-05-09 14:18:34','post/109/ee4975ee-c9bc-4ad7-b976-8092da033dd3.jpg'),(297,110,'2014-05-09 14:18:56','2014-05-09 14:18:56','post/110/f686635f-4851-4007-86be-70cb36c0c6e2.jpg'),(298,110,'2014-05-09 14:18:56','2014-05-09 14:18:56','post/110/b41de660-5b37-4e78-bb28-f4edbc4a36f9.jpg'),(299,65,'2014-05-09 14:20:07','2014-05-09 14:20:07','post/65/612a907c-8b51-4da7-a8b7-550474011d18.jpg'),(300,65,'2014-05-09 14:20:52','2014-05-09 14:20:52','post/65/e82a05c2-a32a-4940-827d-de026bd57f0f.jpg'),(301,65,'2014-05-09 14:21:17','2014-05-09 14:21:17','post/65/61305df0-e732-4271-ac87-697a0979703c.jpg'),(302,66,'2014-05-09 14:22:18','2014-05-09 14:22:18','post/66/57c70658-e4f0-4497-bf33-e2efe8201a97.jpg'),(303,103,'2014-05-09 14:23:05','2014-05-09 14:23:05','post/103/b6b0813b-93c9-4fe5-999c-cd3355adb4e0.jpg'),(304,103,'2014-05-09 14:23:26','2014-05-09 14:23:26','post/103/dad3ecb6-d4b6-4c6c-a7a8-971422ce800e.jpg'),(305,102,'2014-05-09 14:24:25','2014-05-09 14:24:25','post/102/8b5ccfc5-41f3-489d-b0e6-44d5f95396c5.jpg'),(306,68,'2014-05-09 14:25:02','2014-05-09 14:25:02','post/68/8d9d2b0e-3caa-4604-8a7c-f134285f454f.jpg'),(307,68,'2014-05-09 14:25:30','2014-05-09 14:25:30','post/68/ec723f73-cd0e-4d0a-915e-2d13bd14bf99.jpg'),(308,69,'2014-05-09 14:26:06','2014-05-09 14:26:06','post/69/516cdbf4-3035-4e49-a300-bbb6db117c44.jpg'),(309,69,'2014-05-09 14:26:29','2014-05-09 14:26:29','post/69/cbb26262-98d9-4c2b-9f48-cf1958d5a641.jpg'),(310,75,'2014-05-09 14:52:40','2014-05-09 14:52:40','post/75/895d1080-b679-466c-a3e1-7695146918b2.jpg'),(311,75,'2014-05-09 14:53:41','2014-05-09 14:53:41','post/75/dbc5a163-339a-4443-ac4b-31bd559b63c8.jpg'),(312,75,'2014-05-09 14:54:28','2014-05-09 14:54:28','post/75/11baae32-4288-46fe-81f7-3f8ab0a144af.jpg'),(313,67,'2014-05-09 14:55:01','2014-05-09 14:55:01','post/67/83d04390-3d0b-415e-82fe-5f70b4cb276e.jpg'),(314,67,'2014-05-09 14:55:26','2014-05-09 14:55:26','post/67/b00d847b-b620-42d1-832e-5b576fc19b0a.jpg'),(315,70,'2014-05-09 14:56:31','2014-05-09 14:56:31','post/70/77691066-cc67-4bea-876f-ec350163ce4e.jpg'),(316,71,'2014-05-09 14:59:24','2014-05-09 14:59:24','post/71/34107f84-7093-48f2-9d8b-25ecb127fac3.jpg'),(317,152,'2014-05-09 15:01:34','2014-05-09 15:01:34','post/152/927e610c-1f1b-41f0-8197-d189ac5d9303.jpg'),(318,90,'2014-05-09 15:23:30','2014-05-09 15:23:30','post/90/50288047-f816-4a19-be32-63d3d028cbe8.jpg'),(319,90,'2014-05-09 15:24:00','2014-05-09 15:24:00','post/90/cd489382-a699-4771-b776-ebf6d5048041.jpg'),(320,90,'2014-05-09 15:26:08','2014-05-09 15:26:08','post/90/e8b9573f-9431-4916-8b64-dbc46bdf1df9.jpg'),(321,90,'2014-05-09 15:26:43','2014-05-09 15:26:43','post/90/c66ffdbd-fd63-4cdc-b48e-ab37d34e1546.jpg'),(322,90,'2014-05-09 15:27:16','2014-05-09 15:27:16','post/90/d9542809-3bde-4c9b-85c7-bdd72bc03aa1.jpg'),(323,151,'2014-05-09 15:36:11','2014-05-09 15:36:11','post/151/858decb9-81e9-4769-83fd-4de6a55a585c.jpg'),(324,160,'2014-05-09 16:25:47','2014-05-09 16:25:47','post/160/7d692218-8f1b-4c13-9f30-d9ee6ec1e97e.jpg'),(325,160,'2014-05-09 16:25:53','2014-05-09 16:25:53','post/160/a78e1a03-8122-4976-9651-2c62b50eebcd.jpg'),(328,156,'2014-05-09 16:30:44','2014-05-09 16:30:44','post/156/640a6a61-ec2a-4a88-8cc2-7cb18e8ef5d7.jpg'),(329,156,'2014-05-09 16:30:47','2014-05-09 16:30:47','post/156/593bc745-bf5e-4535-8a27-12508ad91415.jpg'),(330,158,'2014-05-09 16:33:19','2014-05-09 16:33:19','post/158/0d2872cb-69ab-4805-a056-37e28f559682.jpg'),(331,158,'2014-05-09 16:33:22','2014-05-09 16:33:22','post/158/260cbf7d-6d81-4929-9a2a-9baa69c8fd60.jpg'),(332,211,'2014-05-09 16:42:04','2014-05-09 16:42:04','post/211/6d26aaba-e279-41e5-8f56-a2b9096a80ce.jpg'),(334,211,'2014-05-09 16:42:11','2014-05-09 16:42:11','post/211/7ffab02b-0611-4825-99e9-c94b61b19a5f.jpg'),(336,211,'2014-05-09 16:42:17','2014-05-09 16:42:17','post/211/59a8dae1-5eda-456d-a1f9-c66f42e732c9.jpg'),(337,207,'2014-05-09 16:43:46','2014-05-09 16:43:46','post/207/ad628f9c-ed5c-4235-84a1-152dd8696dbc.jpg'),(338,207,'2014-05-09 16:43:49','2014-05-09 16:43:49','post/207/b5c3ca16-d1e7-4e67-9ffc-320051d00199.jpg'),(339,207,'2014-05-09 16:43:51','2014-05-09 16:43:51','post/207/a9acbc51-7cc3-4be0-b0ff-6238ce9ad57e.jpg'),(345,196,'2014-05-09 17:02:14','2014-05-09 17:02:14','post/196/91527a2f-8463-4a21-a707-cf2b99283a42.jpg'),(346,196,'2014-05-09 17:03:11','2014-05-09 17:03:11','post/196/76068047-7542-4ba8-b4c5-712c7749ebf3.jpg'),(347,196,'2014-05-09 17:07:42','2014-05-09 17:07:42','post/196/880b7182-9804-4cdd-b5bd-fd7a882afcf2.jpg'),(348,196,'2014-05-09 17:08:04','2014-05-09 17:08:04','post/196/faa7b953-5e43-4576-a315-8d1695dbba5b.jpg'),(349,183,'2014-05-09 17:09:07','2014-05-09 17:09:07','post/183/c4fb2f98-dc34-497e-b391-1d3c2ca638ab.jpg'),(350,183,'2014-05-09 17:09:20','2014-05-09 17:09:20','post/183/16c0d0c1-e86e-4f4b-b2fc-2d55838ae873.jpg'),(351,212,'2014-05-11 11:06:54','2014-05-11 11:06:54','post/212/2a7dc7fc-7f3f-43af-bc62-9ae7aceff3ed.jpg'),(353,212,'2014-05-11 11:07:21','2014-05-11 11:07:21','post/212/b0d9e39b-86d4-478b-980a-8ee98acbc63d.jpg'),(354,212,'2014-05-11 11:07:33','2014-05-11 11:07:33','post/212/56e2fd77-ef03-4de9-ab8e-0b06cfa41069.jpg'),(355,212,'2014-05-11 11:07:54','2014-05-11 11:07:54','post/212/7a1c02d8-5e9d-4542-8a4a-8637f3d01cdf.jpg'),(356,212,'2014-05-11 11:08:07','2014-05-11 11:08:07','post/212/052c8a2f-6931-463c-92bb-ac6bc0e0c816.jpg'),(357,212,'2014-05-11 11:08:13','2014-05-11 11:08:13','post/212/98c9e54b-78f8-4924-99c7-fd561483fd85.jpg'),(358,212,'2014-05-11 11:08:18','2014-05-11 11:08:18','post/212/2825dfd9-c871-4c98-a00d-7eea949e8dfa.jpg'),(359,212,'2014-05-11 11:08:24','2014-05-11 11:08:24','post/212/33bbab49-12b3-46c9-9694-ea5fad466406.jpg'),(360,212,'2014-05-11 11:08:33','2014-05-11 11:08:33','post/212/c8a32d6a-4496-4392-8614-6ce7bf9ebd65.jpg'),(361,212,'2014-05-11 11:08:39','2014-05-11 11:08:39','post/212/25f9905d-56c4-47bb-841d-df356d7d4328.jpg'),(362,116,'2014-05-11 15:53:55','2014-05-11 15:53:55','post/116/89021499-de40-46e4-b192-0fa5b302e92a.jpg'),(363,116,'2014-05-11 15:54:32','2014-05-11 15:54:32','post/116/541d0a20-3b15-4521-9cd9-f17a67fb1168.jpg'),(364,116,'2014-05-11 15:55:08','2014-05-11 15:55:08','post/116/99b368d9-e02e-4956-9ed4-a227e44ebd1f.jpg'),(365,117,'2014-05-11 15:55:57','2014-05-11 15:55:57','post/117/3a14151d-4718-42f9-a537-47dab20a8afd.jpg'),(366,117,'2014-05-11 15:56:31','2014-05-11 15:56:31','post/117/54cf671e-1130-436b-8325-af248ad460cf.jpg'),(367,117,'2014-05-11 15:56:43','2014-05-11 15:56:43','post/117/35cc046e-3091-4fcf-a9a3-0444f15b790e.jpg'),(368,115,'2014-05-11 15:58:46','2014-05-11 15:58:46','post/115/3b794251-4691-409d-8b56-b177edb28502.jpg'),(369,115,'2014-05-11 15:59:14','2014-05-11 15:59:14','post/115/9ecd62ac-d4b7-4bec-b5fe-f278a8ebba49.jpg'),(370,115,'2014-05-11 15:59:26','2014-05-11 15:59:26','post/115/3255e86d-5609-4e54-9150-d9851daadded.jpg'),(371,114,'2014-05-11 16:00:27','2014-05-11 16:00:27','post/114/725d283d-4e1d-41d8-be1f-704707e1191c.jpg'),(372,114,'2014-05-11 16:00:52','2014-05-11 16:00:52','post/114/1f4a7654-6e15-42e7-8e57-8ed47a3eac9a.jpg'),(373,114,'2014-05-11 16:01:14','2014-05-11 16:01:14','post/114/172438d4-67de-4dd5-8f27-963f8d4d8d9f.jpg'),(374,113,'2014-05-11 16:01:50','2014-05-11 16:01:50','post/113/93685ea1-e083-47a7-a2b1-a26858a196b1.jpg'),(375,113,'2014-05-11 16:02:34','2014-05-11 16:02:34','post/113/4912730a-8cce-4fc6-8329-0ce563659f43.jpg'),(376,113,'2014-05-11 16:03:24','2014-05-11 16:03:24','post/113/77326664-49aa-4c1b-8b4b-9616ab4357d5.jpg'),(377,112,'2014-05-11 16:04:54','2014-05-11 16:04:54','post/112/b85c4ca1-d6b6-460d-97dc-0ea9ca2e0d26.jpg'),(378,112,'2014-05-11 16:05:14','2014-05-11 16:05:14','post/112/6342986f-a850-4028-9fc7-3d3fcb93d1fa.jpg'),(379,112,'2014-05-11 16:07:49','2014-05-11 16:07:49','post/112/279a1fe0-0882-4a00-97cd-d0402a00c2dd.jpg'),(380,111,'2014-05-11 16:09:14','2014-05-11 16:09:14','post/111/dee9d1a3-b896-4901-b72c-d424ef8c23ff.jpg'),(381,111,'2014-05-11 16:09:35','2014-05-11 16:09:35','post/111/269c728c-e291-4296-bf44-60dcd59e97ec.jpg'),(382,110,'2014-05-11 16:11:29','2014-05-11 16:11:29','post/110/9fc8af1e-2a90-42e7-bb72-f1a4e0ccdb00.jpg'),(383,109,'2014-05-11 16:11:54','2014-05-11 16:11:54','post/109/ac989ccf-aaa2-4e49-bc0f-5bd601b5a1a8.jpg'),(384,108,'2014-05-11 16:12:25','2014-05-11 16:12:25','post/108/f8c2e72b-553d-4240-87fe-4ba9a105b998.jpg'),(385,107,'2014-05-11 16:13:37','2014-05-11 16:13:37','post/107/f9c4480f-9804-4f37-82a8-f3a539854558.jpg'),(386,107,'2014-05-11 16:13:46','2014-05-11 16:13:46','post/107/9591114e-c87e-47db-b01f-d268de2dd313.jpg'),(387,152,'2014-05-11 16:28:18','2014-05-11 16:28:18','post/152/a0776578-8d4c-4aac-bb9f-ea98254bf872.jpg'),(388,152,'2014-05-11 16:28:52','2014-05-11 16:28:52','post/152/ddfd06c3-1a7f-4057-8e97-63d0af716ea3.jpg'),(389,141,'2014-05-11 18:56:36','2014-05-11 18:56:36','post/141/249b857a-83f7-4493-86c0-ab942c3b149a.jpg'),(390,137,'2014-05-11 19:01:21','2014-05-11 19:01:21','post/137/2ab561d9-6352-4f16-a331-78b00b6f641d.jpg'),(391,134,'2014-05-11 19:02:17','2014-05-11 19:02:17','post/134/d2cd670e-61df-4aa2-95fc-68eb045eb2af.jpg'),(392,132,'2014-05-11 19:03:12','2014-05-11 19:03:12','post/132/467b91c8-2a13-435b-b68a-255921fba9a6.jpg'),(393,131,'2014-05-11 19:03:37','2014-05-11 19:03:37','post/131/c99dc488-39e0-43ee-afb7-33db7148a3fb.jpg'),(394,121,'2014-05-11 22:09:36','2014-05-11 22:09:36','post/121/6dab483b-6bba-49f2-b264-d9729125f829.jpg'),(395,121,'2014-05-11 22:09:38','2014-05-11 22:09:38','post/121/2b577a0c-505c-491e-92b9-20266c9f7d17.jpg'),(396,121,'2014-05-11 22:10:27','2014-05-11 22:10:27','post/121/0d8ec034-da4a-42b7-8434-44a31c8c51a7.jpg'),(397,120,'2014-05-11 22:12:08','2014-05-11 22:12:08','post/120/ff618947-130b-45b2-8514-ed085429dae9.jpg'),(398,126,'2014-05-11 22:13:12','2014-05-11 22:13:12','post/126/85c0cfd4-71b5-49fd-8414-dc26e4c577a3.jpg'),(399,102,'2014-05-11 22:25:21','2014-05-11 22:25:21','post/102/41402d8a-8600-4567-861e-f2f20bce160c.jpg'),(400,70,'2014-05-11 22:38:52','2014-05-11 22:38:52','post/70/ff379443-3ceb-43eb-b486-5fc22b630b5d.jpg'),(401,71,'2014-05-11 22:39:51','2014-05-11 22:39:51','post/71/9937be07-1675-459e-9fa5-a2187c8c5104.jpg'),(402,101,'2014-05-11 22:54:36','2014-05-11 22:54:36','post/101/9159bf5c-c537-46ff-91ef-53194e03d2e2.jpg'),(403,101,'2014-05-11 22:55:06','2014-05-11 22:55:06','post/101/d76b6f30-23f8-43b5-8f45-d8610e1d252e.jpg'),(404,101,'2014-05-11 22:55:07','2014-05-11 22:55:07','post/101/b418184e-1b45-4108-8f4a-08e14adbae1c.jpg'),(405,100,'2014-05-11 22:55:44','2014-05-11 22:55:44','post/100/463a656c-226c-4266-bdb1-b71c80cc4568.jpg'),(406,100,'2014-05-11 22:56:13','2014-05-11 22:56:13','post/100/cb68fb90-c1f4-4884-8fc7-09c3e47a893b.jpg'),(407,100,'2014-05-11 22:56:13','2014-05-11 22:56:13','post/100/41c415f4-5e72-4f11-bf24-8717ff659d02.jpg'),(408,99,'2014-05-11 22:56:50','2014-05-11 22:56:50','post/99/5b6929ca-70c1-465d-9a75-72294bd78905.jpg'),(409,99,'2014-05-11 22:57:49','2014-05-11 22:57:49','post/99/9e08c428-f991-43d7-bba5-cd936743a448.jpg'),(410,99,'2014-05-11 22:57:50','2014-05-11 22:57:50','post/99/9948b8d0-174c-46af-b1fa-625227c10eb6.jpg'),(411,97,'2014-05-11 22:58:08','2014-05-11 22:58:08','post/97/6ea6bb94-ff5b-4068-94f8-992fc986de54.jpg'),(412,97,'2014-05-11 22:58:43','2014-05-11 22:58:43','post/97/0e8ce15a-eda3-4b97-81b9-aefd1e9e6b5a.jpg'),(413,97,'2014-05-11 22:58:43','2014-05-11 22:58:43','post/97/373009b0-2d2c-41a2-bbf4-f562b6f7c34b.jpg'),(414,96,'2014-05-11 22:59:21','2014-05-11 22:59:21','post/96/f04de4bc-f9a7-4366-94e0-b08e170cd9bf.jpg'),(415,96,'2014-05-11 22:59:46','2014-05-11 22:59:46','post/96/6879b00c-2351-44de-a07f-104765ec92f0.jpg'),(416,96,'2014-05-11 22:59:46','2014-05-11 22:59:46','post/96/05c4f29e-f6e6-45e7-a389-15677fc72254.jpg'),(417,95,'2014-05-11 23:00:23','2014-05-11 23:00:23','post/95/1d2d1689-3241-4124-99a3-c2545d6d73d3.jpg'),(418,95,'2014-05-11 23:00:24','2014-05-11 23:00:24','post/95/578e0689-a22b-4991-bc63-574446149566.jpg'),(419,94,'2014-05-11 23:01:04','2014-05-11 23:01:04','post/94/b7018a2c-c515-467b-93a9-b27699c1be98.jpg'),(420,94,'2014-05-11 23:01:05','2014-05-11 23:01:05','post/94/f34d9536-47a5-4fd3-9efb-f28be3dce5b6.jpg'),(421,93,'2014-05-11 23:01:51','2014-05-11 23:01:51','post/93/c9e83573-678e-4c12-a462-93ecf551fcba.jpg'),(422,93,'2014-05-11 23:01:52','2014-05-11 23:01:52','post/93/44544b21-38f8-4683-ad72-a37fa5461065.jpg'),(423,92,'2014-05-11 23:02:21','2014-05-11 23:02:21','post/92/11ee86ac-14b3-4168-924d-7d3908263c3a.jpg'),(424,92,'2014-05-11 23:02:22','2014-05-11 23:02:22','post/92/13bd2c5e-c729-49a3-a075-5f3dd5aa4611.jpg'),(425,91,'2014-05-11 23:02:51','2014-05-11 23:02:51','post/91/aba66e13-e88e-48f4-af24-98d405718903.jpg'),(426,91,'2014-05-11 23:02:51','2014-05-11 23:02:51','post/91/c105ca41-44a1-40b9-bcd5-ac11549ed333.jpg'),(427,89,'2014-05-11 23:04:04','2014-05-11 23:04:04','post/89/e28da544-587d-44cc-9f89-785a47270906.jpg'),(428,89,'2014-05-11 23:04:04','2014-05-11 23:04:04','post/89/fe5fe14a-2cb8-4c58-9472-8e8f0a559f0b.jpg'),(429,86,'2014-05-11 23:11:01','2014-05-11 23:11:01','post/86/d8005b1a-e7fa-4977-b8ce-39d2abe3a1be.jpg'),(430,86,'2014-05-11 23:11:27','2014-05-11 23:11:27','post/86/961a4cf3-d98b-4b17-9bce-ac9e6a1555d5.jpg'),(431,86,'2014-05-11 23:11:27','2014-05-11 23:11:27','post/86/2cba29c1-c3c5-4309-b51d-c6571f182111.jpg'),(432,87,'2014-05-11 23:12:08','2014-05-11 23:12:08','post/87/7c8e0dbd-77b6-4a1b-bf8d-d0f4b3cfd579.jpg'),(433,87,'2014-05-11 23:12:09','2014-05-11 23:12:09','post/87/1c4e85a2-bff1-424c-8d4c-dc82c5cd83f6.jpg'),(434,87,'2014-05-11 23:12:39','2014-05-11 23:12:39','post/87/da8123e6-6bd6-4515-8476-17d174ea7c35.jpg'),(435,88,'2014-05-11 23:13:12','2014-05-11 23:13:12','post/88/2a08e5a6-3fc8-43a8-9ede-1eeb1aba1105.jpg'),(436,88,'2014-05-11 23:13:13','2014-05-11 23:13:13','post/88/88996b69-b059-4706-982f-ede3a4b9e40d.jpg'),(437,88,'2014-05-11 23:14:17','2014-05-11 23:14:17','post/88/96382675-7405-472c-bf82-048c88b69fc0.jpg'),(438,72,'2014-05-12 08:58:10','2014-05-12 08:58:10','post/72/1564a495-0586-4d0f-ae4b-8870da82040a.jpg'),(439,72,'2014-05-12 08:58:39','2014-05-12 08:58:39','post/72/ab2cb24f-dd5f-4d57-a447-d735bdec3b5d.jpg'),(440,72,'2014-05-12 08:58:39','2014-05-12 08:58:39','post/72/ac338212-25f6-45d0-91c9-ce2258b6a420.jpg'),(441,73,'2014-05-12 08:59:06','2014-05-12 08:59:06','post/73/36614c79-6a08-43c1-a5d4-32dd6c935c7d.jpg'),(442,73,'2014-05-12 08:59:30','2014-05-12 08:59:30','post/73/409b0f4a-e184-4802-9757-0aa3fc2a2265.jpg'),(443,73,'2014-05-12 08:59:31','2014-05-12 08:59:31','post/73/2b237c41-ac30-4d42-bbd2-6cee906e4350.jpg'),(444,74,'2014-05-12 09:00:29','2014-05-12 09:00:29','post/74/af4908be-0920-47d9-8f9c-6c73a6e8a13c.jpg'),(445,74,'2014-05-12 09:00:56','2014-05-12 09:00:56','post/74/e9b3b8d0-0376-4aea-a7b7-1c22b3d49b7f.jpg'),(446,74,'2014-05-12 09:00:56','2014-05-12 09:00:56','post/74/75fbef33-d8bf-4737-b30d-6e0d4a83b972.jpg'),(447,76,'2014-05-12 09:01:37','2014-05-12 09:01:37','post/76/1ec69cd6-3618-40f9-bcd4-e57794321bbc.jpg'),(448,76,'2014-05-12 09:02:14','2014-05-12 09:02:14','post/76/7922b641-d52d-476f-af6b-56a90220b957.jpg'),(449,76,'2014-05-12 09:02:16','2014-05-12 09:02:16','post/76/ce3870b6-59fa-4078-b7b9-609aa54928e5.jpg'),(450,77,'2014-05-12 09:03:13','2014-05-12 09:03:13','post/77/38e96002-11f4-48f0-9eb1-08c296fcc98b.jpg'),(451,77,'2014-05-12 09:03:36','2014-05-12 09:03:36','post/77/5a674c48-37a5-40f1-87dc-e5da67834385.jpg'),(452,77,'2014-05-12 09:03:37','2014-05-12 09:03:37','post/77/db537553-2289-4281-adea-a50aef6851c8.jpg'),(453,78,'2014-05-12 09:04:05','2014-05-12 09:04:05','post/78/13e443f5-4f47-440b-8b8d-04937886bef8.jpg'),(454,78,'2014-05-12 09:04:31','2014-05-12 09:04:31','post/78/76efe4f5-4eb9-4eda-b50a-3e95e3c204d5.jpg'),(455,78,'2014-05-12 09:04:32','2014-05-12 09:04:32','post/78/d77fad9d-90ca-4716-9e6d-b758a0995c54.jpg'),(456,79,'2014-05-12 09:05:19','2014-05-12 09:05:19','post/79/bceaca0e-dfae-4ce8-bd33-3e7253625ad5.jpg'),(457,79,'2014-05-12 09:05:48','2014-05-12 09:05:48','post/79/28350729-9829-46b9-acb7-1d0346c8174a.jpg'),(458,79,'2014-05-12 09:05:49','2014-05-12 09:05:49','post/79/7df972dd-bcb8-4b27-9824-cb74be46298b.jpg'),(459,80,'2014-05-12 09:07:31','2014-05-12 09:07:31','post/80/4c860cb0-4085-48d3-bdd1-697be934235f.jpg'),(460,80,'2014-05-12 09:08:14','2014-05-12 09:08:14','post/80/5f601088-0ab3-441a-a5c6-c94a9cbfe3ea.jpg'),(461,80,'2014-05-12 09:08:16','2014-05-12 09:08:16','post/80/a774a845-d9c5-4a91-81de-fdc2925119e9.jpg'),(462,81,'2014-05-12 09:09:03','2014-05-12 09:09:03','post/81/79d74f3f-6a75-480a-8cfe-8e577a89d377.jpg'),(463,81,'2014-05-12 09:09:03','2014-05-12 09:09:03','post/81/d4491d76-7aca-4d6d-bb04-3a9e61eaf471.jpg'),(464,81,'2014-05-12 09:09:30','2014-05-12 09:09:30','post/81/cc6d376c-5dc5-4edd-b613-78350ac7af89.jpg'),(465,82,'2014-05-12 09:10:25','2014-05-12 09:10:25','post/82/8c2c6ba4-82b0-4f40-9329-e962c72214b4.jpg'),(466,82,'2014-05-12 09:10:26','2014-05-12 09:10:26','post/82/23e9e6fb-1d74-4206-b872-1a09f18cae7a.jpg'),(467,82,'2014-05-12 09:10:46','2014-05-12 09:10:46','post/82/99676989-fda2-42a9-b499-de324b10447c.jpg'),(470,85,'2014-05-12 09:15:48','2014-05-12 09:15:48','post/85/6f40074d-9fcd-44de-a9e9-71c0435a16be.jpg'),(471,85,'2014-05-12 09:16:40','2014-05-12 09:16:40','post/85/9aff8f48-42eb-4579-bac5-c4aff4920817.jpg'),(472,85,'2014-05-12 09:16:40','2014-05-12 09:16:40','post/85/f90a994d-eb35-4d53-b931-b36aaa252163.jpg'),(473,84,'2014-05-12 09:17:24','2014-05-12 09:17:24','post/84/e63c84cc-734a-425a-be22-3f5d65c76da3.jpg'),(474,84,'2014-05-12 09:17:56','2014-05-12 09:17:56','post/84/6a7f1262-eaca-48b3-98e9-0336983cebc3.jpg'),(475,84,'2014-05-12 09:17:57','2014-05-12 09:17:57','post/84/49ec911b-241c-4344-bab6-3613f3da6e54.jpg'),(476,83,'2014-05-12 09:18:27','2014-05-12 09:18:27','post/83/38cb3334-8e5f-4266-a9d5-0f34a235d447.jpg'),(477,83,'2014-05-12 09:18:27','2014-05-12 09:18:27','post/83/edd86c7d-c2a8-4274-a558-877387bc5e7a.jpg'),(478,83,'2014-05-12 09:18:50','2014-05-12 09:18:50','post/83/4751dd2f-d225-4319-b55b-6b6d8fb83876.jpg'),(479,184,'2014-05-12 10:15:51','2014-05-12 10:15:51','post/184/a31d5d27-4ab8-4ae3-9546-1488e38bc17d.jpg'),(480,184,'2014-05-12 10:15:53','2014-05-12 10:15:53','post/184/03fe6d4c-88e8-4956-aeb3-5e21e841078f.jpg'),(481,184,'2014-05-12 10:15:55','2014-05-12 10:15:55','post/184/d4f12037-bc2d-4948-ae7a-7dbf20ec74e2.jpg'),(482,184,'2014-05-12 10:15:57','2014-05-12 10:15:57','post/184/3a93d842-0f31-46a2-9c20-9468bfb80876.jpg'),(483,184,'2014-05-12 10:15:59','2014-05-12 10:15:59','post/184/0ae52abc-216c-4ebe-970b-3a4e1dfadef9.jpg'),(484,184,'2014-05-12 10:16:00','2014-05-12 10:16:00','post/184/df895940-f5f1-42a8-9d68-a1b3d0e8773a.jpg'),(485,184,'2014-05-12 10:16:01','2014-05-12 10:16:01','post/184/0bd51b23-0ef1-4ada-9c15-e3a8f7d509c7.jpg'),(486,184,'2014-05-12 10:16:04','2014-05-12 10:16:04','post/184/64d7e03e-4be9-477b-bb84-0708c12a39c6.jpg'),(487,184,'2014-05-12 10:16:06','2014-05-12 10:16:06','post/184/fe4010f8-f958-42d5-a354-8934ccd8b19d.jpg'),(488,184,'2014-05-12 10:16:08','2014-05-12 10:16:08','post/184/1d0093c0-f148-4039-b7a0-73f55c41330d.jpg'),(489,184,'2014-05-12 10:16:10','2014-05-12 10:16:10','post/184/f1828b81-1cf4-43f1-b069-85cfce0c33d2.jpg'),(490,184,'2014-05-12 10:16:13','2014-05-12 10:16:13','post/184/cfbf07d6-f5fe-4f70-a5db-bf5ec1cff8d4.jpg'),(491,185,'2014-05-12 10:28:11','2014-05-12 10:28:11','post/185/8699c3b8-a5d6-478f-91c1-e91d9f1f87e4.jpg'),(492,185,'2014-05-12 10:28:13','2014-05-12 10:28:13','post/185/4c6dac15-65bf-4155-bca1-9eb43f05032b.jpg'),(493,185,'2014-05-12 10:28:15','2014-05-12 10:28:15','post/185/6032c132-9e89-4964-b4f8-aeb32308a226.jpg'),(494,185,'2014-05-12 10:28:16','2014-05-12 10:28:16','post/185/ca65ef4d-9202-49c9-a21c-27d5933384fc.jpg'),(495,186,'2014-05-12 10:30:03','2014-05-12 10:30:03','post/186/9770b2f1-572c-4620-b44b-bb04bfa7a7f0.jpg'),(496,186,'2014-05-12 10:30:05','2014-05-12 10:30:05','post/186/6aa03d76-3d27-42af-8c88-7111b0cd4a5b.jpg'),(497,186,'2014-05-12 10:30:06','2014-05-12 10:30:06','post/186/2ae0efd8-c489-444a-8ca2-dadd8d3a64dd.jpg'),(498,186,'2014-05-12 10:30:08','2014-05-12 10:30:08','post/186/bbbd0016-120a-4158-b6ea-c7da0490515f.jpg'),(499,187,'2014-05-12 10:36:44','2014-05-12 10:36:44','post/187/b8a31b93-1498-4a59-af1f-afb2ad0bfdc3.jpg'),(500,187,'2014-05-12 10:36:46','2014-05-12 10:36:46','post/187/b6662101-717f-4172-9176-12aa76811c99.jpg'),(501,187,'2014-05-12 10:37:30','2014-05-12 10:37:30','post/187/1fe91f29-5277-4479-8b91-980d75e51fb1.jpg'),(502,187,'2014-05-12 10:37:32','2014-05-12 10:37:32','post/187/5e1618d7-7943-40e9-a0dd-4c8bd6239161.jpg'),(503,187,'2014-05-12 10:38:07','2014-05-12 10:38:07','post/187/2bf69f40-baea-4bd0-b961-26202b587f94.jpg'),(504,203,'2014-05-12 10:43:31','2014-05-12 10:43:31','post/203/52abaf8f-5899-44dc-9332-b99c9411b8a2.jpg'),(505,203,'2014-05-12 10:43:32','2014-05-12 10:43:32','post/203/0efe53b1-2b1d-43ec-9ecd-c36196227782.jpg'),(506,188,'2014-05-12 10:44:19','2014-05-12 10:44:19','post/188/d949e6ef-b318-416a-a0e4-ada38df6926a.jpg'),(507,188,'2014-05-12 10:44:21','2014-05-12 10:44:21','post/188/6973d33a-8bd5-403e-b3c1-ef15c1b1d4ea.jpg'),(508,189,'2014-05-12 10:46:14','2014-05-12 10:46:14','post/189/c1b7cc0e-5832-44dd-bf3b-04d3c8b2d3fa.jpg'),(509,189,'2014-05-12 10:56:03','2014-05-12 10:56:03','post/189/6592d1e8-5095-4f40-a877-de863bd184e9.jpg'),(510,189,'2014-05-12 10:56:04','2014-05-12 10:56:04','post/189/0e5ef5f1-f900-42fd-8dca-1b8eea31d1b5.jpg'),(511,189,'2014-05-12 10:56:37','2014-05-12 10:56:37','post/189/6e9ab049-e04e-41bf-ae45-789bbc492d94.jpg'),(512,189,'2014-05-12 10:56:39','2014-05-12 10:56:39','post/189/59623028-f1bd-413b-9b03-a2b013c8121d.jpg'),(513,189,'2014-05-12 10:57:03','2014-05-12 10:57:03','post/189/55746097-f890-4045-9c2b-5bc532c09d58.jpg'),(514,189,'2014-05-12 10:57:04','2014-05-12 10:57:04','post/189/dced860d-696d-4e91-927f-16522c27ab21.jpg'),(515,189,'2014-05-12 10:57:30','2014-05-12 10:57:30','post/189/8c43c48f-9520-4743-acfa-63632040096f.jpg'),(516,189,'2014-05-12 10:57:32','2014-05-12 10:57:32','post/189/6ded2aa6-d7fd-4597-a2da-8819949f5839.jpg'),(533,191,'2014-05-12 11:13:13','2014-05-12 11:13:13','post/191/557a01d0-8701-4bdf-bdba-09f8c649afc5.jpg'),(534,191,'2014-05-12 11:15:19','2014-05-12 11:15:19','post/191/27a44c8d-2897-40ca-bb91-b208a8e2f4c6.jpg'),(535,191,'2014-05-12 11:17:00','2014-05-12 11:17:00','post/191/799091b7-36c3-450a-bcc8-c1e5c9f006b0.jpg'),(536,191,'2014-05-12 11:17:40','2014-05-12 11:17:40','post/191/e9062266-830a-4413-8432-85b819c238c3.jpg'),(537,191,'2014-05-12 11:18:12','2014-05-12 11:18:12','post/191/d7db6740-bcb4-490d-baaf-d80d2c1f520b.jpg'),(538,191,'2014-05-12 11:20:09','2014-05-12 11:20:09','post/191/1020487a-4129-4888-b1cb-3fd42d556b97.jpg'),(539,191,'2014-05-12 11:20:28','2014-05-12 11:20:28','post/191/84e3a6e8-a8fa-40ba-9b6a-3f6e26222401.jpg'),(540,191,'2014-05-12 11:20:48','2014-05-12 11:20:48','post/191/e3ebbc45-caee-4cea-b254-d71c57c021b7.jpg'),(541,191,'2014-05-12 11:21:10','2014-05-12 11:21:10','post/191/03215f98-266c-462c-ab0b-c68913ae35ff.jpg'),(542,191,'2014-05-12 11:21:29','2014-05-12 11:21:29','post/191/1fbcd86c-b4d3-49db-aedf-6e0210bb8f2e.jpg'),(543,191,'2014-05-12 11:22:16','2014-05-12 11:22:16','post/191/3a4f99a2-5fa4-4718-b999-6ca8d2a54d26.jpg'),(544,191,'2014-05-12 11:22:44','2014-05-12 11:22:44','post/191/e69e07b5-1137-4d3a-8bd4-9430cafe3d53.jpg'),(545,191,'2014-05-12 11:23:10','2014-05-12 11:23:10','post/191/29e43dda-15b6-471a-b660-8daaa030adf9.jpg'),(546,192,'2014-05-12 11:23:56','2014-05-12 11:23:56','post/192/a3c21470-f7d8-4668-85e8-524296f21ce3.jpg'),(547,192,'2014-05-12 11:24:27','2014-05-12 11:24:27','post/192/5595a3a4-79bb-4ef5-8867-968bbeebeaff.jpg'),(548,192,'2014-05-12 11:25:08','2014-05-12 11:25:08','post/192/cb2831ef-7d41-410d-af08-d5ca722acf33.jpg'),(549,192,'2014-05-12 11:25:29','2014-05-12 11:25:29','post/192/491d8cc8-862b-4340-b44d-79095221b555.jpg'),(550,192,'2014-05-12 11:25:54','2014-05-12 11:25:54','post/192/31180c70-feb1-43c0-9f0e-b3d8ce566556.jpg'),(551,192,'2014-05-12 11:26:20','2014-05-12 11:26:20','post/192/2653ac41-828a-423e-a707-26b5ac1f1588.jpg'),(552,192,'2014-05-12 11:26:43','2014-05-12 11:26:43','post/192/b60ded56-0763-4484-869c-cbc5122d22b3.jpg'),(553,192,'2014-05-12 11:27:08','2014-05-12 11:27:08','post/192/41775a82-80d6-4512-9db5-300b5dd1e743.jpg'),(554,192,'2014-05-12 11:27:31','2014-05-12 11:27:31','post/192/a71a7d31-a23b-4bc4-8adb-e7c61b081dd6.jpg'),(555,192,'2014-05-12 11:27:58','2014-05-12 11:27:58','post/192/edeb71eb-a515-405b-becd-d1f9c8ff2150.jpg'),(556,192,'2014-05-12 11:28:21','2014-05-12 11:28:21','post/192/f0f57955-0ea5-4d5f-9de3-127180e7179e.jpg'),(557,192,'2014-05-12 11:28:49','2014-05-12 11:28:49','post/192/03a1f5cb-c8fb-4b82-ad9e-84ed2eb616bb.jpg'),(558,194,'2014-05-12 11:42:04','2014-05-12 11:42:04','post/194/8ad0e4b5-542d-471b-83d7-0bbb72ddab71.jpg'),(559,194,'2014-05-12 11:42:45','2014-05-12 11:42:45','post/194/962852a5-773a-43cb-9a94-e94aa7e790a6.jpg'),(560,194,'2014-05-12 11:43:07','2014-05-12 11:43:07','post/194/1c5384d3-42d7-4963-a5b3-d751a7db8032.jpg'),(561,194,'2014-05-12 11:43:47','2014-05-12 11:43:47','post/194/8135efb9-1862-494c-9d91-2b2db0ca5759.jpg'),(562,194,'2014-05-12 11:44:11','2014-05-12 11:44:11','post/194/b57e108d-5ce4-4517-a84f-3a9d5048cfa1.jpg'),(563,194,'2014-05-12 11:44:49','2014-05-12 11:44:49','post/194/96ef0d1e-9dd7-42c1-a4c2-7fcf4e8bb3dd.jpg'),(564,194,'2014-05-12 11:45:41','2014-05-12 11:45:41','post/194/c87e6cf3-6cfa-402b-8089-078258713658.jpg'),(565,194,'2014-05-12 11:46:15','2014-05-12 11:46:15','post/194/2ed9bfc9-5e3b-4eaf-9483-603832582a5d.jpg'),(566,194,'2014-05-12 11:46:34','2014-05-12 11:46:34','post/194/d159a932-0720-43f7-9dfc-fc928ea60cc7.jpg'),(567,194,'2014-05-12 11:46:58','2014-05-12 11:46:58','post/194/a5d2c19d-e88f-42c4-8338-f524830ade48.jpg'),(568,194,'2014-05-12 11:47:30','2014-05-12 11:47:30','post/194/9b79a102-6194-4811-a24d-7410eeb23690.jpg'),(569,194,'2014-05-12 11:47:52','2014-05-12 11:47:52','post/194/c0378bad-9e33-4c6c-ae4d-0710c9f555c2.jpg'),(570,195,'2014-05-12 11:48:52','2014-05-12 11:48:52','post/195/fdbbe2d7-e884-43df-8af5-2aee50d81abc.jpg'),(571,195,'2014-05-12 11:49:53','2014-05-12 11:49:53','post/195/d619b797-e567-4846-a04e-65a8255cff90.jpg'),(572,195,'2014-05-12 11:50:18','2014-05-12 11:50:18','post/195/1b55b81f-59c5-4b2c-8730-7bdaca14f3fd.jpg'),(573,195,'2014-05-12 11:51:03','2014-05-12 11:51:03','post/195/256600d0-b557-403b-8761-b917d6aaa27b.jpg'),(574,193,'2014-05-12 11:51:32','2014-05-12 11:51:32','post/193/a753113c-9ec6-4fec-a397-b035796e7586.jpg'),(575,193,'2014-05-12 11:52:28','2014-05-12 11:52:28','post/193/fdc88695-fe30-4bcd-8966-1050bb780a82.jpg'),(576,193,'2014-05-12 11:52:29','2014-05-12 11:52:29','post/193/e6122062-9ab5-49cc-aee9-5d5d015a0d0c.jpg'),(577,197,'2014-05-12 12:03:20','2014-05-12 12:03:20','post/197/e9326c2f-8bc3-446f-9cb7-48055ea9ce57.jpg'),(578,197,'2014-05-12 12:03:44','2014-05-12 12:03:44','post/197/a91fa792-4f79-4184-ab49-58556e2ff68a.jpg'),(579,197,'2014-05-12 12:04:13','2014-05-12 12:04:13','post/197/0e3e7a10-5418-4d99-be8e-3b83c0d49c63.jpg'),(580,197,'2014-05-12 12:04:43','2014-05-12 12:04:43','post/197/b54ea2f2-a737-4756-b50f-2e47b35ebe7d.jpg'),(581,197,'2014-05-12 12:05:03','2014-05-12 12:05:03','post/197/e3cdefbb-2fe8-4fab-b3bf-4310a5f44839.jpg'),(582,197,'2014-05-12 12:05:46','2014-05-12 12:05:46','post/197/ec01e029-f497-4e9a-8f22-68ff102cab4d.jpg'),(583,197,'2014-05-12 12:06:36','2014-05-12 12:06:36','post/197/1a1c1ee9-c43c-4551-aaad-05ee5ec52024.jpg'),(584,197,'2014-05-12 12:07:33','2014-05-12 12:07:33','post/197/a9ca123f-d1d6-4210-8621-569ad60c9523.jpg'),(585,197,'2014-05-12 12:07:59','2014-05-12 12:07:59','post/197/33b16f66-69d7-45fc-8f2b-3c1fae6dcf2b.jpg'),(586,197,'2014-05-12 12:08:20','2014-05-12 12:08:20','post/197/1a756ace-527f-4ed2-b719-41cb2ad389f0.jpg'),(587,197,'2014-05-12 12:08:40','2014-05-12 12:08:40','post/197/9c385b4e-6252-4348-ba22-99d121a14683.jpg'),(588,197,'2014-05-12 12:09:02','2014-05-12 12:09:02','post/197/e2e57c8a-2f15-4c73-9efd-cb17b0a54e70.jpg'),(589,199,'2014-05-12 12:16:27','2014-05-12 12:16:27','post/199/8e0e72f5-6c03-4b19-9ac5-b3c3bb270f33.jpg'),(590,199,'2014-05-12 12:17:07','2014-05-12 12:17:07','post/199/a2de32cb-c8e8-4b4b-b164-ecc715af2b0f.jpg'),(591,199,'2014-05-12 12:17:32','2014-05-12 12:17:32','post/199/95db217d-ff81-4a8a-aced-b52d323d60ba.jpg'),(592,199,'2014-05-12 12:18:00','2014-05-12 12:18:00','post/199/b71f71cd-7c1b-4483-b29a-6d62fc7bcfbe.jpg'),(593,199,'2014-05-12 12:18:25','2014-05-12 12:18:25','post/199/9efee0de-f9f4-483d-b8b3-0d0456795014.jpg'),(594,199,'2014-05-12 12:18:58','2014-05-12 12:18:58','post/199/8ca26f6e-1e32-497d-8798-2125057f0cf8.jpg'),(595,199,'2014-05-12 12:19:36','2014-05-12 12:19:36','post/199/3b911ab2-de4b-4b19-aae8-6d289890096a.jpg'),(596,199,'2014-05-12 12:19:57','2014-05-12 12:19:57','post/199/e6bd2ee9-5f74-4341-abda-665d082263f7.jpg'),(597,199,'2014-05-12 12:20:19','2014-05-12 12:20:19','post/199/c09244ad-5206-4ddb-8c54-64a3efe05be1.jpg'),(598,199,'2014-05-12 12:20:37','2014-05-12 12:20:37','post/199/ba4ccb56-97fa-4e80-86bf-97ce433ee4de.jpg'),(599,199,'2014-05-12 12:21:03','2014-05-12 12:21:03','post/199/74fb1ff3-4765-4689-bcaa-58ef0be00e25.jpg'),(600,201,'2014-05-12 12:28:26','2014-05-12 12:28:26','post/201/9e05bab4-fe5d-4da8-aba5-9f3398253a52.jpg'),(601,201,'2014-05-12 12:29:13','2014-05-12 12:29:13','post/201/cff247bc-35e7-4237-a0ca-534c6e0f6fe3.jpg'),(602,201,'2014-05-12 12:30:04','2014-05-12 12:30:04','post/201/5cf3292d-a566-455a-8a52-adc8239825bc.jpg'),(603,201,'2014-05-12 12:30:28','2014-05-12 12:30:28','post/201/ddd679e1-b7ee-4ef8-ac17-cc5b622bfcd3.jpg'),(604,201,'2014-05-12 12:31:09','2014-05-12 12:31:09','post/201/9a6a65a0-072b-47d6-89bb-02e07049ea6b.jpg'),(605,201,'2014-05-12 12:31:35','2014-05-12 12:31:35','post/201/3d5c339d-8ac7-4b7c-9692-55a09ab01f14.jpg'),(606,201,'2014-05-12 12:31:54','2014-05-12 12:31:54','post/201/927efb4a-e080-4d49-a3a2-bcad149124a2.jpg'),(607,201,'2014-05-12 12:32:43','2014-05-12 12:32:43','post/201/2a9107a7-292e-4e42-b051-53265cce0c55.jpg'),(608,201,'2014-05-12 12:33:10','2014-05-12 12:33:10','post/201/7d6a85b0-00b9-4755-aa91-bd03c87bbc11.jpg'),(609,201,'2014-05-12 12:33:28','2014-05-12 12:33:28','post/201/8d4383ec-8504-4fad-9fc8-43e9bf3bd9be.jpg'),(610,202,'2014-05-12 13:42:17','2014-05-12 13:42:17','post/202/43acc032-3689-46b8-bb92-3104e0b69b8e.jpg'),(611,202,'2014-05-12 13:42:46','2014-05-12 13:42:46','post/202/c044cc58-8428-44b1-9240-d5a7572ae01a.jpg'),(612,202,'2014-05-12 13:43:14','2014-05-12 13:43:14','post/202/45bd3387-3320-481f-8432-4d38e3569e0d.jpg'),(613,202,'2014-05-12 13:43:40','2014-05-12 13:43:40','post/202/0cae4021-7c87-4618-b186-cd4892352807.jpg'),(614,202,'2014-05-12 13:44:32','2014-05-12 13:44:32','post/202/d6bc1a54-848d-4022-a9a5-f0a39b3680ad.jpg'),(615,202,'2014-05-12 13:46:11','2014-05-12 13:46:11','post/202/2050892a-3402-4f46-acc0-36d88125eb69.jpg'),(616,202,'2014-05-12 13:46:50','2014-05-12 13:46:50','post/202/3d0cc4cc-9015-45ab-a950-498da8975965.jpg'),(617,202,'2014-05-12 13:47:23','2014-05-12 13:47:23','post/202/6a3aec18-feb3-4c75-9c44-c270e28d6932.jpg'),(618,198,'2014-05-12 13:58:42','2014-05-12 13:58:42','post/198/53cb9b0d-f650-42dc-97b3-d1cf789cada1.jpg'),(619,198,'2014-05-12 13:58:42','2014-05-12 13:58:42','post/198/e96f67e8-d911-45f0-809c-74cdf0bca5b1.jpg'),(620,198,'2014-05-12 14:00:00','2014-05-12 14:00:00','post/198/1e21f928-b742-48ac-b140-2e923efdd5f2.jpg'),(621,198,'2014-05-12 14:00:24','2014-05-12 14:00:24','post/198/9118875a-9b36-4bd3-b43b-643fd7c5c2c8.jpg'),(622,198,'2014-05-12 14:01:39','2014-05-12 14:01:39','post/198/798c7024-0bb6-4c46-ab4a-9608503f663d.jpg'),(623,198,'2014-05-12 14:02:26','2014-05-12 14:02:26','post/198/8cd286e4-0e46-441d-9af4-bd390ee9bc4d.jpg'),(624,198,'2014-05-12 14:03:15','2014-05-12 14:03:15','post/198/076064bb-9194-4ef9-9914-2d75c8139bab.jpg'),(625,198,'2014-05-12 14:03:43','2014-05-12 14:03:43','post/198/20b67a1e-f4fc-4af9-a0e6-45dfe02782ce.jpg'),(626,198,'2014-05-12 14:03:55','2014-05-12 14:03:55','post/198/7b7f8eda-201e-45d0-87b7-07982f454e60.jpg'),(627,198,'2014-05-12 14:04:04','2014-05-12 14:04:04','post/198/64eb1621-045a-4944-a5be-1b5b9c88a0f4.jpg'),(628,198,'2014-05-12 14:04:30','2014-05-12 14:04:30','post/198/c4da649d-08f0-43dc-80cd-92505266d371.jpg'),(629,198,'2014-05-12 14:04:50','2014-05-12 14:04:50','post/198/58083cb0-56fd-408c-be21-c1f49db3271a.jpg'),(631,217,'2014-05-13 10:35:28','2014-05-13 10:35:28','post/217/18db7ba4-f581-4352-bd52-f8afa83ae5c7.jpg'),(632,217,'2014-05-13 10:42:33','2014-05-13 10:42:33','post/217/3a4d47be-26d6-4ae3-a614-6a5d9450fe1e.jpg'),(633,217,'2014-05-13 10:43:00','2014-05-13 10:43:00','post/217/b87e6cf8-e3c4-4643-925e-1e09f2182823.jpg'),(634,217,'2014-05-13 10:43:22','2014-05-13 10:43:22','post/217/55d65e37-cc00-426b-a623-594cee6c9d6b.jpg'),(635,217,'2014-05-13 10:43:40','2014-05-13 10:43:40','post/217/b48572cc-6251-4a4f-a210-10222931cbde.jpg'),(636,217,'2014-05-13 10:43:59','2014-05-13 10:43:59','post/217/74cc711a-2696-4525-9cc3-4cd91dea5b8a.jpg'),(637,217,'2014-05-13 10:44:18','2014-05-13 10:44:18','post/217/43d7e4db-f2b0-4bf2-a4fc-c2f153ef0b72.jpg'),(638,217,'2014-05-13 10:44:35','2014-05-13 10:44:35','post/217/8007d99f-8507-4ff1-a2d2-81f8592b20a9.jpg'),(639,217,'2014-05-13 10:44:53','2014-05-13 10:44:53','post/217/820c9676-1151-4dee-a993-b52f037623f4.jpg'),(640,217,'2014-05-13 10:45:10','2014-05-13 10:45:10','post/217/ba93a7d4-8031-430c-8b28-5d805cd4f682.jpg'),(641,217,'2014-05-13 10:45:29','2014-05-13 10:45:29','post/217/cd4dc334-a46f-455c-89ad-d44986675ce0.jpg'),(642,217,'2014-05-13 10:45:54','2014-05-13 10:45:54','post/217/bb68b7bb-378e-4e63-9303-b1e1bda62376.jpg'),(643,217,'2014-05-13 10:46:16','2014-05-13 10:46:16','post/217/83143ca1-673d-4f29-a454-1f3ae94b44aa.jpg'),(644,217,'2014-05-13 10:46:45','2014-05-13 10:46:45','post/217/b731f93d-44ed-4b7f-9ad9-877bb648c1c0.jpg'),(645,217,'2014-05-13 10:47:08','2014-05-13 10:47:08','post/217/7e3a7be8-4608-493b-9215-4dfe437cd91c.jpg'),(678,211,'2014-05-13 15:56:43','2014-05-13 15:56:43','post/211/204db300-c49c-4ebe-a03f-0959851f3a16.jpg'),(679,211,'2014-05-13 15:57:40','2014-05-13 15:57:40','post/211/d013bff1-dabe-4465-b16d-094fdd20fd77.jpg'),(680,211,'2014-05-13 15:57:51','2014-05-13 15:57:51','post/211/76a4d9a9-20ed-4f96-85e7-4044089f2aca.jpg'),(681,211,'2014-05-13 15:58:03','2014-05-13 15:58:03','post/211/2513e433-6e3c-465f-92ab-688bcf255d71.jpg'),(682,211,'2014-05-13 15:58:10','2014-05-13 15:58:10','post/211/72cf1ed1-933b-4a0f-8e51-e547b89c7a74.jpg'),(683,211,'2014-05-13 15:58:14','2014-05-13 15:58:14','post/211/da9a4a85-40cd-456e-8217-966f369f4961.jpg'),(692,215,'2014-05-15 14:09:23','2014-05-15 14:09:23','post/215/64403bb6-b641-4aed-a4d6-23effcbac42b.jpg'),(693,215,'2014-05-15 14:10:47','2014-05-15 14:10:47','post/215/a2aca53c-4f55-4d9c-a7a1-51990dccd307.jpg'),(694,215,'2014-05-15 14:11:19','2014-05-15 14:11:19','post/215/83b1238d-b9f5-4a6c-855e-a6ac578ada59.jpg'),(695,215,'2014-05-15 14:12:22','2014-05-15 14:12:22','post/215/d5cf65f3-dd1c-4032-8e32-bf0dc3b417db.jpg'),(696,215,'2014-05-15 14:13:23','2014-05-15 14:13:23','post/215/413d8568-cf9c-4732-99e5-f7d275cb9069.jpg');
/*!40000 ALTER TABLE `core_post_photo` ENABLE KEYS */;
UNLOCK TABLES;

--
-- Table structure for table `core_property`
--

DROP TABLE IF EXISTS `core_property`;
/*!40101 SET @saved_cs_client     = @@character_set_client */;
/*!40101 SET character_set_client = utf8 */;
CREATE TABLE `core_property` (
  `id` int(11) NOT NULL AUTO_INCREMENT,
  `user_id` int(11) NOT NULL,
  `category_id` int(11) NOT NULL,
  `subcategory_id` int(11) DEFAULT NULL,
  `creation_date` datetime NOT NULL,
  `last_update` datetime NOT NULL,
  `antiqueness` smallint(5) unsigned NOT NULL,
  `square_meters` double DEFAULT NULL,
  `total_uncovered_meters` double DEFAULT NULL,
  `location_id` int(11) NOT NULL,
  `lightness` smallint(5) unsigned NOT NULL,
  `orientation` smallint(5) unsigned NOT NULL,
  `disposition` smallint(5) unsigned NOT NULL,
  `quantityAmbiences` smallint(5) unsigned NOT NULL,
  `quantityBathrooms` smallint(5) unsigned NOT NULL,
  `quantityBedrooms` smallint(5) unsigned NOT NULL,
  `quantityGarages` smallint(5) unsigned NOT NULL,
  `garageCoverage` smallint(5) unsigned DEFAULT NULL,
  `buildingType` smallint(5) unsigned NOT NULL,
  `buildingStatus` smallint(5) unsigned NOT NULL,
  `buildingCategory` smallint(5) unsigned NOT NULL,
  `apartmentsPerFloor` smallint(5) unsigned DEFAULT NULL,
  `quantityBuildingFloors` smallint(5) unsigned DEFAULT NULL,
  `floorNumber` smallint(5) unsigned DEFAULT NULL,
  `quantityElevators` smallint(5) unsigned NOT NULL,
  `expenses` double DEFAULT NULL,
  `roofType` varchar(1) NOT NULL,
  `industrialRoofType` varchar(3) NOT NULL,
  `roofHeight` double DEFAULT NULL,
  `gateType` varchar(3) NOT NULL,
  `frontGround` double DEFAULT NULL,
  `largeGround` double DEFAULT NULL,
  `hectares` double DEFAULT NULL,
  `fot` double DEFAULT NULL,
  `fos` double DEFAULT NULL,
  `suitableProfessional` smallint(5) unsigned NOT NULL,
  `commercialUsage` smallint(5) unsigned NOT NULL,
  `suitableCredit` smallint(5) unsigned DEFAULT NULL,
  `providesFunding` smallint(5) unsigned DEFAULT NULL,
  `stage` varchar(3) NOT NULL,
  `deliveryYear` varchar(3) NOT NULL,
  `total_covered_meters` double DEFAULT NULL,
  PRIMARY KEY (`id`),
  UNIQUE KEY `location_id` (`location_id`),
  KEY `core_property_6340c63c` (`user_id`),
  KEY `core_property_6f33f001` (`category_id`),
  KEY `core_property_790ef9fb` (`subcategory_id`),
  CONSTRAINT `category_id_refs_id_e90c3736` FOREIGN KEY (`category_id`) REFERENCES `core_category` (`id`),
  CONSTRAINT `location_id_refs_id_e3603458` FOREIGN KEY (`location_id`) REFERENCES `core_location` (`id`),
  CONSTRAINT `subcategory_id_refs_id_b4c82e44` FOREIGN KEY (`subcategory_id`) REFERENCES `core_sub_category` (`id`),
  CONSTRAINT `user_id_refs_id_2d3884e0` FOREIGN KEY (`user_id`) REFERENCES `auth_user` (`id`)
) ENGINE=InnoDB AUTO_INCREMENT=222 DEFAULT CHARSET=latin1;
/*!40101 SET character_set_client = @saved_cs_client */;

--
-- Dumping data for table `core_property`
--

LOCK TABLES `core_property` WRITE;
/*!40000 ALTER TABLE `core_property` DISABLE KEYS */;
INSERT INTO `core_property` VALUES (66,9,1,7,'2014-04-10 12:18:27','2014-04-10 12:33:33',0,54,NULL,82,0,0,0,0,0,0,0,0,0,0,0,NULL,NULL,NULL,0,NULL,'0','0',NULL,'0',NULL,NULL,NULL,NULL,NULL,0,0,0,0,'0','0',NULL),(67,9,1,7,'2014-04-10 12:21:19','2014-04-10 12:33:18',0,27,NULL,83,0,0,0,0,0,0,0,0,0,0,0,NULL,NULL,NULL,0,NULL,'0','0',NULL,'0',NULL,NULL,NULL,NULL,NULL,0,0,0,0,'0','0',NULL),(68,9,1,7,'2014-04-10 12:23:48','2014-04-10 12:31:07',0,52,NULL,84,0,0,0,0,0,0,0,0,0,0,0,NULL,NULL,NULL,0,NULL,'0','0',NULL,'0',NULL,NULL,NULL,NULL,NULL,0,0,0,0,'0','0',NULL),(69,9,1,1,'2014-04-10 12:25:31','2014-04-10 12:31:50',0,38,NULL,85,0,0,0,0,0,0,0,0,0,0,0,NULL,NULL,NULL,0,NULL,'0','0',NULL,'0',NULL,NULL,NULL,NULL,NULL,0,0,0,0,'0','0',NULL),(70,9,1,7,'2014-04-10 12:28:45','2014-04-10 12:32:18',0,38,NULL,86,0,0,0,0,0,0,0,0,0,0,0,NULL,NULL,NULL,0,NULL,'0','0',NULL,'0',NULL,NULL,NULL,NULL,NULL,0,0,0,0,'0','0',NULL),(71,9,1,7,'2014-04-10 12:36:58','2014-04-10 12:36:58',0,72,NULL,87,0,0,0,0,0,0,0,0,0,0,0,NULL,NULL,NULL,0,NULL,'0','0',NULL,'0',NULL,NULL,NULL,NULL,NULL,0,0,0,0,'0','0',NULL),(72,9,1,7,'2014-04-10 12:38:29','2014-04-10 12:38:29',0,74,NULL,88,0,0,0,0,0,0,0,0,0,0,0,NULL,NULL,NULL,0,NULL,'0','0',NULL,'0',NULL,NULL,NULL,NULL,NULL,0,0,0,0,'0','0',NULL),(73,9,1,7,'2014-04-10 12:43:01','2014-04-10 12:43:01',0,69,NULL,89,0,0,0,0,0,0,0,0,0,0,0,NULL,NULL,NULL,0,NULL,'0','0',NULL,'0',NULL,NULL,NULL,NULL,NULL,0,0,0,0,'0','0',NULL),(74,9,1,7,'2014-04-10 12:45:15','2014-04-10 12:45:15',0,46,NULL,90,0,0,0,0,0,0,0,0,0,0,0,NULL,NULL,NULL,0,NULL,'0','0',NULL,'0',NULL,NULL,NULL,NULL,NULL,0,0,0,0,'0','0',NULL),(75,9,1,7,'2014-04-10 12:47:23','2014-04-10 12:47:23',0,62,NULL,91,0,0,0,0,0,0,0,0,0,0,0,NULL,NULL,NULL,0,NULL,'0','0',NULL,'0',NULL,NULL,NULL,NULL,NULL,0,0,0,0,'0','0',NULL),(76,9,1,7,'2014-04-10 12:49:02','2014-04-10 12:49:02',0,44,NULL,92,0,0,0,0,0,0,0,0,0,0,0,NULL,NULL,NULL,0,NULL,'0','0',NULL,'0',NULL,NULL,NULL,NULL,NULL,0,0,0,0,'0','0',NULL),(77,9,1,7,'2014-04-10 12:50:01','2014-04-10 12:50:01',0,39,NULL,93,0,0,0,0,0,0,0,0,0,0,0,NULL,NULL,NULL,0,NULL,'0','0',NULL,'0',NULL,NULL,NULL,NULL,NULL,0,0,0,0,'0','0',NULL),(78,9,1,7,'2014-04-10 12:51:01','2014-04-10 12:51:01',0,38,NULL,94,0,0,0,0,0,0,0,0,0,0,0,NULL,NULL,NULL,0,NULL,'0','0',NULL,'0',NULL,NULL,NULL,NULL,NULL,0,0,0,0,'0','0',NULL),(79,9,1,7,'2014-04-10 12:51:56','2014-04-10 12:51:56',0,26,NULL,95,0,0,0,0,0,0,0,0,0,0,0,NULL,NULL,NULL,0,NULL,'0','0',NULL,'0',NULL,NULL,NULL,NULL,NULL,0,0,0,0,'0','0',NULL),(80,9,1,7,'2014-04-10 12:52:55','2014-04-10 12:52:55',0,50,NULL,96,0,0,0,0,0,0,0,0,0,0,0,NULL,NULL,NULL,0,NULL,'0','0',NULL,'0',NULL,NULL,NULL,NULL,NULL,0,0,0,0,'0','0',NULL),(81,9,1,7,'2014-04-10 12:54:13','2014-04-10 12:54:13',0,39,NULL,97,0,0,0,0,0,0,0,0,0,0,0,NULL,NULL,NULL,0,NULL,'0','0',NULL,'0',NULL,NULL,NULL,NULL,NULL,0,0,0,0,'0','0',NULL),(82,9,1,7,'2014-04-10 12:55:15','2014-04-10 12:55:15',0,26,NULL,98,0,0,0,0,0,0,0,0,0,0,0,NULL,NULL,NULL,0,NULL,'0','0',NULL,'0',NULL,NULL,NULL,NULL,NULL,0,0,0,0,'0','0',NULL),(83,9,1,7,'2014-04-10 12:56:24','2014-04-10 12:56:24',0,51,NULL,99,0,0,0,0,0,0,0,0,0,0,0,NULL,NULL,NULL,0,NULL,'0','0',NULL,'0',NULL,NULL,NULL,NULL,NULL,0,0,0,0,'0','0',NULL),(84,9,1,7,'2014-04-10 12:57:29','2014-04-10 12:57:29',0,33,NULL,100,0,0,0,0,0,0,0,0,0,0,0,NULL,NULL,NULL,0,NULL,'0','0',NULL,'0',NULL,NULL,NULL,NULL,NULL,0,0,0,0,'0','0',NULL),(85,9,1,7,'2014-04-10 12:58:37','2014-04-10 12:58:37',0,93,NULL,101,0,0,0,0,0,0,0,0,0,0,0,NULL,NULL,NULL,0,NULL,'0','0',NULL,'0',NULL,NULL,NULL,NULL,NULL,0,0,0,0,'0','0',NULL),(86,9,1,7,'2014-04-10 12:59:43','2014-04-10 12:59:43',0,85,NULL,102,0,0,0,0,0,0,0,0,0,0,0,NULL,NULL,NULL,0,NULL,'0','0',NULL,'0',NULL,NULL,NULL,NULL,NULL,0,0,0,0,'0','0',NULL),(87,9,1,7,'2014-04-10 13:10:49','2014-04-10 13:10:49',0,49,NULL,103,0,0,0,0,0,0,0,0,0,0,0,NULL,NULL,NULL,0,NULL,'0','0',NULL,'0',NULL,NULL,NULL,NULL,NULL,0,0,0,0,'0','0',NULL),(88,9,1,7,'2014-04-10 13:12:02','2014-04-10 13:12:02',0,40,NULL,104,0,0,0,0,0,0,0,0,0,0,0,NULL,NULL,NULL,0,NULL,'0','0',NULL,'0',NULL,NULL,NULL,NULL,NULL,0,0,0,0,'0','0',NULL),(89,9,1,7,'2014-04-10 13:13:14','2014-04-10 13:13:14',0,49,NULL,105,0,0,0,0,0,0,0,0,0,0,0,NULL,NULL,NULL,0,NULL,'0','0',NULL,'0',NULL,NULL,NULL,NULL,NULL,0,0,0,0,'0','0',NULL),(90,9,1,7,'2014-04-10 13:14:11','2014-04-10 13:14:11',0,49,NULL,106,0,0,0,0,0,0,0,0,0,0,0,NULL,NULL,NULL,0,NULL,'0','0',NULL,'0',NULL,NULL,NULL,NULL,NULL,0,0,0,0,'0','0',NULL),(91,9,1,7,'2014-04-10 13:15:32','2014-04-10 13:15:32',0,40,NULL,107,0,0,0,0,0,0,0,0,0,0,0,NULL,NULL,NULL,0,NULL,'0','0',NULL,'0',NULL,NULL,NULL,NULL,NULL,0,0,0,0,'0','0',NULL),(92,9,1,7,'2014-04-10 13:17:25','2014-04-10 13:17:25',0,40,NULL,108,0,0,0,0,0,0,0,0,0,0,0,NULL,NULL,NULL,0,NULL,'0','0',NULL,'0',NULL,NULL,NULL,NULL,NULL,0,0,0,0,'0','0',NULL),(93,9,1,7,'2014-04-10 13:19:51','2014-04-10 13:19:51',0,37,NULL,109,0,0,0,0,0,0,0,0,0,0,0,NULL,NULL,NULL,0,NULL,'0','0',NULL,'0',NULL,NULL,NULL,NULL,NULL,0,0,0,0,'0','0',NULL),(94,9,1,7,'2014-04-10 13:21:13','2014-04-10 13:21:13',0,36,NULL,110,0,0,0,0,0,0,0,0,0,0,0,NULL,NULL,NULL,0,NULL,'0','0',NULL,'0',NULL,NULL,NULL,NULL,NULL,0,0,0,0,'0','0',NULL),(95,9,1,7,'2014-04-10 13:22:06','2014-04-10 13:22:06',0,49,NULL,111,0,0,0,0,0,0,0,0,0,0,0,NULL,NULL,NULL,0,NULL,'0','0',NULL,'0',NULL,NULL,NULL,NULL,NULL,0,0,0,0,'0','0',NULL),(96,9,1,7,'2014-04-10 13:23:21','2014-04-10 13:23:21',0,49,NULL,112,0,0,0,0,0,0,0,0,0,0,0,NULL,NULL,NULL,0,NULL,'0','0',NULL,'0',NULL,NULL,NULL,NULL,NULL,0,0,0,0,'0','0',NULL),(97,9,1,7,'2014-04-10 13:24:17','2014-04-10 13:24:17',0,40,NULL,113,0,0,0,0,0,0,0,0,0,0,0,NULL,NULL,NULL,0,NULL,'0','0',NULL,'0',NULL,NULL,NULL,NULL,NULL,0,0,0,0,'0','0',NULL),(98,9,1,7,'2014-04-10 13:25:13','2014-04-10 13:25:13',0,37,NULL,114,0,0,0,0,0,0,0,0,0,0,0,NULL,NULL,NULL,0,NULL,'0','0',NULL,'0',NULL,NULL,NULL,NULL,NULL,0,0,0,0,'0','0',NULL),(100,9,1,7,'2014-04-10 13:34:51','2014-04-10 13:34:51',0,36,NULL,116,0,0,0,0,0,0,0,0,0,0,0,NULL,NULL,NULL,0,NULL,'0','0',NULL,'0',NULL,NULL,NULL,NULL,NULL,0,0,0,0,'0','0',NULL),(101,9,1,7,'2014-04-10 13:35:48','2014-04-10 13:35:48',0,49,NULL,117,0,0,0,0,0,0,0,0,0,0,0,NULL,NULL,NULL,0,NULL,'0','0',NULL,'0',NULL,NULL,NULL,NULL,NULL,0,0,0,0,'0','0',NULL),(102,9,1,7,'2014-04-10 13:36:39','2014-04-10 13:36:39',0,49,NULL,118,0,0,0,0,0,0,0,0,0,0,0,NULL,NULL,NULL,0,NULL,'0','0',NULL,'0',NULL,NULL,NULL,NULL,NULL,0,0,0,0,'0','0',NULL),(103,9,1,7,'2014-04-10 13:40:44','2014-04-10 13:40:44',0,33,NULL,119,0,0,0,0,0,0,0,0,0,0,0,NULL,NULL,NULL,0,NULL,'0','0',NULL,'0',NULL,NULL,NULL,NULL,NULL,0,0,0,0,'0','0',NULL),(104,9,1,7,'2014-04-10 13:44:36','2014-04-10 13:44:36',0,33,NULL,120,0,0,0,0,0,0,0,0,0,0,0,NULL,NULL,NULL,0,NULL,'0','0',NULL,'0',NULL,NULL,NULL,NULL,NULL,0,0,0,0,'0','0',NULL),(105,9,1,7,'2014-04-10 13:45:47','2014-04-10 13:45:47',0,50,NULL,121,0,0,0,0,0,0,0,0,0,0,0,NULL,NULL,NULL,0,NULL,'0','0',NULL,'0',NULL,NULL,NULL,NULL,NULL,0,0,0,0,'0','0',NULL),(106,9,1,7,'2014-04-10 13:47:03','2014-04-10 13:47:03',0,57,NULL,122,0,0,0,0,0,0,0,0,0,0,0,NULL,NULL,NULL,0,NULL,'0','0',NULL,'0',NULL,NULL,NULL,NULL,NULL,0,0,0,0,'0','0',NULL),(107,9,1,7,'2014-04-10 14:14:49','2014-04-10 14:14:49',0,34,NULL,123,0,0,0,0,0,0,0,0,0,0,0,NULL,NULL,NULL,0,NULL,'0','0',NULL,'0',NULL,NULL,NULL,NULL,NULL,0,0,0,0,'0','0',NULL),(108,9,1,7,'2014-04-10 14:16:15','2014-04-10 14:16:15',0,34,NULL,124,0,0,0,0,0,0,0,0,0,0,0,NULL,NULL,NULL,0,NULL,'0','0',NULL,'0',NULL,NULL,NULL,NULL,NULL,0,0,0,0,'0','0',NULL),(109,9,1,7,'2014-04-10 14:16:56','2014-04-10 14:16:56',0,34,NULL,125,0,0,0,0,0,0,0,0,0,0,0,NULL,NULL,NULL,0,NULL,'0','0',NULL,'0',NULL,NULL,NULL,NULL,NULL,0,0,0,0,'0','0',NULL),(110,9,1,7,'2014-04-10 14:17:59','2014-04-10 14:17:59',0,34,NULL,126,0,0,0,0,0,0,0,0,0,0,0,NULL,NULL,NULL,0,NULL,'0','0',NULL,'0',NULL,NULL,NULL,NULL,NULL,0,0,0,0,'0','0',NULL),(111,9,1,7,'2014-04-10 14:19:28','2014-04-10 14:19:28',0,34,NULL,127,0,0,0,0,0,0,0,0,0,0,0,NULL,NULL,NULL,0,NULL,'0','0',NULL,'0',NULL,NULL,NULL,NULL,NULL,0,0,0,0,'0','0',NULL),(112,9,1,7,'2014-04-10 14:21:01','2014-04-10 14:21:01',0,34,NULL,128,0,0,0,0,0,0,0,0,0,0,0,NULL,NULL,NULL,0,NULL,'0','0',NULL,'0',NULL,NULL,NULL,NULL,NULL,0,0,0,0,'0','0',NULL),(113,9,1,7,'2014-04-10 14:22:05','2014-04-10 14:22:05',0,34,NULL,129,0,0,0,0,0,0,0,0,0,0,0,NULL,NULL,NULL,0,NULL,'0','0',NULL,'0',NULL,NULL,NULL,NULL,NULL,0,0,0,0,'0','0',NULL),(114,9,1,7,'2014-04-10 14:27:45','2014-04-10 14:27:45',0,34,NULL,130,0,0,0,0,0,0,0,0,0,0,0,NULL,NULL,NULL,0,NULL,'0','0',NULL,'0',NULL,NULL,NULL,NULL,NULL,0,0,0,0,'0','0',NULL),(115,9,1,7,'2014-04-10 14:30:04','2014-04-10 14:30:04',0,34,NULL,131,0,0,0,0,0,0,0,0,0,0,0,NULL,NULL,NULL,0,NULL,'0','0',NULL,'0',NULL,NULL,NULL,NULL,NULL,0,0,0,0,'0','0',NULL),(116,9,1,7,'2014-04-10 14:30:55','2014-04-10 14:30:55',0,34,NULL,132,0,0,0,0,0,0,0,0,0,0,0,NULL,NULL,NULL,0,NULL,'0','0',NULL,'0',NULL,NULL,NULL,NULL,NULL,0,0,0,0,'0','0',NULL),(117,9,1,7,'2014-04-10 14:31:54','2014-04-10 14:31:54',0,34,NULL,133,0,0,0,0,0,0,0,0,0,0,0,NULL,NULL,NULL,0,NULL,'0','0',NULL,'0',NULL,NULL,NULL,NULL,NULL,0,0,0,0,'0','0',NULL),(118,9,1,7,'2014-04-10 14:32:46','2014-04-10 14:32:46',0,61,NULL,134,0,0,0,0,0,0,0,0,0,0,0,NULL,NULL,NULL,0,NULL,'0','0',NULL,'0',NULL,NULL,NULL,NULL,NULL,0,0,0,0,'0','0',NULL),(119,9,1,7,'2014-04-10 14:33:43','2014-04-10 14:34:53',0,34,NULL,135,0,0,0,0,0,0,0,0,0,0,0,NULL,NULL,NULL,0,NULL,'0','0',NULL,'0',NULL,NULL,NULL,NULL,NULL,0,0,0,0,'0','0',NULL),(120,9,1,7,'2014-04-10 14:34:35','2014-04-10 14:34:35',0,34,NULL,136,0,0,0,0,0,0,0,0,0,0,0,NULL,NULL,NULL,0,NULL,'0','0',NULL,'0',NULL,NULL,NULL,NULL,NULL,0,0,0,0,'0','0',NULL),(121,9,1,7,'2014-04-10 14:42:05','2014-04-10 14:42:05',0,68,NULL,137,0,0,0,0,0,0,0,0,0,0,0,NULL,NULL,NULL,0,NULL,'0','0',NULL,'0',NULL,NULL,NULL,NULL,NULL,0,0,0,0,'0','0',NULL),(122,9,1,7,'2014-04-10 14:46:25','2014-04-10 14:46:25',0,69,NULL,138,0,0,0,0,0,0,0,0,0,0,0,NULL,NULL,NULL,0,NULL,'0','0',NULL,'0',NULL,NULL,NULL,NULL,NULL,0,0,0,0,'0','0',NULL),(123,9,1,7,'2014-04-10 14:48:27','2014-04-10 14:48:27',0,68,NULL,139,0,0,0,0,0,0,0,0,0,0,0,NULL,NULL,NULL,0,NULL,'0','0',NULL,'0',NULL,NULL,NULL,NULL,NULL,0,0,0,0,'0','0',NULL),(124,9,1,7,'2014-04-10 14:49:22','2014-04-10 14:49:22',0,52,NULL,140,0,0,0,0,0,0,0,0,0,0,0,NULL,NULL,NULL,0,NULL,'0','0',NULL,'0',NULL,NULL,NULL,NULL,NULL,0,0,0,0,'0','0',NULL),(125,9,1,7,'2014-04-10 14:50:46','2014-04-10 14:50:46',0,60,NULL,141,0,0,0,0,0,0,0,0,0,0,0,NULL,NULL,NULL,0,NULL,'0','0',NULL,'0',NULL,NULL,NULL,NULL,NULL,0,0,0,0,'0','0',NULL),(126,9,1,7,'2014-04-10 14:51:40','2014-04-10 14:51:40',0,52,NULL,142,0,0,0,0,0,0,0,0,0,0,0,NULL,NULL,NULL,0,NULL,'0','0',NULL,'0',NULL,NULL,NULL,NULL,NULL,0,0,0,0,'0','0',NULL),(127,9,1,7,'2014-04-10 14:52:39','2014-04-10 14:52:39',0,93,NULL,143,0,0,0,0,0,0,0,0,0,0,0,NULL,NULL,NULL,0,NULL,'0','0',NULL,'0',NULL,NULL,NULL,NULL,NULL,0,0,0,0,'0','0',NULL),(128,9,10,24,'2014-04-10 14:58:19','2014-04-10 14:58:19',0,33,NULL,144,0,0,0,0,0,0,0,0,0,0,0,NULL,NULL,NULL,0,NULL,'0','0',NULL,'0',NULL,NULL,NULL,NULL,NULL,0,0,0,0,'0','0',NULL),(129,9,1,7,'2014-04-10 15:00:27','2014-04-10 15:00:27',0,50,NULL,145,0,0,0,0,0,0,0,0,0,0,0,NULL,NULL,NULL,0,NULL,'0','0',NULL,'0',NULL,NULL,NULL,NULL,NULL,0,0,0,0,'0','0',NULL),(130,9,10,24,'2014-04-10 15:01:25','2014-04-10 15:01:25',0,31,NULL,146,0,0,0,0,0,0,0,0,0,0,0,NULL,NULL,NULL,0,NULL,'0','0',NULL,'0',NULL,NULL,NULL,NULL,NULL,0,0,0,0,'0','0',NULL),(131,9,1,7,'2014-04-10 16:23:27','2014-04-10 16:26:29',0,49,NULL,147,0,0,0,0,0,0,0,0,0,0,0,NULL,NULL,NULL,0,NULL,'0','0',NULL,'0',NULL,NULL,NULL,NULL,NULL,0,0,0,0,'0','0',NULL),(132,9,1,7,'2014-04-10 16:25:42','2014-04-10 16:25:42',0,54,NULL,148,0,0,0,0,0,0,0,0,0,0,0,NULL,NULL,NULL,0,NULL,'0','0',NULL,'0',NULL,NULL,NULL,NULL,NULL,0,0,0,0,'0','0',NULL),(133,9,1,7,'2014-04-10 16:27:29','2014-04-10 16:27:29',0,49,NULL,149,0,0,0,0,0,0,0,0,0,0,0,NULL,NULL,NULL,0,NULL,'0','0',NULL,'0',NULL,NULL,NULL,NULL,NULL,0,0,0,0,'0','0',NULL),(134,9,1,7,'2014-04-10 16:28:20','2014-04-10 16:28:20',0,49,NULL,150,0,0,0,0,0,0,0,0,0,0,0,NULL,NULL,NULL,0,NULL,'0','0',NULL,'0',NULL,NULL,NULL,NULL,NULL,0,0,0,0,'0','0',NULL),(135,9,1,7,'2014-04-10 16:29:13','2014-04-10 16:29:13',0,49,NULL,151,0,0,0,0,0,0,0,0,0,0,0,NULL,NULL,NULL,0,NULL,'0','0',NULL,'0',NULL,NULL,NULL,NULL,NULL,0,0,0,0,'0','0',NULL),(136,9,1,7,'2014-04-10 16:30:07','2014-04-10 16:30:07',0,49,NULL,152,0,0,0,0,0,0,0,0,0,0,0,NULL,NULL,NULL,0,NULL,'0','0',NULL,'0',NULL,NULL,NULL,NULL,NULL,0,0,0,0,'0','0',NULL),(137,9,1,7,'2014-04-10 16:31:10','2014-04-10 16:31:10',0,49,NULL,153,0,0,0,0,0,0,0,0,0,0,0,NULL,NULL,NULL,0,NULL,'0','0',NULL,'0',NULL,NULL,NULL,NULL,NULL,0,0,0,0,'0','0',NULL),(138,9,1,7,'2014-04-10 16:33:31','2014-04-10 16:33:31',0,49,NULL,154,0,0,0,0,0,0,0,0,0,0,0,NULL,NULL,NULL,0,NULL,'0','0',NULL,'0',NULL,NULL,NULL,NULL,NULL,0,0,0,0,'0','0',NULL),(139,9,1,7,'2014-04-10 16:35:19','2014-04-10 16:35:19',0,49,NULL,155,0,0,0,0,0,0,0,0,0,0,0,NULL,NULL,NULL,0,NULL,'0','0',NULL,'0',NULL,NULL,NULL,NULL,NULL,0,0,0,0,'0','0',NULL),(140,9,1,7,'2014-04-10 16:37:14','2014-04-10 16:37:14',0,49,NULL,156,0,0,0,0,0,0,0,0,0,0,0,NULL,NULL,NULL,0,NULL,'0','0',NULL,'0',NULL,NULL,NULL,NULL,NULL,0,0,0,0,'0','0',NULL),(141,9,1,7,'2014-04-10 16:39:00','2014-04-10 16:39:00',0,54,NULL,157,0,0,0,0,0,0,0,0,0,0,0,NULL,NULL,NULL,0,NULL,'0','0',NULL,'0',NULL,NULL,NULL,NULL,NULL,0,0,0,0,'0','0',NULL),(142,9,1,7,'2014-04-10 16:40:00','2014-04-10 16:40:00',0,49,NULL,158,0,0,0,0,0,0,0,0,0,0,0,NULL,NULL,NULL,0,NULL,'0','0',NULL,'0',NULL,NULL,NULL,NULL,NULL,0,0,0,0,'0','0',NULL),(143,9,1,7,'2014-04-10 16:42:47','2014-04-10 16:42:47',0,73,NULL,159,0,0,0,0,0,0,0,0,0,0,0,NULL,NULL,NULL,0,NULL,'0','0',NULL,'0',NULL,NULL,NULL,NULL,NULL,0,0,0,0,'0','0',NULL),(144,9,1,7,'2014-04-10 16:43:40','2014-04-10 16:43:40',0,58,NULL,160,0,0,0,0,0,0,0,0,0,0,0,NULL,NULL,NULL,0,NULL,'0','0',NULL,'0',NULL,NULL,NULL,NULL,NULL,0,0,0,0,'0','0',NULL),(145,9,1,7,'2014-04-10 16:47:30','2014-04-10 16:48:21',0,58,NULL,161,0,0,0,0,0,0,0,0,0,0,0,NULL,NULL,NULL,0,NULL,'0','0',NULL,'0',NULL,NULL,NULL,NULL,NULL,0,0,0,0,'0','0',NULL),(146,9,1,7,'2014-04-10 16:52:32','2014-04-10 16:52:32',0,38,NULL,162,0,0,0,0,0,0,0,0,0,0,0,NULL,NULL,NULL,0,NULL,'0','0',NULL,'0',NULL,NULL,NULL,NULL,NULL,0,0,0,0,'0','0',NULL),(147,9,1,7,'2014-04-10 16:53:50','2014-04-10 16:53:50',0,38,NULL,163,0,0,0,0,0,0,0,0,0,0,0,NULL,NULL,NULL,0,NULL,'0','0',NULL,'0',NULL,NULL,NULL,NULL,NULL,0,0,0,0,'0','0',NULL),(148,9,1,7,'2014-04-10 16:54:46','2014-04-10 16:54:46',0,115,NULL,164,0,0,0,0,0,0,0,0,0,0,0,NULL,NULL,NULL,0,NULL,'0','0',NULL,'0',NULL,NULL,NULL,NULL,NULL,0,0,0,0,'0','0',NULL),(149,9,1,7,'2014-04-10 16:59:28','2014-04-10 16:59:28',0,65,NULL,165,0,0,0,0,0,0,0,0,0,0,0,NULL,NULL,NULL,0,NULL,'0','0',NULL,'0',NULL,NULL,NULL,NULL,NULL,0,0,0,0,'0','0',NULL),(150,9,1,7,'2014-04-10 17:00:28','2014-04-10 17:00:28',0,65,NULL,166,0,0,0,0,0,0,0,0,0,0,0,NULL,NULL,NULL,0,NULL,'0','0',NULL,'0',NULL,NULL,NULL,NULL,NULL,0,0,0,0,'0','0',NULL),(151,9,1,7,'2014-04-10 17:01:41','2014-04-10 17:01:41',0,38,NULL,167,0,0,0,0,0,0,0,0,0,0,0,NULL,NULL,NULL,0,NULL,'0','0',NULL,'0',NULL,NULL,NULL,NULL,NULL,0,0,0,0,'0','0',NULL),(152,9,1,7,'2014-04-10 17:03:13','2014-04-10 17:03:13',0,39,NULL,168,0,0,0,0,0,0,0,0,0,0,0,NULL,NULL,NULL,0,NULL,'0','0',NULL,'0',NULL,NULL,NULL,NULL,NULL,0,0,0,0,'0','0',NULL),(153,9,1,7,'2014-04-10 17:04:13','2014-04-10 17:04:13',0,65,NULL,169,0,0,0,0,0,0,0,0,0,0,0,NULL,NULL,NULL,0,NULL,'0','0',NULL,'0',NULL,NULL,NULL,NULL,NULL,0,0,0,0,'0','0',NULL),(154,9,1,7,'2014-04-10 17:05:29','2014-04-10 17:05:29',0,39,NULL,170,0,0,0,0,0,0,0,0,0,0,0,NULL,NULL,NULL,0,NULL,'0','0',NULL,'0',NULL,NULL,NULL,NULL,NULL,0,0,0,0,'0','0',NULL),(155,9,1,7,'2014-04-10 17:06:16','2014-04-10 17:06:16',0,65,NULL,171,0,0,0,0,0,0,0,0,0,0,0,NULL,NULL,NULL,0,NULL,'0','0',NULL,'0',NULL,NULL,NULL,NULL,NULL,0,0,0,0,'0','0',NULL),(156,9,1,7,'2014-04-10 17:07:02','2014-04-10 17:07:02',0,68,NULL,172,0,0,0,0,0,0,0,0,0,0,0,NULL,NULL,NULL,0,NULL,'0','0',NULL,'0',NULL,NULL,NULL,NULL,NULL,0,0,0,0,'0','0',NULL),(157,9,1,7,'2014-04-10 17:54:27','2014-04-10 17:54:27',0,69,NULL,173,0,0,0,0,0,0,0,0,0,0,0,NULL,NULL,NULL,0,NULL,'0','0',NULL,'0',NULL,NULL,NULL,NULL,NULL,0,0,0,0,'0','0',NULL),(158,9,1,7,'2014-04-10 17:55:14','2014-04-10 17:55:14',0,46,NULL,174,0,0,0,0,0,0,0,0,0,0,0,NULL,NULL,NULL,0,NULL,'0','0',NULL,'0',NULL,NULL,NULL,NULL,NULL,0,0,0,0,'0','0',NULL),(159,9,1,7,'2014-04-10 17:55:59','2014-04-10 17:55:59',0,62,NULL,175,0,0,0,0,0,0,0,0,0,0,0,NULL,NULL,NULL,0,NULL,'0','0',NULL,'0',NULL,NULL,NULL,NULL,NULL,0,0,0,0,'0','0',NULL),(160,9,10,24,'2014-04-10 17:56:57','2014-04-10 17:56:57',0,44,NULL,176,0,0,0,0,0,0,0,0,0,0,0,NULL,NULL,NULL,0,NULL,'0','0',NULL,'0',NULL,NULL,NULL,NULL,NULL,0,0,0,0,'0','0',NULL),(161,9,1,7,'2014-04-10 17:58:05','2014-04-10 17:58:05',0,39,NULL,177,0,0,0,0,0,0,0,0,0,0,0,NULL,NULL,NULL,0,NULL,'0','0',NULL,'0',NULL,NULL,NULL,NULL,NULL,0,0,0,0,'0','0',NULL),(162,9,1,7,'2014-04-10 17:59:01','2014-04-10 17:59:01',0,38,NULL,178,0,0,0,0,0,0,0,0,0,0,0,NULL,NULL,NULL,0,NULL,'0','0',NULL,'0',NULL,NULL,NULL,NULL,NULL,0,0,0,0,'0','0',NULL),(163,9,10,24,'2014-04-10 17:59:53','2014-04-10 17:59:53',0,26,NULL,179,0,0,0,0,0,0,0,0,0,0,0,NULL,NULL,NULL,0,NULL,'0','0',NULL,'0',NULL,NULL,NULL,NULL,NULL,0,0,0,0,'0','0',NULL),(164,9,1,7,'2014-04-10 18:00:51','2014-04-10 18:00:51',0,50,NULL,180,0,0,0,0,0,0,0,0,0,0,0,NULL,NULL,NULL,0,NULL,'0','0',NULL,'0',NULL,NULL,NULL,NULL,NULL,0,0,0,0,'0','0',NULL),(165,9,1,7,'2014-04-10 18:01:54','2014-04-10 18:01:54',0,39,NULL,181,0,0,0,0,0,0,0,0,0,0,0,NULL,NULL,NULL,0,NULL,'0','0',NULL,'0',NULL,NULL,NULL,NULL,NULL,0,0,0,0,'0','0',NULL),(166,9,10,24,'2014-04-10 18:03:24','2014-04-10 18:03:24',0,27,NULL,182,0,0,0,0,0,0,0,0,0,0,0,NULL,NULL,NULL,0,NULL,'0','0',NULL,'0',NULL,NULL,NULL,NULL,NULL,0,0,0,0,'0','0',NULL),(167,9,1,7,'2014-04-10 18:05:21','2014-04-10 18:05:21',0,51,NULL,183,0,0,0,0,0,0,0,0,0,0,0,NULL,NULL,NULL,0,NULL,'0','0',NULL,'0',NULL,NULL,NULL,NULL,NULL,0,0,0,0,'0','0',NULL),(168,9,10,24,'2014-04-10 18:07:10','2014-04-23 12:49:24',0,25,NULL,184,0,0,0,0,1,0,0,0,0,0,3,4,5,2,1,NULL,'0','0',NULL,'0',NULL,NULL,NULL,NULL,NULL,0,0,0,0,'1','2',NULL),(169,9,1,7,'2014-04-10 18:08:21','2014-04-23 12:40:58',0,50,5,185,1,6,2,2,1,1,0,2,0,0,3,4,5,3,1,NULL,'0','0',NULL,'0',NULL,NULL,NULL,NULL,NULL,1,1,0,0,'1','0',NULL),(170,9,1,6,'2014-04-10 18:12:24','2014-04-23 12:34:23',0,39,5,186,1,5,1,1,1,0,5,2,0,0,3,4,5,2,1,NULL,'0','0',NULL,'0',NULL,NULL,NULL,NULL,NULL,1,1,0,0,'1','0',NULL),(171,6,1,7,'2014-04-10 18:25:32','2014-04-10 18:27:24',0,120,120,187,0,0,2,0,0,0,0,0,0,0,2,NULL,NULL,NULL,0,NULL,'0','0',NULL,'0',NULL,NULL,NULL,NULL,NULL,0,0,0,0,'0','0',NULL),(172,6,2,12,'2014-04-10 18:34:51','2014-04-10 18:34:51',0,320,NULL,188,0,0,0,5,2,5,1,0,0,0,0,NULL,NULL,NULL,0,NULL,'0','0',NULL,'0',NULL,NULL,NULL,NULL,NULL,0,0,0,0,'0','0',NULL),(173,6,1,5,'2014-04-10 19:58:35','2014-05-05 12:14:48',5,105,5,189,2,0,0,4,0,1,0,0,0,3,2,2,NULL,NULL,0,NULL,'0','0',NULL,'0',NULL,NULL,NULL,NULL,NULL,0,0,0,0,'0','0',NULL),(174,6,2,12,'2014-04-10 20:08:46','2014-04-10 21:11:15',0,500,150,190,2,0,0,5,3,4,1,2,0,0,3,NULL,NULL,NULL,0,NULL,'2','0',NULL,'0',NULL,NULL,NULL,NULL,NULL,1,1,0,0,'0','0',NULL),(175,6,2,12,'2014-04-10 20:12:41','2014-04-10 20:12:41',0,350,150,191,2,0,0,5,3,4,1,2,0,0,0,NULL,NULL,NULL,0,0,'2','0',NULL,'0',NULL,NULL,NULL,NULL,NULL,1,1,0,0,'0','0',NULL),(183,12,9,23,'2014-05-08 09:56:29','2014-05-08 09:56:29',3,185,NULL,199,2,0,1,0,2,0,0,0,0,4,0,NULL,NULL,NULL,0,1500,'0','0',NULL,'0',NULL,NULL,NULL,NULL,NULL,0,0,0,0,'0','0',NULL),(184,12,9,23,'2014-05-08 09:59:58','2014-05-08 09:59:58',3,185,NULL,200,2,0,1,0,2,0,0,0,0,4,0,NULL,NULL,NULL,0,NULL,'0','0',NULL,'0',NULL,NULL,NULL,NULL,NULL,0,0,0,0,'0','0',NULL),(185,12,1,7,'2014-05-08 12:09:31','2014-05-12 10:13:37',4,140,NULL,201,1,0,1,4,0,3,1,0,0,0,2,2,NULL,NULL,0,4000,'','',NULL,'',NULL,NULL,NULL,NULL,NULL,0,0,NULL,NULL,'','',NULL),(186,12,1,7,'2014-05-08 12:14:18','2014-05-12 10:27:03',1,100,NULL,202,2,0,0,3,2,2,1,2,4,2,2,NULL,NULL,NULL,0,NULL,'','',NULL,'',NULL,NULL,NULL,NULL,NULL,0,0,NULL,NULL,'','',NULL),(187,12,1,7,'2014-05-08 12:20:05','2014-05-12 10:29:52',1,60,NULL,203,1,0,0,2,2,1,1,2,4,2,2,NULL,NULL,NULL,2,NULL,'','',NULL,'',NULL,NULL,NULL,NULL,NULL,0,0,NULL,NULL,'','',NULL),(188,12,9,23,'2014-05-08 12:48:37','2014-05-08 12:48:37',0,33,NULL,204,2,1,1,0,1,0,0,0,0,0,0,NULL,NULL,NULL,0,400,'0','0',NULL,'0',NULL,NULL,NULL,NULL,NULL,0,0,0,0,'0','0',NULL),(189,12,8,20,'2014-05-08 12:56:59','2014-05-08 12:56:59',0,1500,NULL,205,0,0,0,0,0,0,3,0,0,0,0,NULL,NULL,NULL,0,NULL,'0','1',12,'0',NULL,NULL,NULL,3,NULL,0,0,0,0,'0','0',NULL),(190,12,1,7,'2014-05-08 13:02:30','2014-05-08 13:02:30',4,235,5,206,0,0,1,4,4,3,0,0,4,0,4,3,15,5,3,4500,'0','0',NULL,'0',NULL,NULL,NULL,NULL,NULL,0,0,0,0,'0','0',NULL),(191,12,9,23,'2014-05-08 13:05:33','2014-05-08 13:05:33',0,47,NULL,207,0,0,0,0,1,0,0,0,0,0,0,NULL,NULL,NULL,0,NULL,'0','0',NULL,'0',NULL,NULL,NULL,NULL,NULL,0,0,0,0,'0','0',NULL),(192,12,9,23,'2014-05-08 13:11:01','2014-05-08 13:11:01',0,390,NULL,208,2,0,1,0,2,0,0,0,0,2,0,NULL,NULL,NULL,0,0,'0','0',NULL,'0',NULL,NULL,NULL,NULL,NULL,0,0,0,0,'0','0',NULL),(193,12,9,23,'2014-05-08 13:13:57','2014-05-08 13:18:38',0,390,NULL,209,0,0,1,0,2,0,0,0,0,2,0,NULL,NULL,NULL,0,NULL,'0','0',NULL,'0',NULL,NULL,NULL,NULL,NULL,0,0,0,0,'0','0',NULL),(194,12,1,7,'2014-05-08 13:22:44','2014-05-08 13:22:44',1,60,NULL,210,2,0,0,2,2,1,0,0,4,2,2,NULL,NULL,NULL,0,NULL,'0','0',NULL,'0',NULL,NULL,NULL,NULL,NULL,0,0,0,0,'0','0',NULL),(195,12,1,7,'2014-05-08 13:25:50','2014-05-08 13:27:13',0,75,6,211,1,1,2,3,1,2,1,0,8,4,4,2,4,NULL,1,1700,'0','0',NULL,'0',NULL,NULL,NULL,NULL,NULL,0,0,1,0,'0','0',NULL),(196,12,1,7,'2014-05-08 13:30:42','2014-05-08 13:30:42',1,100,NULL,212,1,3,0,0,2,2,0,0,4,2,2,NULL,NULL,NULL,0,NULL,'0','0',NULL,'0',NULL,NULL,NULL,NULL,NULL,0,0,0,0,'0','0',NULL),(197,12,9,23,'2014-05-08 13:37:33','2014-05-08 13:37:33',4,145,NULL,214,0,0,1,0,0,0,0,0,0,3,0,NULL,NULL,NULL,0,1500,'0','0',NULL,'0',NULL,NULL,NULL,NULL,NULL,0,0,0,0,'0','0',NULL),(198,12,1,7,'2014-05-08 13:44:11','2014-05-08 13:44:11',4,154,14,215,2,3,2,4,0,3,0,2,2,4,2,NULL,NULL,NULL,0,3000,'0','0',NULL,'0',NULL,NULL,NULL,NULL,NULL,0,0,0,0,'0','0',NULL),(199,12,1,7,'2014-05-08 14:03:29','2014-05-08 14:03:29',2,107,6,216,1,3,1,4,0,2,0,0,4,2,2,4,13,NULL,2,1800,'0','0',NULL,'0',NULL,NULL,NULL,NULL,NULL,0,0,0,0,'0','0',NULL),(200,12,8,21,'2014-05-08 14:05:53','2014-05-08 14:05:53',0,544,NULL,217,0,0,0,0,0,0,0,0,0,0,0,NULL,NULL,NULL,0,NULL,'0','0',NULL,'0',NULL,NULL,NULL,NULL,NULL,0,0,0,0,'0','0',NULL),(201,12,9,23,'2014-05-08 14:09:02','2014-05-08 14:09:02',0,47,NULL,218,0,0,3,0,1,0,0,0,0,4,0,NULL,NULL,NULL,0,NULL,'0','0',NULL,'0',NULL,NULL,NULL,NULL,NULL,0,0,0,0,'0','0',NULL),(202,12,10,24,'2014-05-08 14:14:25','2014-05-08 14:14:25',0,190,NULL,219,0,0,1,0,2,0,0,0,0,0,0,NULL,NULL,NULL,0,NULL,'0','0',NULL,'0',NULL,NULL,NULL,NULL,NULL,0,0,0,0,'0','0',NULL),(203,12,1,1,'2014-05-08 14:20:02','2014-05-12 13:41:53',4,203,46,220,0,0,1,4,3,3,1,0,0,3,2,1,5,NULL,0,NULL,'','',NULL,'',NULL,NULL,NULL,NULL,NULL,0,0,0,0,'','',NULL),(204,12,6,18,'2014-05-08 14:24:03','2014-05-08 14:24:03',0,4500,NULL,221,0,0,0,0,0,0,0,0,0,0,0,NULL,NULL,NULL,0,NULL,'0','0',NULL,'0',34,43,NULL,3,NULL,0,0,0,0,'0','0',NULL),(205,11,1,4,'2014-05-08 14:30:49','2014-05-11 12:16:13',0,300,8,222,1,3,1,5,5,4,3,2,7,2,1,1,NULL,NULL,0,NULL,'','',NULL,'',NULL,NULL,NULL,NULL,NULL,2,2,0,0,'','',NULL),(206,12,6,18,'2014-05-08 14:33:34','2014-05-08 14:33:34',0,200,NULL,223,0,0,0,0,0,0,0,0,0,0,0,NULL,NULL,NULL,0,NULL,'0','0',NULL,'0',9,22,NULL,NULL,NULL,0,0,0,0,'0','0',NULL),(207,12,6,18,'2014-05-08 14:37:46','2014-05-08 14:37:46',0,650,NULL,224,0,0,0,0,0,0,0,0,0,0,0,NULL,NULL,NULL,0,NULL,'0','0',NULL,'0',9,22,NULL,NULL,NULL,0,0,0,0,'0','0',NULL),(208,11,1,7,'2014-05-08 14:57:02','2014-05-09 16:43:34',1,53,8,225,2,6,1,2,1,1,1,2,4,2,2,4,5,NULL,2,NULL,'','',NULL,'',NULL,NULL,NULL,NULL,NULL,0,2,0,0,'','',NULL),(209,8,1,7,'2014-05-08 15:09:00','2014-05-08 15:09:00',4,141,27,226,2,3,1,5,2,4,0,0,1,4,0,NULL,NULL,NULL,2,2300,'0','0',NULL,'0',NULL,NULL,NULL,NULL,NULL,0,2,1,0,'0','0',NULL),(212,11,1,5,'2014-05-09 13:15:55','2014-05-11 11:22:17',4,110,10,233,2,0,2,4,2,2,0,0,2,3,3,2,10,NULL,0,1600,'','',NULL,'',NULL,NULL,NULL,NULL,NULL,0,2,0,0,'','',100),(213,8,1,5,'2014-05-09 13:27:17','2014-05-11 11:06:28',1,155,22,236,1,0,0,5,4,3,2,2,7,2,1,2,5,NULL,2,NULL,'','',NULL,'',NULL,NULL,NULL,NULL,NULL,0,2,0,0,'','',133),(216,8,1,5,'2014-05-11 11:42:42','2014-05-11 11:42:42',4,110,10,240,0,0,0,4,3,3,1,0,0,4,4,NULL,NULL,NULL,0,2000,'','',NULL,'',NULL,NULL,NULL,NULL,NULL,1,2,0,0,'','',100),(218,12,1,7,'2014-05-13 10:16:41','2014-05-13 18:28:25',4,230,230,242,1,5,1,5,3,3,1,2,0,2,2,1,14,NULL,3,4000,'','',NULL,'',NULL,NULL,NULL,NULL,NULL,0,2,NULL,NULL,'','',NULL),(220,16,1,4,'2014-05-14 09:55:07','2014-05-14 09:55:07',0,186,NULL,247,1,3,0,0,0,0,0,0,0,0,0,NULL,NULL,NULL,0,NULL,'','',NULL,'',NULL,NULL,NULL,NULL,NULL,0,0,NULL,NULL,'','',NULL),(221,17,1,1,'2014-05-15 14:13:52','2014-05-15 14:13:52',0,200,NULL,248,0,0,0,0,0,0,0,0,0,0,0,NULL,NULL,NULL,0,NULL,'','',NULL,'',NULL,NULL,NULL,NULL,NULL,0,0,NULL,NULL,'','',NULL);
/*!40000 ALTER TABLE `core_property` ENABLE KEYS */;
UNLOCK TABLES;

--
-- Table structure for table `core_property_ambiences`
--

DROP TABLE IF EXISTS `core_property_ambiences`;
/*!40101 SET @saved_cs_client     = @@character_set_client */;
/*!40101 SET character_set_client = utf8 */;
CREATE TABLE `core_property_ambiences` (
  `id` int(11) NOT NULL AUTO_INCREMENT,
  `property_id` int(11) NOT NULL,
  `ambience_id` int(11) NOT NULL,
  PRIMARY KEY (`id`),
  UNIQUE KEY `property_id` (`property_id`,`ambience_id`),
  KEY `core_property_ambiences_8d69009c` (`property_id`),
  KEY `core_property_ambiences_0bde50ee` (`ambience_id`),
  CONSTRAINT `ambience_id_refs_id_2ae7c702` FOREIGN KEY (`ambience_id`) REFERENCES `core_ambience` (`id`),
  CONSTRAINT `property_id_refs_id_292e9fae` FOREIGN KEY (`property_id`) REFERENCES `core_property` (`id`)
) ENGINE=InnoDB AUTO_INCREMENT=609 DEFAULT CHARSET=latin1;
/*!40101 SET character_set_client = @saved_cs_client */;

--
-- Dumping data for table `core_property_ambiences`
--

LOCK TABLES `core_property_ambiences` WRITE;
/*!40000 ALTER TABLE `core_property_ambiences` DISABLE KEYS */;
INSERT INTO `core_property_ambiences` VALUES (138,169,4),(137,170,4),(103,171,3),(181,173,2),(182,173,4),(183,173,11),(184,173,13),(185,173,15),(186,173,17),(187,173,18),(130,174,2),(120,175,2),(121,175,4),(122,175,7),(123,175,9),(124,175,11),(125,175,13),(126,175,14),(127,175,17),(128,175,19),(188,183,4),(189,184,4),(473,185,2),(474,185,4),(475,185,12),(476,185,13),(477,185,14),(478,185,17),(479,185,19),(480,186,2),(481,186,14),(483,187,2),(484,187,4),(482,187,9),(485,187,14),(207,190,2),(208,190,4),(209,190,11),(210,190,12),(211,190,13),(212,190,14),(213,190,15),(214,190,17),(215,190,18),(216,190,19),(218,195,2),(217,195,4),(219,195,12),(221,195,17),(220,195,18),(222,196,2),(223,196,14),(224,197,4),(226,198,2),(225,198,4),(227,198,12),(228,198,18),(230,199,4),(229,199,19),(231,202,4),(487,203,2),(486,203,9),(456,205,2),(457,205,3),(458,205,4),(459,205,5),(460,205,6),(461,205,9),(462,205,10),(463,205,11),(464,205,12),(465,205,13),(466,205,14),(467,205,15),(468,205,16),(469,205,17),(470,205,18),(471,205,19),(472,205,21),(404,208,2),(405,208,4),(406,208,14),(407,208,17),(408,208,18),(409,208,21),(257,209,2),(258,209,4),(259,209,9),(260,209,12),(261,209,15),(262,209,16),(263,209,17),(264,209,19),(436,212,2),(437,212,3),(438,212,4),(439,212,5),(440,212,10),(441,212,12),(442,212,16),(443,212,17),(444,212,18),(445,212,19),(424,213,4),(425,213,5),(426,213,6),(427,213,10),(428,213,11),(429,213,12),(430,213,13),(431,213,14),(432,213,17),(433,213,18),(434,213,19),(435,213,21),(446,216,2),(447,216,3),(448,216,4),(449,216,10),(450,216,11),(451,216,13),(452,216,18),(453,216,19),(595,218,2),(596,218,3),(597,218,4),(598,218,10),(599,218,11),(600,218,12),(601,218,13),(602,218,14),(603,218,15),(604,218,16),(605,218,17),(606,218,18),(607,218,19),(608,220,15);
/*!40000 ALTER TABLE `core_property_ambiences` ENABLE KEYS */;
UNLOCK TABLES;

--
-- Table structure for table `core_property_features`
--

DROP TABLE IF EXISTS `core_property_features`;
/*!40101 SET @saved_cs_client     = @@character_set_client */;
/*!40101 SET character_set_client = utf8 */;
CREATE TABLE `core_property_features` (
  `id` int(11) NOT NULL AUTO_INCREMENT,
  `property_id` int(11) NOT NULL,
  `feature_id` int(11) NOT NULL,
  PRIMARY KEY (`id`),
  UNIQUE KEY `property_id` (`property_id`,`feature_id`),
  KEY `core_property_features_8d69009c` (`property_id`),
  KEY `core_property_features_27b2b2cf` (`feature_id`),
  CONSTRAINT `feature_id_refs_id_a40968c0` FOREIGN KEY (`feature_id`) REFERENCES `core_feature` (`id`),
  CONSTRAINT `property_id_refs_id_51188b7c` FOREIGN KEY (`property_id`) REFERENCES `core_property` (`id`)
) ENGINE=InnoDB AUTO_INCREMENT=331 DEFAULT CHARSET=latin1;
/*!40101 SET character_set_client = @saved_cs_client */;

--
-- Dumping data for table `core_property_features`
--

LOCK TABLES `core_property_features` WRITE;
/*!40000 ALTER TABLE `core_property_features` DISABLE KEYS */;
INSERT INTO `core_property_features` VALUES (33,168,8),(34,168,9),(35,168,14),(36,168,15),(29,169,8),(30,169,9),(31,169,13),(32,169,14),(28,170,8),(18,171,16),(21,174,9),(20,175,9),(70,183,1),(71,183,4),(72,184,1),(73,184,4),(249,185,16),(252,187,6),(251,187,10),(253,187,14),(254,187,15),(250,187,16),(81,190,1),(82,190,4),(80,190,16),(85,194,6),(84,194,10),(86,194,14),(87,194,15),(83,194,16),(89,196,10),(90,196,14),(91,196,15),(88,196,16),(92,198,16),(94,199,9),(95,199,10),(96,199,14),(97,199,15),(93,199,16),(255,203,9),(256,203,11),(238,205,1),(239,205,4),(240,205,6),(241,205,7),(242,205,9),(243,205,10),(244,205,11),(245,205,13),(246,205,14),(247,205,15),(248,205,16),(215,208,1),(216,208,4),(217,208,9),(218,208,10),(219,208,14),(220,208,15),(221,208,16),(118,209,1),(119,209,4),(120,209,12),(234,212,1),(235,212,4),(233,212,16),(224,213,1),(225,213,4),(226,213,6),(227,213,7),(228,213,10),(229,213,13),(230,213,14),(231,213,15),(232,213,16),(325,218,1),(326,218,4),(328,220,5),(327,220,12),(329,220,14),(330,221,14);
/*!40000 ALTER TABLE `core_property_features` ENABLE KEYS */;
UNLOCK TABLES;

--
-- Table structure for table `core_property_services`
--

DROP TABLE IF EXISTS `core_property_services`;
/*!40101 SET @saved_cs_client     = @@character_set_client */;
/*!40101 SET character_set_client = utf8 */;
CREATE TABLE `core_property_services` (
  `id` int(11) NOT NULL AUTO_INCREMENT,
  `property_id` int(11) NOT NULL,
  `service_id` int(11) NOT NULL,
  PRIMARY KEY (`id`),
  UNIQUE KEY `property_id` (`property_id`,`service_id`),
  KEY `core_property_services_8d69009c` (`property_id`),
  KEY `core_property_services_91a0ac17` (`service_id`),
  CONSTRAINT `property_id_refs_id_ef4b95ff` FOREIGN KEY (`property_id`) REFERENCES `core_property` (`id`),
  CONSTRAINT `service_id_refs_id_e1f4d5aa` FOREIGN KEY (`service_id`) REFERENCES `core_service` (`id`)
) ENGINE=InnoDB AUTO_INCREMENT=370 DEFAULT CHARSET=latin1;
/*!40101 SET character_set_client = @saved_cs_client */;

--
-- Dumping data for table `core_property_services`
--

LOCK TABLES `core_property_services` WRITE;
/*!40000 ALTER TABLE `core_property_services` DISABLE KEYS */;
INSERT INTO `core_property_services` VALUES (103,168,1),(104,168,2),(105,168,5),(106,168,6),(99,169,1),(100,169,2),(101,169,5),(102,169,6),(98,170,1),(69,172,1),(70,172,2),(71,172,3),(72,172,5),(73,172,6),(74,172,7),(124,173,1),(125,173,2),(126,173,5),(127,173,6),(87,174,1),(83,175,1),(84,175,2),(85,175,5),(86,175,6),(128,183,1),(129,183,2),(130,183,5),(131,183,6),(132,183,7),(133,184,1),(134,184,2),(135,184,5),(136,184,6),(137,184,7),(307,185,1),(308,185,2),(309,185,3),(310,185,5),(311,185,6),(312,187,1),(313,187,2),(314,187,5),(315,187,6),(147,190,1),(148,190,2),(149,190,3),(150,190,5),(151,190,6),(152,195,1),(153,195,2),(154,195,5),(155,195,6),(156,198,1),(157,198,2),(158,198,5),(159,198,6),(160,199,1),(161,199,2),(162,199,3),(163,199,5),(164,199,6),(165,199,7),(316,203,1),(317,203,2),(318,203,5),(319,203,6),(302,205,1),(303,205,2),(304,205,3),(305,205,5),(306,205,6),(265,208,1),(266,208,2),(267,208,3),(268,208,5),(269,208,6),(180,209,1),(181,209,2),(182,209,3),(183,209,5),(184,209,6),(285,212,1),(286,212,2),(287,212,3),(288,212,4),(289,212,5),(290,212,6),(291,212,7),(292,212,8),(278,213,1),(279,213,2),(280,213,3),(281,213,5),(282,213,6),(283,213,7),(284,213,8),(293,216,1),(294,216,2),(295,216,3),(296,216,5),(297,216,6),(360,220,1),(361,220,2),(362,220,3),(363,220,4),(364,220,5),(365,220,6),(366,221,1),(367,221,2),(368,221,4),(369,221,6);
/*!40000 ALTER TABLE `core_property_services` ENABLE KEYS */;
UNLOCK TABLES;

--
-- Table structure for table `core_saved_query`
--

DROP TABLE IF EXISTS `core_saved_query`;
/*!40101 SET @saved_cs_client     = @@character_set_client */;
/*!40101 SET character_set_client = utf8 */;
CREATE TABLE `core_saved_query` (
  `id` int(11) NOT NULL AUTO_INCREMENT,
  `user_id` int(11) NOT NULL,
  `name` varchar(200) NOT NULL,
  `query` longtext NOT NULL,
  `creation_date` datetime NOT NULL,
  `last_update` datetime NOT NULL,
  PRIMARY KEY (`id`),
  KEY `core_saved_query_6340c63c` (`user_id`),
  CONSTRAINT `user_id_refs_id_bb5a5e1c` FOREIGN KEY (`user_id`) REFERENCES `auth_user` (`id`)
) ENGINE=InnoDB DEFAULT CHARSET=latin1;
/*!40101 SET character_set_client = @saved_cs_client */;

--
-- Dumping data for table `core_saved_query`
--

LOCK TABLES `core_saved_query` WRITE;
/*!40000 ALTER TABLE `core_saved_query` DISABLE KEYS */;
/*!40000 ALTER TABLE `core_saved_query` ENABLE KEYS */;
UNLOCK TABLES;

--
-- Table structure for table `core_service`
--

DROP TABLE IF EXISTS `core_service`;
/*!40101 SET @saved_cs_client     = @@character_set_client */;
/*!40101 SET character_set_client = utf8 */;
CREATE TABLE `core_service` (
  `id` int(11) NOT NULL AUTO_INCREMENT,
  `name` varchar(100) NOT NULL,
  PRIMARY KEY (`id`)
) ENGINE=InnoDB AUTO_INCREMENT=9 DEFAULT CHARSET=latin1;
/*!40101 SET character_set_client = @saved_cs_client */;

--
-- Dumping data for table `core_service`
--

LOCK TABLES `core_service` WRITE;
/*!40000 ALTER TABLE `core_service` DISABLE KEYS */;
INSERT INTO `core_service` VALUES (1,'Agua corriente'),(2,'Desagüe cloacal'),(3,'Gas natural'),(4,'Internet'),(5,'Luz'),(6,'Pavimento'),(7,'Teléfono'),(8,'Video cable');
/*!40000 ALTER TABLE `core_service` ENABLE KEYS */;
UNLOCK TABLES;

--
-- Table structure for table `core_sub_category`
--

DROP TABLE IF EXISTS `core_sub_category`;
/*!40101 SET @saved_cs_client     = @@character_set_client */;
/*!40101 SET character_set_client = utf8 */;
CREATE TABLE `core_sub_category` (
  `id` int(11) NOT NULL AUTO_INCREMENT,
  `category_id` int(11) NOT NULL,
  `name` varchar(100) NOT NULL,
  PRIMARY KEY (`id`),
  KEY `core_sub_category_6f33f001` (`category_id`),
  CONSTRAINT `category_id_refs_id_97180265` FOREIGN KEY (`category_id`) REFERENCES `core_category` (`id`)
) ENGINE=InnoDB AUTO_INCREMENT=27 DEFAULT CHARSET=latin1;
/*!40101 SET character_set_client = @saved_cs_client */;

--
-- Dumping data for table `core_sub_category`
--

LOCK TABLES `core_sub_category` WRITE;
/*!40000 ALTER TABLE `core_sub_category` DISABLE KEYS */;
INSERT INTO `core_sub_category` VALUES (1,1,'Dúplex'),(2,1,'Triplex'),(3,1,'Loft'),(4,1,'Piso'),(5,1,'Semipiso'),(6,1,'Penthouse'),(7,1,'Departamento'),(8,2,'Dúplex'),(9,2,'Triplex'),(10,2,'Chalet'),(11,2,'Cabaña'),(12,2,'Casa'),(13,3,'PH'),(14,4,'Casa'),(15,4,'Departamento'),(16,4,'Terreno'),(17,5,'Quintas'),(18,6,'Terrenos y Lotes'),(19,7,'Campos y chacras'),(20,8,'Galpones'),(21,8,'Depósitos'),(22,8,'Edificios industriales'),(23,9,'Locales comerciales'),(24,10,'Oficinas'),(25,11,'Consultorios'),(26,12,'Cocheras');
/*!40000 ALTER TABLE `core_sub_category` ENABLE KEYS */;
UNLOCK TABLES;

--
-- Table structure for table `core_user_profile`
--

DROP TABLE IF EXISTS `core_user_profile`;
/*!40101 SET @saved_cs_client     = @@character_set_client */;
/*!40101 SET character_set_client = utf8 */;
CREATE TABLE `core_user_profile` (
  `user_id` int(11) NOT NULL,
  `phone` longtext NOT NULL,
  `agency_name` longtext,
  `activation_key` varchar(40),
  `key_expires` datetime,
  PRIMARY KEY (`user_id`),
  CONSTRAINT `user_id_refs_id_88ba6cc8` FOREIGN KEY (`user_id`) REFERENCES `auth_user` (`id`)
) ENGINE=InnoDB DEFAULT CHARSET=latin1;
/*!40101 SET character_set_client = @saved_cs_client */;

--
-- Dumping data for table `core_user_profile`
--

LOCK TABLES `core_user_profile` WRITE;
/*!40000 ALTER TABLE `core_user_profile` DISABLE KEYS */;
INSERT INTO `core_user_profile` VALUES (1,'1550452536',NULL,'','0000-00-00 00:00:00'),(2,'541150452536',NULL,'','0000-00-00 00:00:00'),(4,'47063466',NULL,'','0000-00-00 00:00:00'),(6,'1535857003',NULL,'','0000-00-00 00:00:00'),(8,'1534121600','Sandra Propiedades','',NULL),(9,'1565484949',NULL,'','0000-00-00 00:00:00'),(10,'412951',NULL,'','0000-00-00 00:00:00'),(11,'47063466',NULL,'','0000-00-00 00:00:00'),(12,'48962519',NULL,'','0000-00-00 00:00:00'),(14,'123456788','Lionel Cuevas','e0a536fe8ce285903e09c0edd8a81e48f06f64b9','2014-05-07 00:38:07'),(15,'1','ilan e','5de76aef5679e4d4c10880ef747a132aa3ae9ab9','2014-05-10 09:12:08'),(16,'1159374115','Claudia Ugarte','161ded5bc10532a7a112e7c2edb47d30535fa1d1','2014-05-12 09:15:46'),(17,'55738342','marce buzo','3f1c867b82e7b8d6fcfa558349e137edcc1b9d70','2014-05-13 14:12:45'),(18,'123456','prueba inmobiliaria','ff89a8e76c04372ab82884647fff24f746eb5805','2014-05-13 15:15:00');
/*!40000 ALTER TABLE `core_user_profile` ENABLE KEYS */;
UNLOCK TABLES;

--
-- Table structure for table `django_admin_log`
--

DROP TABLE IF EXISTS `django_admin_log`;
/*!40101 SET @saved_cs_client     = @@character_set_client */;
/*!40101 SET character_set_client = utf8 */;
CREATE TABLE `django_admin_log` (
  `id` int(11) NOT NULL AUTO_INCREMENT,
  `action_time` datetime NOT NULL,
  `user_id` int(11) NOT NULL,
  `content_type_id` int(11) DEFAULT NULL,
  `object_id` longtext,
  `object_repr` varchar(200) NOT NULL,
  `action_flag` smallint(5) unsigned NOT NULL,
  `change_message` longtext NOT NULL,
  PRIMARY KEY (`id`),
  KEY `django_admin_log_6340c63c` (`user_id`),
  KEY `django_admin_log_37ef4eb4` (`content_type_id`),
  CONSTRAINT `content_type_id_refs_id_93d2d1f8` FOREIGN KEY (`content_type_id`) REFERENCES `django_content_type` (`id`),
  CONSTRAINT `user_id_refs_id_c0d12874` FOREIGN KEY (`user_id`) REFERENCES `auth_user` (`id`)
) ENGINE=InnoDB AUTO_INCREMENT=606 DEFAULT CHARSET=latin1;
/*!40101 SET character_set_client = @saved_cs_client */;

--
-- Dumping data for table `django_admin_log`
--

LOCK TABLES `django_admin_log` WRITE;
/*!40000 ALTER TABLE `django_admin_log` DISABLE KEYS */;
INSERT INTO `django_admin_log` VALUES (1,'2014-04-05 15:55:55',1,24,'1','Argentina',1,''),(2,'2014-04-05 15:56:17',1,25,'1','Capital Federal, Argentina',1,''),(3,'2014-04-05 16:32:20',1,16,'1','Pergamino 650 > Capital Federal-Saavedra',1,''),(4,'2014-04-05 16:32:30',1,17,'1','Casas-Pergamino 650',1,''),(5,'2014-04-05 16:33:27',1,18,'1','titulo 1',1,''),(6,'2014-04-05 16:50:57',1,2,'1','ROLE_USER',1,''),(7,'2014-04-05 16:51:05',1,2,'2','ROLE_ADMIN',1,''),(8,'2014-04-05 16:51:14',1,2,'3','ROLE_AGENT',1,''),(9,'2014-04-05 16:51:29',1,2,'4','ROLE_COMPANY',1,''),(10,'2014-04-05 16:51:42',1,2,'5','ROLE_SUPER_ADMIN',1,''),(11,'2014-04-05 16:52:31',1,2,'6','ROLE_CLIENT',1,''),(12,'2014-04-05 16:52:40',1,2,'7','ROLE_USER_SEARCH',1,''),(13,'2014-04-05 16:52:56',1,3,'1','propiet@propiet.com',2,'No ha modificado ningún campo.'),(14,'2014-04-05 17:55:56',1,3,'1','propiet@propiet.com',2,'Modifica first_name y last_name.'),(15,'2014-04-05 17:56:18',1,3,'1','propiet@propiet.com',2,'Modifica groups.'),(16,'2014-04-05 18:09:36',1,3,'1','propiet@propiet.com',2,'Se agregó Perfíl de usuario \"propiet@propiet.com\".'),(17,'2014-04-05 18:26:22',1,18,'1','titulo 1',3,''),(18,'2014-04-05 18:35:39',1,18,'3','titulo 1',1,''),(19,'2014-04-06 03:00:59',1,18,'3','titulo 1',3,''),(20,'2014-04-06 03:07:40',1,15,'1','Altillo',1,''),(21,'2014-04-06 03:07:51',1,15,'2','Balcón',1,''),(22,'2014-04-06 03:07:59',1,15,'3','Baulera',1,''),(23,'2014-04-06 03:08:07',1,15,'4','Cocina',1,''),(24,'2014-04-06 03:08:14',1,15,'5','Hall',1,''),(25,'2014-04-06 03:08:23',1,15,'6','Jardín',1,''),(26,'2014-04-06 03:08:31',1,15,'7','Patio',1,''),(27,'2014-04-06 03:08:39',1,15,'8','Sótano',1,''),(28,'2014-04-06 03:08:46',1,15,'9','Terraza',1,''),(29,'2014-04-06 03:08:53',1,15,'10','Toilette',1,''),(30,'2014-04-06 03:10:23',1,15,'11','Comedor',1,''),(31,'2014-04-06 03:10:32',1,15,'12','Comedor de diario',1,''),(32,'2014-04-06 03:10:44',1,15,'13','Dependencia de servicio',1,''),(33,'2014-04-06 03:10:52',1,15,'14','Dormitorio en suite',1,''),(34,'2014-04-06 03:11:00',1,15,'15','Escritorio',1,''),(35,'2014-04-06 03:11:07',1,15,'16','Hall',1,''),(36,'2014-04-06 03:11:15',1,15,'17','Lavadero',1,''),(37,'2014-04-06 03:11:20',1,15,'18','Living',1,''),(38,'2014-04-06 03:11:27',1,15,'19','Living comedor',1,''),(39,'2014-04-06 03:11:36',1,15,'20','Terraza',1,''),(40,'2014-04-06 03:11:42',1,15,'21','Vestidor',1,''),(41,'2014-04-06 03:17:45',1,16,'5','Pergamino 650 > Capital Federal-Boca',3,''),(42,'2014-04-06 03:17:45',1,16,'4','Pergamino 650 > Capital Federal-Boca',3,''),(43,'2014-04-06 03:39:32',1,17,'2','Cocheras-Pergamino 650',1,''),(44,'2014-04-06 03:40:01',1,17,'3','Casas-Pergamino 650',1,''),(45,'2014-04-06 03:42:12',1,17,'3','Casas-Pergamino 650',3,''),(46,'2014-04-06 03:42:12',1,17,'2','Cocheras-Pergamino 650',3,''),(47,'2014-04-06 03:42:25',1,16,'8','Pergamino 650 > Capital Federal-Boca',3,''),(48,'2014-04-06 03:42:25',1,16,'7','Pergamino 650 > Capital Federal-Caballito',3,''),(49,'2014-04-06 03:42:25',1,16,'6','Pergamino 650 > Capital Federal-Barracas',3,''),(50,'2014-04-06 03:44:26',1,16,'9','Pergamino 650 > Capital Federal-Boca',3,''),(51,'2014-04-06 03:46:35',1,17,'4','Cocheras-Pergamino 650',1,''),(52,'2014-04-06 04:15:30',1,17,'4','Cocheras-Pergamino 650',3,''),(53,'2014-04-06 04:26:08',1,17,'5','Cocheras-Pergamino 650',3,''),(54,'2014-04-06 10:11:57',1,18,'5','Casa en venta en la calle Baker Street 221B, Barrio Norte',2,'Se agregó Foto \"4\".'),(55,'2014-04-06 10:40:36',1,18,'5','Casa en venta en la calle Baker Street 221B, Barrio Norte',2,'Se eliminó Foto \"None\". Se eliminó Foto \"None\". Se eliminó Foto \"None\". Se eliminó Foto \"None\".'),(56,'2014-04-06 11:20:00',1,18,'7','Pergamino 650',3,''),(57,'2014-04-06 11:20:00',1,18,'6','Pergamino 650',3,''),(58,'2014-04-06 11:20:23',1,16,'24','Pergamino 650 > Capital Federal-Abasto',3,''),(59,'2014-04-06 11:20:23',1,16,'23','Pergamino 650 > Capital Federal-Abasto',3,''),(60,'2014-04-06 11:20:23',1,16,'22','Baker street 221B > Capital Federal-Barrio Norte',3,''),(61,'2014-04-06 11:20:23',1,16,'21','Baker street 221B > Capital Federal-Abasto',3,''),(62,'2014-04-06 11:20:23',1,16,'20','Baker street 221B > Capital Federal-Abasto',3,''),(63,'2014-04-06 11:20:23',1,16,'19','Baker street 221B > Capital Federal-Barrio Norte',3,''),(64,'2014-04-06 11:20:23',1,16,'18','Pergamino 650 > Capital Federal-Abasto',3,''),(65,'2014-04-06 11:20:23',1,16,'17','Pergamino 650 > Capital Federal-Abasto',3,''),(66,'2014-04-06 11:20:23',1,16,'16','Pergamino 650 > Capital Federal-Abasto',3,''),(67,'2014-04-06 11:20:23',1,16,'15','Pergamino 650 > Capital Federal-Abasto',3,''),(68,'2014-04-06 11:20:23',1,16,'14','Pergamino 650 > Capital Federal-Agronomía',3,''),(69,'2014-04-06 11:20:23',1,16,'13','Pergamino 650 > Capital Federal-Abasto',3,''),(70,'2014-04-06 11:20:23',1,16,'12','Pergamino 650 > Capital Federal-Abasto',3,''),(71,'2014-04-06 11:20:23',1,16,'11','Pergamino 650 > Capital Federal-Abasto',3,''),(72,'2014-04-06 11:20:23',1,16,'10','Pergamino 650 > Capital Federal-Abasto',3,''),(73,'2014-04-06 11:47:44',1,16,'26','Pergamino 650 > Capital Federal-Abasto',3,''),(74,'2014-04-06 12:45:04',1,16,'31','Pergamino 650 > Capital Federal-Abasto',3,''),(75,'2014-04-06 12:45:04',1,16,'30','Pergamino 650 > Capital Federal-Boca',3,''),(76,'2014-04-06 12:45:04',1,16,'29','Pergamino 650 > Capital Federal-Abasto',3,''),(77,'2014-04-06 12:45:04',1,16,'28','Pergamino 650 > Capital Federal-Abasto',3,''),(78,'2014-04-06 12:45:04',1,16,'27','Pergamino 650 > Capital Federal-Abasto',3,''),(79,'2014-04-06 12:45:04',1,16,'25','Pergamino 650 > Capital Federal-Boca',3,''),(80,'2014-04-07 13:51:37',1,3,'3','webclient',1,''),(81,'2014-04-08 08:38:21',1,17,'22','Casas-charcas 4480',3,''),(82,'2014-04-08 08:38:21',1,17,'21','Departamentos-Blanco encalada 2100',3,''),(83,'2014-04-08 08:38:21',1,17,'20','Departamentos-dfdfdfdf',3,''),(84,'2014-04-08 08:38:21',1,17,'19','Departamentos-blanco encalada 2100',3,''),(85,'2014-04-08 08:38:21',1,17,'18','Departamentos-Av Libertador 8400',3,''),(86,'2014-04-08 08:38:21',1,17,'17','Departamentos-Blanco encalada 2149',3,''),(87,'2014-04-08 08:38:21',1,17,'16','Cocheras-Publicacion de Prueba 123',3,''),(88,'2014-04-08 08:40:26',1,3,'6','abiti@abiti.com.ar',2,'Se modificaron phone en Perfíl de usuario \"abiti@abiti.com.ar\".'),(89,'2014-04-08 08:40:36',1,3,'5','martin@propiet.com',3,''),(90,'2014-04-08 08:47:20',1,18,'22','jssijsi',3,''),(91,'2014-04-08 08:47:33',1,17,'23','Departamentos-soaje pinto',3,''),(92,'2014-04-08 12:14:46',1,16,'32','Publicacion de Prueba 123 > Capital Federal-Abasto',3,''),(93,'2014-04-08 14:27:51',1,17,'26','Locales comerciales-La valle 1500',3,''),(94,'2014-04-08 14:27:52',1,17,'25','Countries y Barrios cerrados-12345',3,''),(95,'2014-04-08 14:27:52',1,17,'24','Departamentos-borges 1500',3,''),(96,'2014-04-09 06:28:55',1,16,'42','La valle 1500 > Capital Federal-Barrio Norte',3,''),(97,'2014-04-09 06:28:55',1,16,'41','12345 > Capital Federal-Belgrano',3,''),(98,'2014-04-09 06:28:55',1,16,'40','borges 1500 > Capital Federal-Abasto',3,''),(99,'2014-04-09 06:28:55',1,16,'39','soaje pinto > Capital Federal-Abasto',3,''),(100,'2014-04-09 06:28:56',1,16,'38','charcas 4480 > Capital Federal-Abasto',3,''),(101,'2014-04-09 06:28:56',1,16,'37','Blanco encalada 2100 > Capital Federal-Belgrano',3,''),(102,'2014-04-09 06:28:56',1,16,'36','dfdfdfdf > Capital Federal-Abasto',3,''),(103,'2014-04-09 06:28:56',1,16,'35','blanco encalada 2100 > Capital Federal-Belgrano',3,''),(104,'2014-04-09 06:28:56',1,16,'34','Av Libertador 8400 > Capital Federal-Abasto',3,''),(105,'2014-04-09 06:28:56',1,16,'33','Blanco encalada 2149 > Capital Federal-Belgrano',3,''),(106,'2014-04-09 09:24:54',1,17,'29','Departamentos-aguero 1589',3,''),(107,'2014-04-09 18:20:29',1,17,'36','Departamentos-av libertador 4700',3,''),(108,'2014-04-10 12:06:10',1,17,'65','Departamentos-Catamarca 1060',2,'Modifica user.'),(109,'2014-04-10 12:10:02',1,3,'7','jmmaciel@maxplen.com.ar',3,''),(110,'2014-04-10 12:34:39',1,17,'35','Departamentos-24 de noviembre 442',3,''),(111,'2014-04-10 12:34:39',1,17,'34','Departamentos-24 de noviembre 442',3,''),(112,'2014-04-10 12:34:39',1,17,'33','Departamentos-24 de noviembre 442',3,''),(113,'2014-04-10 12:34:39',1,17,'32','Departamentos-24 de noviembre 442',3,''),(114,'2014-04-10 12:34:39',1,17,'31','Departamentos-24 De Noviembre 442',3,''),(115,'2014-04-10 13:00:47',1,17,'52','Departamentos-Castro 1176',3,''),(116,'2014-04-10 13:00:47',1,17,'51','Departamentos-Castro 1176',3,''),(117,'2014-04-10 13:00:47',1,17,'50','Departamentos-Castro 1176',3,''),(118,'2014-04-10 13:00:47',1,17,'49','Departamentos-Castro 1176',3,''),(119,'2014-04-10 13:00:47',1,17,'48','Departamentos-Castro 1176',3,''),(120,'2014-04-10 13:00:47',1,17,'47','Departamentos-Castro 1176',3,''),(121,'2014-04-10 13:00:47',1,17,'46','Departamentos-Castro 1176',3,''),(122,'2014-04-10 13:00:47',1,17,'45','Departamentos-Castro 1176',3,''),(123,'2014-04-10 13:00:47',1,17,'44','Departamentos-Castro 1176',3,''),(124,'2014-04-10 13:00:47',1,17,'43','Departamentos-Castro 1176',3,''),(125,'2014-04-10 13:00:47',1,17,'42','Departamentos-Castro 1176',3,''),(126,'2014-04-10 13:00:47',1,17,'41','Departamentos-Castro 1176',3,''),(127,'2014-04-10 13:00:47',1,17,'40','Departamentos-Castro 1176 ',3,''),(128,'2014-04-10 13:00:47',1,17,'39','Departamentos-Castro 1176',3,''),(129,'2014-04-10 13:00:47',1,17,'38','Departamentos-Castro 928',3,''),(130,'2014-04-10 13:00:47',1,17,'37','Departamentos-Castro 928',3,''),(131,'2014-04-10 13:26:06',1,17,'64','Departamentos-Catamarca 1060',3,''),(132,'2014-04-10 13:26:06',1,17,'63','Departamentos-Catamarca 1060',3,''),(133,'2014-04-10 13:26:06',1,17,'62','Departamentos-Catamarca 1060',3,''),(134,'2014-04-10 13:26:06',1,17,'61','Departamentos-Catamarca 1060',3,''),(135,'2014-04-10 13:26:06',1,17,'60','Departamentos-Catamarca 1060',3,''),(136,'2014-04-10 13:26:06',1,17,'59','Departamentos-Catamarca 1060',3,''),(137,'2014-04-10 13:26:06',1,17,'58','Departamentos-Catamarca 1060',3,''),(138,'2014-04-10 13:26:06',1,17,'57','Departamentos-Catamarca 1060',3,''),(139,'2014-04-10 13:26:06',1,17,'56','Departamentos-Catamarca 1060',3,''),(140,'2014-04-10 13:26:06',1,17,'55','Departamentos-Catamarca 1060',3,''),(141,'2014-04-10 13:26:06',1,17,'54','Departamentos-Catamarca 1060',3,''),(142,'2014-04-10 13:26:06',1,17,'53','Departamentos-Catamarca 1060',3,''),(143,'2014-04-10 13:33:34',1,17,'99','Departamentos-Catamarca 1060',3,''),(144,'2014-04-15 07:01:37',1,17,'176','PH-1',3,''),(145,'2014-04-15 07:19:35',1,17,'177','Countries y Barrios cerrados-Q',3,''),(146,'2014-04-15 22:21:16',1,17,'178','Departamentos-1',3,''),(147,'2014-04-21 08:38:53',1,17,'179','Quintas-1',3,''),(148,'2014-04-22 08:01:28',1,17,'180','Departamentos-blanco encalada 1980',3,''),(149,'2014-04-25 09:19:42',1,17,'181','Casas-1',3,''),(150,'2014-05-02 00:34:42',1,15,'20','Terraza',3,''),(151,'2014-05-05 11:04:21',1,3,'10','zurekocabek@mail.ru',2,'Modifica groups.'),(152,'2014-05-05 12:11:27',1,16,'198','av libertador 5851 > Capital Federal-Belgrano',3,''),(153,'2014-05-05 12:11:43',1,16,'197','1 > Capital Federal-Abasto',3,''),(154,'2014-05-05 12:11:54',1,16,'196','blanco encalada 1980 > Capital Federal-Belgrano',3,''),(155,'2014-05-05 12:12:40',1,16,'195','1 > Capital Federal-Abasto',3,''),(156,'2014-05-05 12:12:40',1,16,'194','1 > Capital Federal-Abasto',3,''),(157,'2014-05-05 12:12:40',1,16,'193','Q > Capital Federal-Abasto',3,''),(158,'2014-05-05 12:12:40',1,16,'192','1 > Capital Federal-Abasto',3,''),(159,'2014-05-08 09:15:49',1,3,'4','marfunes@hotmail.com',2,'Modifica groups.'),(160,'2014-05-08 09:15:52',1,3,'4','marfunes@hotmail.com',2,'No ha modificado ningún campo.'),(161,'2014-05-08 09:17:22',1,3,'4','marfunes@hotmail.com',2,'Modifica groups.'),(162,'2014-05-08 09:18:12',1,3,'10','zurekocabek@mail.ru',2,'Modifica groups.'),(163,'2014-05-08 23:27:30',13,3,'13','lionel@hoopemedia.com',2,'Modifica username.'),(164,'2014-05-09 08:29:44',13,16,'232','1234 lio > Capital Federal-Barracas',2,'Modifica address.'),(165,'2014-05-09 11:21:09',1,17,'211','Departamentos-1234 lio',3,''),(166,'2014-05-09 11:21:09',1,17,'210','Departamentos-Av libertador 5851',3,''),(167,'2014-05-09 14:06:46',1,18,'212','Venta de Departamento Semipiso de primera categoria en Belgrano',2,'Modifica user.'),(168,'2014-05-09 14:10:50',1,16,'232','1234 lio > Capital Federal-Barracas',3,''),(169,'2014-05-09 14:12:50',1,18,'111','Entre Rios 1221 9*C - Departamento en Pozo',2,'Se agregó Foto \"285\".'),(170,'2014-05-09 14:13:42',1,18,'105','Colombres 929 7*B - Departamento en Pozo',2,'Se agregó Foto \"286\".'),(171,'2014-05-09 14:13:54',1,18,'105','Colombres 929 7*B - Departamento en Pozo',2,'Se agregó Foto \"287\".'),(172,'2014-05-09 14:14:54',1,18,'105','Colombres 929 7*B - Departamento en Pozo',2,'Se agregó Foto \"288\".'),(173,'2014-05-09 14:15:27',1,18,'104','Colombres 929 7*A - Departamento en Pozo',2,'Se agregó Foto \"289\".'),(174,'2014-05-09 14:15:37',1,18,'104','Colombres 929 7*A - Departamento en Pozo',2,'Se agregó Foto \"290\".'),(175,'2014-05-09 14:16:13',1,18,'106','Entre Rios 1221 8*A - Departamento en Pozo',2,'Se agregó Foto \"291\".'),(176,'2014-05-09 14:16:38',1,18,'106','Entre Rios 1221 8*A - Departamento en Pozo',2,'Se agregó Foto \"292\".'),(177,'2014-05-09 14:17:40',1,18,'108','Entre Rios 1221 8*D - Departamento en Pozo',2,'Se agregó Foto \"293\". Se agregó Foto \"294\".'),(178,'2014-05-09 14:18:34',1,18,'109','Entre Rios 1221 9*A - Departamento en Pozo',2,'Se agregó Foto \"295\". Se agregó Foto \"296\".'),(179,'2014-05-09 14:18:57',1,18,'110','Entre Rios 1221 9*B - Departamento en Pozo',2,'Se agregó Foto \"297\". Se agregó Foto \"298\".'),(180,'2014-05-09 14:20:07',1,18,'65','24 de noviembre 442 1*E - Departamento en Venta',2,'Se agregó Foto \"299\".'),(181,'2014-05-09 14:20:55',1,18,'65','24 de noviembre 442 1*E - Departamento en Venta',2,'Se agregó Foto \"300\".'),(182,'2014-05-09 14:21:19',1,18,'65','24 de noviembre 442 1*E - Departamento en Venta',2,'Se agregó Foto \"301\".'),(183,'2014-05-09 14:22:18',1,18,'66','24 de noviembre 442 4*D - Departamento en Venta',2,'Se agregó Foto \"302\".'),(184,'2014-05-09 14:23:06',1,18,'103','Colombres 929 6*B - Departamento en Pozo',2,'Se agregó Foto \"303\".'),(185,'2014-05-09 14:23:26',1,18,'103','Colombres 929 6*B - Departamento en Pozo',2,'Se agregó Foto \"304\".'),(186,'2014-05-09 14:24:26',1,18,'102','Colombres 929 2*B - Departamento en Pozo',2,'Se agregó Foto \"305\".'),(187,'2014-05-09 14:25:02',1,18,'68','24 de noviembre 442 5*B - Departamento en Venta',2,'Se agregó Foto \"306\".'),(188,'2014-05-09 14:25:32',1,18,'68','24 de noviembre 442 5*B - Departamento en Venta',2,'Se agregó Foto \"307\".'),(189,'2014-05-09 14:26:06',1,18,'69','24 de noviembre 442 5*E - Departamento en Venta',2,'Se agregó Foto \"308\".'),(190,'2014-05-09 14:26:32',1,18,'69','24 de noviembre 442 5*E - Departamento en Venta',2,'Se agregó Foto \"309\".'),(191,'2014-05-09 14:52:41',1,18,'75','Castro 1176 1*D - Departamento en Pozo',2,'Se agregó Foto \"310\".'),(192,'2014-05-09 14:53:42',1,18,'75','Castro 1176 1*D - Departamento en Pozo',2,'Se agregó Foto \"311\".'),(193,'2014-05-09 14:54:28',1,18,'75','Castro 1176 1*D - Departamento en Pozo',2,'Se agregó Foto \"312\".'),(194,'2014-05-09 14:55:01',1,18,'67','24 de noviembre 442 4*F - Departamento en Venta ',2,'Se agregó Foto \"313\".'),(195,'2014-05-09 14:55:28',1,18,'67','24 de noviembre 442 4*F - Departamento en Venta ',2,'Se agregó Foto \"314\".'),(196,'2014-05-09 14:56:32',1,18,'70','Castro 928 4*A - Departamento en Pozo',2,'Se agregó Foto \"315\".'),(197,'2014-05-09 14:59:24',1,18,'71','Castro 928 4*B - Departamento en Pozo',2,'Se agregó Foto \"316\".'),(198,'2014-05-09 15:01:34',1,18,'152','Yerbal 2148 7*A - Departamento en Pozo',2,'Se agregó Foto \"317\".'),(199,'2014-05-09 15:01:42',1,18,'152','Yerbal 2148 7*A - Departamento en Pozo',2,'No ha modificado ningún campo.'),(200,'2014-05-09 15:23:31',1,18,'90','Catamarca 1060 4*A - Departamento en Pozo',2,'Se agregó Foto \"318\".'),(201,'2014-05-09 15:24:00',1,18,'90','Catamarca 1060 4*A - Departamento en Pozo',2,'Se agregó Foto \"319\".'),(202,'2014-05-09 15:26:08',1,18,'90','Catamarca 1060 4*A - Departamento en Pozo',2,'Se agregó Foto \"320\".'),(203,'2014-05-09 15:26:44',1,18,'90','Catamarca 1060 4*A - Departamento en Pozo',2,'Se agregó Foto \"321\".'),(204,'2014-05-09 15:27:16',1,18,'90','Catamarca 1060 4*A - Departamento en Pozo',2,'Se agregó Foto \"322\".'),(205,'2014-05-09 15:40:32',1,17,'30','Locales comerciales-Humboldt 1700',3,''),(206,'2014-05-09 15:40:32',1,17,'28','Departamentos-Humboldt 1500',3,''),(207,'2014-05-09 15:40:32',1,17,'27','PH-Honduras 5500',3,''),(208,'2014-05-09 15:41:38',1,18,'174','Dr. emilio ravignani 1600 - Casa - Alquiler',3,''),(209,'2014-05-09 15:41:38',1,18,'173','Dr. Emilio Ravignani 1600 - Casa - Venta',3,''),(210,'2014-05-09 15:41:38',1,18,'172','Peña 2100 - Venta - Semipiso',3,''),(211,'2014-05-09 15:41:38',1,18,'171','Pasaje Soria 4900 - Alquiler - Casa',3,''),(212,'2014-05-09 15:41:38',1,18,'170','Av Libertador 4700 - Departamento - Venta',3,''),(213,'2014-05-09 16:37:22',1,18,'213','sucre 800 - belgrano - venta',2,'Modifica agent.'),(214,'2014-05-09 16:37:50',1,18,'212','Venta de Departamento Semipiso de primera categoria en Belgrano',2,'Modifica user.'),(215,'2014-05-09 16:40:12',1,17,'214','Departamentos-Sucre 800',3,''),(216,'2014-05-09 16:44:52',1,18,'207','11 Septiembre 2600 - Belgrano - Venta',2,'Modifica user.'),(217,'2014-05-09 16:45:15',1,18,'211','Gran semipiso en pleno Belgrano',2,'Modifica user.'),(218,'2014-05-09 16:51:52',1,18,'182','Teodoro García 1800 - Local ',3,''),(219,'2014-05-09 17:02:15',1,18,'196','Teodoro García 1800 - Belgrano - Alquiler',2,'Se agregó Foto \"345\".'),(220,'2014-05-09 17:03:13',1,18,'196','Teodoro García 1800 - Belgrano - Alquiler',2,'Se agregó Foto \"346\".'),(221,'2014-05-09 17:03:17',1,18,'196','Teodoro García 1800 - Belgrano - Alquiler',2,'No ha modificado ningún campo.'),(222,'2014-05-09 17:07:44',1,18,'196','Teodoro García 1800 - Belgrano - Alquiler',2,'Se agregó Foto \"347\".'),(223,'2014-05-09 17:08:06',1,18,'196','Teodoro García 1800 - Belgrano - Alquiler',2,'Se agregó Foto \"348\".'),(224,'2014-05-11 11:32:44',1,18,'211','Gran semipiso en pleno Belgrano',2,'Modifica user.'),(225,'2014-05-11 13:15:15',1,3,'8','infopropiedades01@gmail.com',2,'Se modificaron agency_name en Perfíl de usuario \"infopropiedades01@gmail.com\".'),(226,'2014-05-11 13:29:24',1,18,'203','La Rioja 200 - Once - Venta',2,'Modifica price y currency.'),(227,'2014-05-11 15:49:10',1,18,'106','Entre Rios 1221 8*A - Departamento en Pozo',2,'Modifica description.'),(228,'2014-05-11 15:49:30',1,18,'119','Entre Rios 1221 11*C - Departamento en Pozo',2,'Modifica description.'),(229,'2014-05-11 15:50:05',1,18,'118','Entre Rios 1221 11*D - Departamento en Pozo',2,'Modifica description.'),(230,'2014-05-11 15:50:45',1,18,'117','Entre Rios 1221 11*A - Departamento en Pozo',2,'Modifica description.'),(231,'2014-05-11 15:51:29',1,18,'116','Entre Rios 1221 10*D - Departamento en Pozo',2,'Modifica description.'),(232,'2014-05-11 15:53:57',1,18,'116','Entre Rios 1221 10*D - Departamento en Pozo',2,'Se agregó Foto \"362\".'),(233,'2014-05-11 15:54:33',1,18,'116','Entre Rios 1221 10*D - Departamento en Pozo',2,'Se agregó Foto \"363\".'),(234,'2014-05-11 15:55:08',1,18,'116','Entre Rios 1221 10*D - Departamento en Pozo',2,'Se agregó Foto \"364\".'),(235,'2014-05-11 15:55:58',1,18,'117','Entre Rios 1221 11*A - Departamento en Pozo',2,'Se agregó Foto \"365\".'),(236,'2014-05-11 15:56:32',1,18,'117','Entre Rios 1221 11*A - Departamento en Pozo',2,'Se agregó Foto \"366\".'),(237,'2014-05-11 15:56:43',1,18,'117','Entre Rios 1221 11*A - Departamento en Pozo',2,'Se agregó Foto \"367\".'),(238,'2014-05-11 15:58:47',1,18,'115','Entre Rios 1221 10*C - Departamento en Pozo',2,'Modifica description. Se agregó Foto \"368\".'),(239,'2014-05-11 15:59:16',1,18,'115','Entre Rios 1221 10*C - Departamento en Pozo',2,'Se agregó Foto \"369\".'),(240,'2014-05-11 15:59:26',1,18,'115','Entre Rios 1221 10*C - Departamento en Pozo',2,'Se agregó Foto \"370\".'),(241,'2014-05-11 16:00:28',1,18,'114','Entre Rios 1221 10*B - Departamento en Pozo',2,'Modifica description. Se agregó Foto \"371\".'),(242,'2014-05-11 16:00:53',1,18,'114','Entre Rios 1221 10*B - Departamento en Pozo',2,'Se agregó Foto \"372\".'),(243,'2014-05-11 16:01:14',1,18,'114','Entre Rios 1221 10*B - Departamento en Pozo',2,'Se agregó Foto \"373\".'),(244,'2014-05-11 16:01:51',1,18,'113','Entre Rios 1221 10*A - Departamento en Pozo',2,'Modifica description. Se agregó Foto \"374\".'),(245,'2014-05-11 16:02:34',1,18,'113','Entre Rios 1221 10*A - Departamento en Pozo',2,'Se agregó Foto \"375\".'),(246,'2014-05-11 16:03:26',1,18,'113','Entre Rios 1221 10*A - Departamento en Pozo',2,'Se agregó Foto \"376\".'),(247,'2014-05-11 16:04:55',1,18,'112','Entre Rios 1221 9*D - Departamento en Pozo',2,'Modifica description. Se agregó Foto \"377\".'),(248,'2014-05-11 16:05:16',1,18,'112','Entre Rios 1221 9*D - Departamento en Pozo',2,'Se agregó Foto \"378\".'),(249,'2014-05-11 16:07:49',1,18,'112','Entre Rios 1221 9*D - Departamento en Pozo',2,'Se agregó Foto \"379\".'),(250,'2014-05-11 16:09:16',1,18,'111','Entre Rios 1221 9*C - Departamento en Pozo',2,'Modifica description. Se agregó Foto \"380\".'),(251,'2014-05-11 16:09:36',1,18,'111','Entre Rios 1221 9*C - Departamento en Pozo',2,'Se agregó Foto \"381\".'),(252,'2014-05-11 16:11:29',1,18,'110','Entre Rios 1221 9*B - Departamento en Pozo',2,'Modifica description. Se agregó Foto \"382\".'),(253,'2014-05-11 16:11:54',1,18,'109','Entre Rios 1221 9*A - Departamento en Pozo',2,'Modifica description. Se agregó Foto \"383\".'),(254,'2014-05-11 16:12:26',1,18,'108','Entre Rios 1221 8*D - Departamento en Pozo',2,'Modifica description. Se agregó Foto \"384\".'),(255,'2014-05-11 16:13:38',1,18,'107','Entre Rios 1221 8*B - Departamento en Pozo',2,'Modifica description. Se agregó Foto \"385\".'),(256,'2014-05-11 16:13:46',1,18,'107','Entre Rios 1221 8*B - Departamento en Pozo',2,'Se agregó Foto \"386\".'),(257,'2014-05-11 16:26:56',1,18,'155','Yerbal 2148 8*B - Departamento en Pozo',2,'Modifica description.'),(258,'2014-05-11 16:27:14',1,18,'154','Yerbal 2148 8*A - Departamento en Pozo',2,'Modifica description.'),(259,'2014-05-11 16:27:30',1,18,'153','Yerbal 2148 7*B/C - Departamento en Pozo',2,'Modifica description.'),(260,'2014-05-11 16:28:18',1,18,'152','Yerbal 2148 7*A - Departamento en Pozo',2,'Modifica description. Se agregó Foto \"387\".'),(261,'2014-05-11 16:28:53',1,18,'152','Yerbal 2148 7*A - Departamento en Pozo',2,'Se agregó Foto \"388\".'),(262,'2014-05-11 16:29:18',1,18,'151','Yerbal 2148 6*B/C - Departamento en Pozo',2,'Modifica description.'),(263,'2014-05-11 16:29:31',1,18,'150','Yerbal 2148 5*B - Departamento en Pozo',2,'Modifica description.'),(264,'2014-05-11 16:29:46',1,18,'149','Yerbal 2148 3*A - Departamento en Pozo',2,'Modifica description.'),(265,'2014-05-11 16:30:02',1,18,'148','Yerbal 2148 2*A - Departamento en Pozo',2,'Modifica description.'),(266,'2014-05-11 16:47:21',1,18,'147','San Juan 4283 9*A - Departamento en Pozo',2,'Modifica description.'),(267,'2014-05-11 16:47:44',1,18,'146','San Juan 4283 7*B - Departamento en Pozo',2,'Modifica description.'),(268,'2014-05-11 16:48:00',1,18,'145','San Juan 4283 4*B - Departamento en Pozo',2,'Modifica description.'),(269,'2014-05-11 16:48:22',1,18,'142','San Juan 4283 1*C - Departamento en Pozo',2,'Modifica description.'),(270,'2014-05-11 16:48:47',1,18,'143','San Juan 4283 3*C - Departamento en Pozo',2,'Modifica description.'),(271,'2014-05-11 16:49:02',1,18,'144','San Juan 4283 4*C - Departamento en Pozo',2,'Modifica description.'),(272,'2014-05-11 18:49:40',1,18,'129','Gurruchaga 2434 5*C - Oficina en Pozo',2,'Modifica description.'),(273,'2014-05-11 18:50:04',1,18,'128','Gurruchaga 2434 3*A - Departamento en Pozo',2,'Modifica description.'),(274,'2014-05-11 18:50:23',1,18,'127','Gurruchaga 2434 1*C - Oficina en Pozo',2,'Modifica description.'),(275,'2014-05-11 18:56:37',1,18,'141','Regimiento de Patricios 242 14*A/D/E/H - Departamento en Pozo',2,'Se agregó Foto \"389\".'),(276,'2014-05-11 19:00:12',1,18,'140','Regimiento de Patricios 242 14*B/C - Departamento en Pozo',2,'Modifica description.'),(277,'2014-05-11 19:00:39',1,18,'139','Regimiento de Patricios 242 10*A/D/E/H - Departamento en Pozo',2,'Modifica description.'),(278,'2014-05-11 19:00:51',1,18,'138','Regimiento de Patricios 242 9*A/D/E/H - Departamento en Pozo',2,'Modifica description.'),(279,'2014-05-11 19:01:22',1,18,'137','Regimiento de Patricios 242 7*D/E/H - Departamento en Pozo',2,'Modifica description. Se agregó Foto \"390\".'),(280,'2014-05-11 19:01:37',1,18,'136','Regimiento de Patricios 242 6*A/D - Departamento en Pozo',2,'Modifica description.'),(281,'2014-05-11 19:01:50',1,18,'135','Regimiento de Patricios 242 5*H - Departamento en Pozo',2,'Modifica description.'),(282,'2014-05-11 19:02:18',1,18,'134','Regimiento de Patricios 242 4*E/H - Departamento en Pozo',2,'Modifica description. Se agregó Foto \"391\".'),(283,'2014-05-11 19:02:37',1,18,'133','Regimiento de Patricios 242 3*E/H - Departamento en Pozo',2,'Modifica description.'),(284,'2014-05-11 19:03:13',1,18,'132','Regimiento de Patricios 242 2*E/H - Departamento en Pozo',2,'Modifica description. Se agregó Foto \"392\".'),(285,'2014-05-11 19:03:38',1,18,'131','Regimiento de Patricios 242 1*F/G - Departamento en Pozo',2,'Modifica description. Se agregó Foto \"393\".'),(286,'2014-05-11 19:03:59',1,18,'130','Regimiento de Patricios 242 1*D/E/H - Departamento en Pozo',2,'Modifica description.'),(287,'2014-05-11 22:08:00',1,18,'126','Gaona 4100 4*A - Departamento en Pozo',2,'Modifica description.'),(288,'2014-05-11 22:08:04',1,18,'126','Gaona 4100 4*A - Departamento en Pozo',2,'No ha modificado ningún campo.'),(289,'2014-05-11 22:08:19',1,18,'125','Gaona 4100 3*B - Departamento en Pozo',2,'Modifica description.'),(290,'2014-05-11 22:08:31',1,18,'124','Gaona 4100 3*A - Departamento en Pozo',2,'Modifica description.'),(291,'2014-05-11 22:08:43',1,18,'123','Gaona 4100 2*B - Departamento en Pozo',2,'Modifica description.'),(292,'2014-05-11 22:09:36',1,18,'121','Gaona 4100 1*B - Departamento en Pozo',2,'Modifica description. Se agregó Foto \"394\".'),(293,'2014-05-11 22:09:39',1,18,'121','Gaona 4100 1*B - Departamento en Pozo',2,'Se agregó Foto \"395\".'),(294,'2014-05-11 22:10:30',1,18,'121','Gaona 4100 1*B - Departamento en Pozo',2,'Se agregó Foto \"396\".'),(295,'2014-05-11 22:11:38',1,18,'121','Gaona 4100 1*B - Departamento en Pozo',2,'No ha modificado ningún campo.'),(296,'2014-05-11 22:12:11',1,18,'120','Gaona 4100 1*A - Departamento en Pozo',2,'Modifica description. Se agregó Foto \"397\".'),(297,'2014-05-11 22:13:16',1,18,'126','Gaona 4100 4*A - Departamento en Pozo',2,'Se agregó Foto \"398\".'),(298,'2014-05-11 22:23:46',1,18,'105','Colombres 929 7*B - Departamento en Pozo',2,'Modifica description.'),(299,'2014-05-11 22:24:29',1,18,'104','Colombres 929 7*A - Departamento en Pozo',2,'Modifica description.'),(300,'2014-05-11 22:24:43',1,18,'103','Colombres 929 6*B - Departamento en Pozo',2,'Modifica description.'),(301,'2014-05-11 22:25:21',1,18,'102','Colombres 929 2*B - Departamento en Pozo',2,'Modifica description. Se agregó Foto \"399\".'),(302,'2014-05-11 22:38:54',1,18,'70','Castro 928 4*A - Departamento en Pozo',2,'Modifica hidden_note. Se agregó Foto \"400\".'),(303,'2014-05-11 22:39:29',1,18,'70','Castro 928 4*A - Departamento en Pozo',2,'Modifica description y hidden_note.'),(304,'2014-05-11 22:39:53',1,18,'71','Castro 928 4*B - Departamento en Pozo',2,'Modifica description. Se agregó Foto \"401\".'),(305,'2014-05-11 22:43:31',1,18,'69','24 de noviembre 442 5*E - Departamento en Venta',2,'No ha modificado ningún campo.'),(306,'2014-05-11 22:43:39',1,18,'68','24 de noviembre 442 5*B - Departamento en Venta',2,'No ha modificado ningún campo.'),(307,'2014-05-11 22:43:47',1,18,'67','24 de noviembre 442 4*F - Departamento en Venta ',2,'No ha modificado ningún campo.'),(308,'2014-05-11 22:43:53',1,18,'66','24 de noviembre 442 4*D - Departamento en Venta',2,'No ha modificado ningún campo.'),(309,'2014-05-11 22:44:00',1,18,'65','24 de noviembre 442 1*E - Departamento en Venta',2,'No ha modificado ningún campo.'),(310,'2014-05-11 22:47:29',1,18,'66','24 de noviembre 442 4*D - Departamento en Venta',2,'No ha modificado ningún campo.'),(311,'2014-05-11 22:49:45',1,18,'68','24 de noviembre 442 5*B - Departamento en Venta',2,'No ha modificado ningún campo.'),(312,'2014-05-11 22:54:37',1,18,'101','Catamarca 1060 6*E - Departamento en Pozo',2,'Modifica description. Se agregó Foto \"402\".'),(313,'2014-05-11 22:55:07',1,18,'101','Catamarca 1060 6*E - Departamento en Pozo',2,'Se agregó Foto \"403\". Se agregó Foto \"404\".'),(314,'2014-05-11 22:55:23',1,18,'101','Catamarca 1060 6*E - Departamento en Pozo',2,'No ha modificado ningún campo.'),(315,'2014-05-11 22:55:45',1,18,'100','Catamarca 1060 6*D - Departamento en Pozo',2,'Modifica description. Se agregó Foto \"405\".'),(316,'2014-05-11 22:56:13',1,18,'100','Catamarca 1060 6*D - Departamento en Pozo',2,'Se agregó Foto \"406\". Se agregó Foto \"407\".'),(317,'2014-05-11 22:56:51',1,18,'99','Catamarca 1060 6*C - Departamento en Pozo',2,'Modifica description. Se agregó Foto \"408\".'),(318,'2014-05-11 22:57:50',1,18,'99','Catamarca 1060 6*C - Departamento en Pozo',2,'Se agregó Foto \"409\". Se agregó Foto \"410\".'),(319,'2014-05-11 22:58:09',1,18,'97','Catamarca 1060 6*B - Departamento en Pozo',2,'Modifica description. Se agregó Foto \"411\".'),(320,'2014-05-11 22:58:44',1,18,'97','Catamarca 1060 6*B - Departamento en Pozo',2,'Se agregó Foto \"412\". Se agregó Foto \"413\".'),(321,'2014-05-11 22:59:22',1,18,'96','Catamarca 1060 6*A - Departamento en Pozo',2,'Modifica description. Se agregó Foto \"414\".'),(322,'2014-05-11 22:59:46',1,18,'96','Catamarca 1060 6*A - Departamento en Pozo',2,'Se agregó Foto \"415\". Se agregó Foto \"416\".'),(323,'2014-05-11 23:00:24',1,18,'95','Catamarca 1060 5*E - Departamento en Pozo',2,'Modifica description. Se agregó Foto \"417\". Se agregó Foto \"418\".'),(324,'2014-05-11 23:01:05',1,18,'94','Catamarca 1060 5*D - Departamento en Pozo',2,'Modifica description. Se agregó Foto \"419\". Se agregó Foto \"420\".'),(325,'2014-05-11 23:01:52',1,18,'93','Catamarca 1060 5*C - Departamento en Pozo',2,'Modifica description. Se agregó Foto \"421\". Se agregó Foto \"422\".'),(326,'2014-05-11 23:02:22',1,18,'92','Catamarca 1060 5*B - Departamento en Pozo',2,'Modifica description. Se agregó Foto \"423\". Se agregó Foto \"424\".'),(327,'2014-05-11 23:02:52',1,18,'91','Catamarca 1060 5*A - Departamento en Pozo',2,'Modifica description. Se agregó Foto \"425\". Se agregó Foto \"426\".'),(328,'2014-05-11 23:03:38',1,18,'90','Catamarca 1060 4*A - Departamento en Pozo',2,'Modifica description.'),(329,'2014-05-11 23:04:05',1,18,'89','Catamarca 1060 3*E - Departamento en Pozo',2,'Modifica description. Se agregó Foto \"427\". Se agregó Foto \"428\".'),(330,'2014-05-11 23:11:01',1,18,'86','Catamarca 1060 2*D - Departamento en Pozo',2,'Modifica description. Se agregó Foto \"429\".'),(331,'2014-05-11 23:11:28',1,18,'86','Catamarca 1060 2*D - Departamento en Pozo',2,'Se agregó Foto \"430\". Se agregó Foto \"431\".'),(332,'2014-05-11 23:12:09',1,18,'87','Catamarca 1060 3*A - Departamento en Pozo',2,'Modifica description. Se agregó Foto \"432\". Se agregó Foto \"433\".'),(333,'2014-05-11 23:12:39',1,18,'87','Catamarca 1060 3*A - Departamento en Pozo',2,'Se agregó Foto \"434\".'),(334,'2014-05-11 23:13:13',1,18,'88','Catamarca 1060 3*D - Departamento en Pozo',2,'Modifica description. Se agregó Foto \"435\". Se agregó Foto \"436\".'),(335,'2014-05-11 23:14:17',1,18,'88','Catamarca 1060 3*D - Departamento en Pozo',2,'Se agregó Foto \"437\".'),(336,'2014-05-11 23:14:32',1,18,'89','Catamarca 1060 3*E - Departamento en Pozo',2,'No ha modificado ningún campo.'),(337,'2014-05-11 23:14:41',1,18,'88','Catamarca 1060 3*D - Departamento en Pozo',2,'No ha modificado ningún campo.'),(338,'2014-05-12 08:58:12',1,18,'72','Castro 1176 1*A - Departamento en Pozo',2,'Modifica description. Se agregó Foto \"438\".'),(339,'2014-05-12 08:58:40',1,18,'72','Castro 1176 1*A - Departamento en Pozo',2,'Se agregó Foto \"439\". Se agregó Foto \"440\".'),(340,'2014-05-12 08:59:07',1,18,'73','Castro 1176 1*B - Departamento en Pozo',2,'Modifica description. Se agregó Foto \"441\".'),(341,'2014-05-12 08:59:32',1,18,'73','Castro 1176 1*B - Departamento en Pozo',2,'Se agregó Foto \"442\". Se agregó Foto \"443\".'),(342,'2014-05-12 09:00:30',1,18,'74','Castro 1176 1*C - Departamento en Pozo',2,'Modifica description. Se agregó Foto \"444\".'),(343,'2014-05-12 09:00:57',1,18,'74','Castro 1176 1*C - Departamento en Pozo',2,'Se agregó Foto \"445\". Se agregó Foto \"446\".'),(344,'2014-05-12 09:01:12',1,18,'75','Castro 1176 1*D - Departamento en Pozo',2,'Modifica description.'),(345,'2014-05-12 09:01:38',1,18,'76','Castro 1176 2*A - Departamento en Pozo',2,'Modifica description. Se agregó Foto \"447\".'),(346,'2014-05-12 09:02:16',1,18,'76','Castro 1176 2*A - Departamento en Pozo',2,'Se agregó Foto \"448\". Se agregó Foto \"449\".'),(347,'2014-05-12 09:03:15',1,18,'77','Castro 1176 2*B - Departamento en Pozo',2,'Modifica description. Se agregó Foto \"450\".'),(348,'2014-05-12 09:03:38',1,18,'77','Castro 1176 2*B - Departamento en Pozo',2,'Se agregó Foto \"451\". Se agregó Foto \"452\".'),(349,'2014-05-12 09:04:06',1,18,'78','Castro 1176 2*C - Departamento en Pozo',2,'Modifica description. Se agregó Foto \"453\".'),(350,'2014-05-12 09:04:33',1,18,'78','Castro 1176 2*C - Departamento en Pozo',2,'Se agregó Foto \"454\". Se agregó Foto \"455\".'),(351,'2014-05-12 09:05:20',1,18,'79','Castro 1176 2*D - Departamento en Pozo',2,'Modifica description. Se agregó Foto \"456\".'),(352,'2014-05-12 09:05:49',1,18,'79','Castro 1176 2*D - Departamento en Pozo',2,'Se agregó Foto \"457\". Se agregó Foto \"458\".'),(353,'2014-05-12 09:07:33',1,18,'80','Castro 1176 3*A - Departamento en Pozo',2,'Modifica description. Se agregó Foto \"459\".'),(354,'2014-05-12 09:08:16',1,18,'80','Castro 1176 3*A - Departamento en Pozo',2,'Se agregó Foto \"460\". Se agregó Foto \"461\".'),(355,'2014-05-12 09:09:04',1,18,'81','Castro 1176 3*C - Departamento en Pozo',2,'Modifica description. Se agregó Foto \"462\". Se agregó Foto \"463\".'),(356,'2014-05-12 09:09:31',1,18,'81','Castro 1176 3*C - Departamento en Pozo',2,'Se agregó Foto \"464\".'),(357,'2014-05-12 09:10:27',1,18,'82','Castro 1176 3*D - Departamento en Pozo',2,'Modifica description. Se agregó Foto \"465\". Se agregó Foto \"466\".'),(358,'2014-05-12 09:10:47',1,18,'82','Castro 1176 3*D - Departamento en Pozo',2,'Se agregó Foto \"467\".'),(359,'2014-05-12 09:12:30',1,18,'168','Castro 1176 4*A - Departamento en Pozo',2,'Se agregó Foto \"468\".'),(360,'2014-05-12 09:14:06',1,18,'169','Castro 1176 4*B - Departamento en Pozo',2,'Se agregó Foto \"469\".'),(361,'2014-05-12 09:15:49',1,18,'85','Castro 1176 4*B - Departamento en Pozo',2,'Modifica description. Se agregó Foto \"470\".'),(362,'2014-05-12 09:16:41',1,18,'85','Castro 1176 4*B - Departamento en Pozo',2,'Se agregó Foto \"471\". Se agregó Foto \"472\".'),(363,'2014-05-12 09:17:25',1,18,'84','Castro 1176 4*A - Departamento en Pozo',2,'Modifica description. Se agregó Foto \"473\".'),(364,'2014-05-12 09:17:58',1,18,'84','Castro 1176 4*A - Departamento en Pozo',2,'Se agregó Foto \"474\". Se agregó Foto \"475\".'),(365,'2014-05-12 09:18:28',1,18,'83','Castro 1176 3*E - Departamento en Pozo',2,'Modifica description. Se agregó Foto \"476\". Se agregó Foto \"477\".'),(366,'2014-05-12 09:18:51',1,18,'83','Castro 1176 3*E - Departamento en Pozo',2,'Se agregó Foto \"478\".'),(367,'2014-05-12 09:19:44',1,18,'169','Castro 1176 4*B - Departamento en Pozo',3,''),(368,'2014-05-12 09:19:56',1,18,'168','Castro 1176 4*A - Departamento en Pozo',3,''),(369,'2014-05-12 09:20:08',1,18,'167','Castro 1176 3*E - Studio en Pozo',3,''),(370,'2014-05-12 09:20:26',1,18,'166','Castro 1176 3*D - Departamento en Pozo',2,'Modifica description.'),(371,'2014-05-12 09:20:53',1,18,'165','Castro 1176 3*C - Oficina en Pozo',2,'Modifica description.'),(372,'2014-05-12 09:21:38',1,18,'216','11',3,''),(373,'2014-05-12 10:19:14',1,18,'184','11 De Septiembre 1800 -  Belgrano - Alquiler',2,'Modifica agent.'),(374,'2014-05-12 10:29:03',1,18,'185','Av Cabildo 3600 - Nuñez - Alquiler',2,'Modifica agent.'),(375,'2014-05-12 10:30:35',1,18,'186','Av Cabildo 3600 - Nuñez - Alquiler',2,'Modifica agent.'),(376,'2014-05-12 10:36:47',1,18,'187','Av Las Heras 2100 - Local - Alquiler',2,'Se agregó Foto \"499\". Se agregó Foto \"500\".'),(377,'2014-05-12 10:37:33',1,18,'187','Av Las Heras 2100 - Local - Alquiler',2,'Se agregó Foto \"501\". Se agregó Foto \"502\".'),(378,'2014-05-12 10:38:09',1,18,'187','Av Las Heras 2100 - Local - Alquiler',2,'Se agregó Foto \"503\".'),(379,'2014-05-12 10:43:34',1,18,'203','La Rioja 200 - Once - Venta',2,'Se agregó Foto \"504\". Se agregó Foto \"505\".'),(380,'2014-05-12 10:43:41',1,18,'203','La Rioja 200 - Once - Venta',2,'No ha modificado ningún campo.'),(381,'2014-05-12 10:44:23',1,18,'188','La rioja 200 -  Once - Alquiler',2,'Se agregó Foto \"506\". Se agregó Foto \"507\".'),(382,'2014-05-12 10:46:16',1,18,'189','Jorge Luis Borges 2500 - Palermo - Alquiler',2,'Se agregó Foto \"508\".'),(383,'2014-05-12 10:56:06',1,18,'189','Jorge Luis Borges 2500 - Palermo - Alquiler',2,'Se agregó Foto \"509\". Se agregó Foto \"510\".'),(384,'2014-05-12 10:56:41',1,18,'189','Jorge Luis Borges 2500 - Palermo - Alquiler',2,'Se agregó Foto \"511\". Se agregó Foto \"512\".'),(385,'2014-05-12 10:57:06',1,18,'189','Jorge Luis Borges 2500 - Palermo - Alquiler',2,'Se agregó Foto \"513\". Se agregó Foto \"514\".'),(386,'2014-05-12 10:57:33',1,18,'189','Jorge Luis Borges 2500 - Palermo - Alquiler',2,'Se agregó Foto \"515\". Se agregó Foto \"516\".'),(387,'2014-05-12 11:05:38',1,18,'190','Florida 400 - Microcentro - Alquiler',2,'Se agregó Foto \"517\". Se agregó Foto \"518\".'),(388,'2014-05-12 11:06:02',1,18,'190','Florida 400 - Microcentro - Alquiler',2,'Se agregó Foto \"519\". Se agregó Foto \"520\".'),(389,'2014-05-12 11:06:28',1,18,'190','Florida 400 - Microcentro - Alquiler',2,'Se agregó Foto \"521\". Se agregó Foto \"522\".'),(390,'2014-05-12 11:07:04',1,18,'190','Florida 400 - Microcentro - Alquiler',2,'Se agregó Foto \"523\". Se agregó Foto \"524\".'),(391,'2014-05-12 11:07:40',1,18,'200','Florida 400 - Microcentro - Venta',2,'Se agregó Foto \"525\". Se agregó Foto \"526\".'),(392,'2014-05-12 11:08:19',1,18,'200','Florida 400 - Microcentro - Venta',2,'Se agregó Foto \"527\". Se agregó Foto \"528\".'),(393,'2014-05-12 11:09:02',1,18,'200','Florida 400 - Microcentro - Venta',2,'Se agregó Foto \"529\". Se agregó Foto \"530\".'),(394,'2014-05-12 11:09:27',1,18,'200','Florida 400 - Microcentro - Venta',2,'Se agregó Foto \"531\". Se agregó Foto \"532\".'),(395,'2014-05-12 11:13:15',1,18,'191','Montevideo 900 - Recoleta - Alquiler',2,'Se agregó Foto \"533\".'),(396,'2014-05-12 11:15:21',1,18,'191','Montevideo 900 - Recoleta - Alquiler',2,'Se agregó Foto \"534\".'),(397,'2014-05-12 11:17:02',1,18,'191','Montevideo 900 - Recoleta - Alquiler',2,'Se agregó Foto \"535\".'),(398,'2014-05-12 11:17:42',1,18,'191','Montevideo 900 - Recoleta - Alquiler',2,'Se agregó Foto \"536\".'),(399,'2014-05-12 11:18:14',1,18,'191','Montevideo 900 - Recoleta - Alquiler',2,'Se agregó Foto \"537\".'),(400,'2014-05-12 11:20:11',1,18,'191','Montevideo 900 - Recoleta - Alquiler',2,'Se agregó Foto \"538\".'),(401,'2014-05-12 11:20:30',1,18,'191','Montevideo 900 - Recoleta - Alquiler',2,'Se agregó Foto \"539\".'),(402,'2014-05-12 11:20:50',1,18,'191','Montevideo 900 - Recoleta - Alquiler',2,'Se agregó Foto \"540\".'),(403,'2014-05-12 11:21:12',1,18,'191','Montevideo 900 - Recoleta - Alquiler',2,'Se agregó Foto \"541\".'),(404,'2014-05-12 11:21:30',1,18,'191','Montevideo 900 - Recoleta - Alquiler',2,'Se agregó Foto \"542\".'),(405,'2014-05-12 11:22:18',1,18,'191','Montevideo 900 - Recoleta - Alquiler',2,'Se agregó Foto \"543\".'),(406,'2014-05-12 11:22:46',1,18,'191','Montevideo 900 - Recoleta - Alquiler',2,'Se agregó Foto \"544\".'),(407,'2014-05-12 11:23:11',1,18,'191','Montevideo 900 - Recoleta - Alquiler',2,'Se agregó Foto \"545\".'),(408,'2014-05-12 11:23:58',1,18,'192','Montevideo 900 - Recoleta - Venta',2,'Se agregó Foto \"546\".'),(409,'2014-05-12 11:24:28',1,18,'192','Montevideo 900 - Recoleta - Venta',2,'Se agregó Foto \"547\".'),(410,'2014-05-12 11:25:10',1,18,'192','Montevideo 900 - Recoleta - Venta',2,'Se agregó Foto \"548\".'),(411,'2014-05-12 11:25:31',1,18,'192','Montevideo 900 - Recoleta - Venta',2,'Se agregó Foto \"549\".'),(412,'2014-05-12 11:25:55',1,18,'192','Montevideo 900 - Recoleta - Venta',2,'Se agregó Foto \"550\".'),(413,'2014-05-12 11:26:21',1,18,'192','Montevideo 900 - Recoleta - Venta',2,'Se agregó Foto \"551\".'),(414,'2014-05-12 11:26:45',1,18,'192','Montevideo 900 - Recoleta - Venta',2,'Se agregó Foto \"552\".'),(415,'2014-05-12 11:27:10',1,18,'192','Montevideo 900 - Recoleta - Venta',2,'Se agregó Foto \"553\".'),(416,'2014-05-12 11:27:33',1,18,'192','Montevideo 900 - Recoleta - Venta',2,'Se agregó Foto \"554\".'),(417,'2014-05-12 11:28:00',1,18,'192','Montevideo 900 - Recoleta - Venta',2,'Se agregó Foto \"555\".'),(418,'2014-05-12 11:28:23',1,18,'192','Montevideo 900 - Recoleta - Venta',2,'Se agregó Foto \"556\".'),(419,'2014-05-12 11:28:51',1,18,'192','Montevideo 900 - Recoleta - Venta',2,'Se agregó Foto \"557\".'),(420,'2014-05-12 11:33:21',1,18,'192','Montevideo 900 - Recoleta - Venta',2,'No ha modificado ningún campo.'),(421,'2014-05-12 11:42:06',1,18,'194','Blanco Encalada 2100 - Belgrano - Venta',2,'Se agregó Foto \"558\".'),(422,'2014-05-12 11:42:47',1,18,'194','Blanco Encalada 2100 - Belgrano - Venta',2,'Se agregó Foto \"559\".'),(423,'2014-05-12 11:43:08',1,18,'194','Blanco Encalada 2100 - Belgrano - Venta',2,'Se agregó Foto \"560\".'),(424,'2014-05-12 11:43:49',1,18,'194','Blanco Encalada 2100 - Belgrano - Venta',2,'Se agregó Foto \"561\".'),(425,'2014-05-12 11:44:13',1,18,'194','Blanco Encalada 2100 - Belgrano - Venta',2,'Se agregó Foto \"562\".'),(426,'2014-05-12 11:44:51',1,18,'194','Blanco Encalada 2100 - Belgrano - Venta',2,'Se agregó Foto \"563\".'),(427,'2014-05-12 11:45:43',1,18,'194','Blanco Encalada 2100 - Belgrano - Venta',2,'Se agregó Foto \"564\".'),(428,'2014-05-12 11:46:17',1,18,'194','Blanco Encalada 2100 - Belgrano - Venta',2,'Se agregó Foto \"565\".'),(429,'2014-05-12 11:46:36',1,18,'194','Blanco Encalada 2100 - Belgrano - Venta',2,'Se agregó Foto \"566\".'),(430,'2014-05-12 11:46:59',1,18,'194','Blanco Encalada 2100 - Belgrano - Venta',2,'Se agregó Foto \"567\".'),(431,'2014-05-12 11:47:31',1,18,'194','Blanco Encalada 2100 - Belgrano - Venta',2,'Se agregó Foto \"568\".'),(432,'2014-05-12 11:47:53',1,18,'194','Blanco Encalada 2100 - Belgrano - Venta',2,'Se agregó Foto \"569\".'),(433,'2014-05-12 11:48:53',1,18,'195','Av Cabildo 3600 - Nuñez - Venta',2,'Se agregó Foto \"570\".'),(434,'2014-05-12 11:49:53',1,18,'195','Av Cabildo 3600 - Nuñez - Venta',2,'Se agregó Foto \"571\".'),(435,'2014-05-12 11:50:18',1,18,'195','Av Cabildo 3600 - Nuñez - Venta',2,'Se agregó Foto \"572\".'),(436,'2014-05-12 11:51:06',1,18,'195','Av Cabildo 3600 - Nuñez - Venta',2,'Se agregó Foto \"573\".'),(437,'2014-05-12 11:51:32',1,18,'193','Av Cabildo 3600 - Nuñez - Venta',2,'Se agregó Foto \"574\".'),(438,'2014-05-12 11:52:30',1,18,'193','Av Cabildo 3600 - Nuñez - Venta',2,'Se agregó Foto \"575\". Se agregó Foto \"576\".'),(439,'2014-05-12 12:03:22',1,18,'197','Ohiggins 1500 - Belgrano - Venta',2,'Se agregó Foto \"577\".'),(440,'2014-05-12 12:03:46',1,18,'197','Ohiggins 1500 - Belgrano - Venta',2,'Se agregó Foto \"578\".'),(441,'2014-05-12 12:04:15',1,18,'197','Ohiggins 1500 - Belgrano - Venta',2,'Se agregó Foto \"579\".'),(442,'2014-05-12 12:04:45',1,18,'197','Ohiggins 1500 - Belgrano - Venta',2,'Se agregó Foto \"580\".'),(443,'2014-05-12 12:05:05',1,18,'197','Ohiggins 1500 - Belgrano - Venta',2,'Se agregó Foto \"581\".'),(444,'2014-05-12 12:05:48',1,18,'197','Ohiggins 1500 - Belgrano - Venta',2,'Se agregó Foto \"582\".'),(445,'2014-05-12 12:06:38',1,18,'197','Ohiggins 1500 - Belgrano - Venta',2,'Se agregó Foto \"583\".'),(446,'2014-05-12 12:07:35',1,18,'197','Ohiggins 1500 - Belgrano - Venta',2,'Se agregó Foto \"584\".'),(447,'2014-05-12 12:08:00',1,18,'197','Ohiggins 1500 - Belgrano - Venta',2,'Se agregó Foto \"585\".'),(448,'2014-05-12 12:08:22',1,18,'197','Ohiggins 1500 - Belgrano - Venta',2,'Se agregó Foto \"586\".'),(449,'2014-05-12 12:08:41',1,18,'197','Ohiggins 1500 - Belgrano - Venta',2,'Se agregó Foto \"587\".'),(450,'2014-05-12 12:09:03',1,18,'197','Ohiggins 1500 - Belgrano - Venta',2,'Se agregó Foto \"588\".'),(451,'2014-05-12 12:16:28',1,18,'199','Darwin 1400 - Palermo - Alquiler',2,'Se agregó Foto \"589\".'),(452,'2014-05-12 12:17:09',1,18,'199','Darwin 1400 - Palermo - Alquiler',2,'Se agregó Foto \"590\".'),(453,'2014-05-12 12:17:35',1,18,'199','Darwin 1400 - Palermo - Alquiler',2,'Se agregó Foto \"591\".'),(454,'2014-05-12 12:18:01',1,18,'199','Darwin 1400 - Palermo - Alquiler',2,'Se agregó Foto \"592\".'),(455,'2014-05-12 12:18:26',1,18,'199','Darwin 1400 - Palermo - Alquiler',2,'Se agregó Foto \"593\".'),(456,'2014-05-12 12:19:00',1,18,'199','Darwin 1400 - Palermo - Alquiler',2,'Se agregó Foto \"594\".'),(457,'2014-05-12 12:19:38',1,18,'199','Darwin 1400 - Palermo - Alquiler',2,'Se agregó Foto \"595\".'),(458,'2014-05-12 12:19:58',1,18,'199','Darwin 1400 - Palermo - Alquiler',2,'Se agregó Foto \"596\".'),(459,'2014-05-12 12:20:21',1,18,'199','Darwin 1400 - Palermo - Alquiler',2,'Se agregó Foto \"597\".'),(460,'2014-05-12 12:20:39',1,18,'199','Darwin 1400 - Palermo - Alquiler',2,'Se agregó Foto \"598\".'),(461,'2014-05-12 12:21:04',1,18,'199','Darwin 1400 - Palermo - Alquiler',2,'Se agregó Foto \"599\".'),(462,'2014-05-12 12:28:28',1,18,'201','Riobamba 0 - Congreso - Venta',2,'Se agregó Foto \"600\".'),(463,'2014-05-12 12:29:14',1,18,'201','Riobamba 0 - Congreso - Venta',2,'Se agregó Foto \"601\".'),(464,'2014-05-12 12:30:06',1,18,'201','Riobamba 0 - Congreso - Venta',2,'Se agregó Foto \"602\".'),(465,'2014-05-12 12:30:30',1,18,'201','Riobamba 0 - Congreso - Venta',2,'Se agregó Foto \"603\".'),(466,'2014-05-12 12:31:11',1,18,'201','Riobamba 0 - Congreso - Venta',2,'Se agregó Foto \"604\".'),(467,'2014-05-12 12:31:36',1,18,'201','Riobamba 0 - Congreso - Venta',2,'Se agregó Foto \"605\".'),(468,'2014-05-12 12:31:55',1,18,'201','Riobamba 0 - Congreso - Venta',2,'Se agregó Foto \"606\".'),(469,'2014-05-12 12:32:45',1,18,'201','Riobamba 0 - Congreso - Venta',2,'Se agregó Foto \"607\".'),(470,'2014-05-12 12:33:11',1,18,'201','Riobamba 0 - Congreso - Venta',2,'Se agregó Foto \"608\".'),(471,'2014-05-12 12:33:29',1,18,'201','Riobamba 0 - Congreso - Venta',2,'Se agregó Foto \"609\".'),(472,'2014-05-12 13:45:07',1,18,'202','Huergo 300 - Las Cañitas - Venta',2,'Modifica agent.'),(473,'2014-05-12 13:46:12',1,18,'202','Huergo 300 - Las Cañitas - Venta',2,'Se agregó Foto \"615\".'),(474,'2014-05-12 13:46:52',1,18,'202','Huergo 300 - Las Cañitas - Venta',2,'Se agregó Foto \"616\".'),(475,'2014-05-12 13:47:25',1,18,'202','Huergo 300 - Las Cañitas - Venta',2,'Se agregó Foto \"617\".'),(476,'2014-05-12 13:58:43',1,18,'198','Av Libertador 8400 - Nuñez - Venta',2,'Se agregó Foto \"618\". Se agregó Foto \"619\".'),(477,'2014-05-12 14:00:02',1,18,'198','Av Libertador 8400 - Nuñez - Venta',2,'Se agregó Foto \"620\".'),(478,'2014-05-12 14:00:26',1,18,'198','Av Libertador 8400 - Nuñez - Venta',2,'Se agregó Foto \"621\".'),(479,'2014-05-12 14:01:41',1,18,'198','Av Libertador 8400 - Nuñez - Venta',2,'Se agregó Foto \"622\".'),(480,'2014-05-12 14:02:28',1,18,'198','Av Libertador 8400 - Nuñez - Venta',2,'Se agregó Foto \"623\".'),(481,'2014-05-12 14:03:17',1,18,'198','Av Libertador 8400 - Nuñez - Venta',2,'Se agregó Foto \"624\".'),(482,'2014-05-12 14:03:45',1,18,'198','Av Libertador 8400 - Nuñez - Venta',2,'Se agregó Foto \"625\".'),(483,'2014-05-12 14:03:55',1,18,'198','Av Libertador 8400 - Nuñez - Venta',2,'Se agregó Foto \"626\".'),(484,'2014-05-12 14:04:04',1,18,'198','Av Libertador 8400 - Nuñez - Venta',2,'Se agregó Foto \"627\".'),(485,'2014-05-12 14:04:31',1,18,'198','Av Libertador 8400 - Nuñez - Venta',2,'Se agregó Foto \"628\".'),(486,'2014-05-12 14:04:52',1,18,'198','Av Libertador 8400 - Nuñez - Venta',2,'Se agregó Foto \"629\".'),(487,'2014-05-12 15:40:31',13,13,'8','Galpones, depositos y edificios industriales',2,'Modifica name.'),(488,'2014-05-12 16:22:03',1,18,'205','Av Corrientes 6600 - Chacarita - Alquiler',2,'Modifica title.'),(489,'2014-05-12 16:27:03',13,13,'8','Galpones depositos y edificios industriales',2,'Modifica name.'),(490,'2014-05-12 18:36:28',1,18,'200','Florida 400 - Microcentro - Venta',2,'Se eliminó Foto \"None\". Se eliminó Foto \"None\". Se eliminó Foto \"None\". Se eliminó Foto \"None\". Se eliminó Foto \"None\". Se eliminó Foto \"None\". Se eliminó Foto \"None\". Se eliminó Foto \"None\".'),(491,'2014-05-13 12:22:46',1,18,'131','Regimiento de Patricios 242 1*F/G - Departamento en Pozo',2,'Modifica price.'),(492,'2014-05-13 12:27:14',1,18,'134','Regimiento de Patricios 242 4*E/H - Departamento en Pozo',2,'Modifica city.'),(493,'2014-05-13 12:33:06',1,18,'141','Regimiento de Patricios 242 14*A/D/E/H - Departamento en Pozo',2,'Modifica description.'),(494,'2014-05-13 12:56:43',1,18,'217','Alquiler Departamento Belgrano - La Pampa 1900',2,'Modifica title.'),(495,'2014-05-13 12:57:07',1,18,'214','Impecable piso en alquiler en pleno Belgrano ',3,''),(496,'2014-05-13 12:57:20',1,18,'217','Alquiler Departamento Belgrano - La Pampa 1900',2,'Modifica agent.'),(497,'2014-05-13 13:02:59',1,17,'215','Departamentos-La Pampa 1900',3,''),(498,'2014-05-13 13:05:33',1,18,'217','Alquiler Departamento Belgrano - La Pampa 1900',2,'Modifica status.'),(499,'2014-05-13 13:06:22',1,18,'204','Av Libertador 4400 - Belgrano - Venta',2,'Modifica user.'),(500,'2014-05-13 15:34:26',1,18,'218','1111',3,''),(501,'2014-05-13 15:34:50',1,17,'219','Departamentos-1111',3,''),(502,'2014-05-13 15:34:50',1,17,'217','Departamentos-1',3,''),(503,'2014-05-13 15:56:44',1,18,'211','Gran semipiso en pleno Belgrano',2,'Se agregó Foto \"678\".'),(504,'2014-05-14 12:18:18',1,18,'217','Alquiler Departamento Belgrano - La Pampa 1900',2,'Modifica hidden_note.'),(505,'2014-05-14 12:49:11',1,18,'215','Venta departamento en Charcas 2700',2,'Modifica hidden_note.'),(506,'2014-05-14 12:49:25',1,18,'212','Venta de Departamento Semipiso de primera categoria en Belgrano',2,'Modifica hidden_note.'),(507,'2014-05-14 12:49:32',1,18,'215','Venta departamento en Charcas 2700',2,'No ha modificado ningún campo.'),(508,'2014-05-14 12:49:40',1,18,'212','Venta de Departamento Semipiso de primera categoria en Belgrano',2,'No ha modificado ningún campo.'),(509,'2014-05-14 12:49:52',1,18,'211','Gran semipiso en pleno Belgrano',2,'Modifica hidden_note.'),(510,'2014-05-14 12:51:58',1,18,'208','Rojas 300 - Caballito - Venta',2,'Modifica hidden_note.'),(511,'2014-05-14 12:52:05',1,18,'212','Venta de Departamento Semipiso de primera categoria en Belgrano',2,'No ha modificado ningún campo.'),(512,'2014-05-14 12:52:15',1,18,'207','11 Septiembre 2600 - Belgrano - Venta',2,'Modifica hidden_note.'),(513,'2014-05-14 12:52:30',1,18,'206','Av Corrientes 6600 - Chacarita - Venta',2,'Modifica hidden_note.'),(514,'2014-05-14 12:52:40',1,18,'205','Av Corrientes 6600 - Chacarita - Alquiler',2,'Modifica hidden_note.'),(515,'2014-05-14 12:52:50',1,18,'204','Av Libertador 4400 - Belgrano - Venta',2,'Modifica hidden_note.'),(516,'2014-05-14 12:53:04',1,18,'203','La Rioja 200 - Once - Venta',2,'Modifica hidden_note.'),(517,'2014-05-14 12:53:14',1,18,'202','Huergo 300 - Las Cañitas - Venta',2,'Modifica hidden_note.'),(518,'2014-05-14 12:53:24',1,18,'201','Riobamba 0 - Congreso - Venta',2,'Modifica hidden_note.'),(519,'2014-05-14 12:53:34',1,18,'200','Florida 400 - Microcentro - Venta',2,'Modifica hidden_note.'),(520,'2014-05-14 12:53:45',1,18,'199','Darwin 1400 - Palermo - Alquiler',2,'Modifica hidden_note.'),(521,'2014-05-14 12:53:59',1,18,'198','Av Libertador 8400 - Nuñez - Venta',2,'Modifica hidden_note.'),(522,'2014-05-14 12:54:14',1,18,'197','Ohiggins 1500 - Belgrano - Venta',2,'Modifica hidden_note.'),(523,'2014-05-14 12:54:29',1,18,'196','Teodoro García 1800 - Belgrano - Alquiler',2,'Modifica hidden_note.'),(524,'2014-05-14 12:54:40',1,18,'195','Av Cabildo 3600 - Nuñez - Venta',2,'Modifica hidden_note.'),(525,'2014-05-14 12:54:50',1,18,'195','Av Cabildo 3600 - Nuñez - Venta',2,'No ha modificado ningún campo.'),(526,'2014-05-14 12:55:00',1,18,'194','Blanco Encalada 2100 - Belgrano - Venta',2,'Modifica hidden_note.'),(527,'2014-05-14 12:55:21',1,18,'193','Av Cabildo 3600 - Nuñez - Venta',2,'Modifica hidden_note.'),(528,'2014-05-14 12:55:31',1,18,'192','Montevideo 900 - Recoleta - Venta',2,'Modifica hidden_note.'),(529,'2014-05-14 12:55:49',1,18,'191','Montevideo 900 - Recoleta - Alquiler',2,'Modifica hidden_note.'),(530,'2014-05-14 12:56:02',1,18,'190','Florida 400 - Microcentro - Alquiler',2,'Modifica hidden_note.'),(531,'2014-05-14 12:56:13',1,18,'189','Jorge Luis Borges 2500 - Palermo - Alquiler',2,'Modifica hidden_note.'),(532,'2014-05-14 13:00:08',1,18,'183','Teodoro Garcia 1800 - Belgrano - Local',2,'Modifica hidden_note.'),(533,'2014-05-14 13:00:19',1,18,'184','11 De Septiembre 1800 -  Belgrano - Alquiler',2,'Modifica hidden_note.'),(534,'2014-05-14 14:20:53',1,18,'166','Castro 1176 3*D - Departamento en Pozo',2,'Modifica hidden_note.'),(535,'2014-05-14 14:21:04',1,18,'165','Castro 1176 3*C - Oficina en Pozo',2,'Modifica hidden_note.'),(536,'2014-05-14 14:21:23',1,18,'164','Castro 1176 3*A - Departamento en Pozo',2,'Modifica hidden_note.'),(537,'2014-05-14 14:21:37',1,18,'164','Castro 1176 3*A - Departamento en Pozo',2,'No ha modificado ningún campo.'),(538,'2014-05-14 14:21:51',1,18,'163','Castro 1176 2*D - Departamento en Pozo',2,'Modifica hidden_note.'),(539,'2014-05-14 14:22:04',1,18,'162','Castro 1176 2*C - Oficina en Pozo',2,'Modifica hidden_note.'),(540,'2014-05-14 14:22:42',1,18,'160','Castro 1176 2*A - Departamento en Pozo',2,'Modifica hidden_note.'),(541,'2014-05-14 14:22:57',1,18,'160','Castro 1176 2*A - Departamento en Pozo',2,'No ha modificado ningún campo.'),(542,'2014-05-14 14:23:09',1,18,'156','Castro 1176 1*A - Departamento en Pozo',2,'Modifica hidden_note.'),(543,'2014-05-14 14:23:20',1,18,'157','Castro 1176 1*B - Departamento en Pozo',2,'Modifica hidden_note.'),(544,'2014-05-14 14:24:40',1,18,'158','Castro 1176 1*C - Departamento en Pozo',2,'Modifica description y hidden_note.'),(545,'2014-05-14 14:24:59',1,18,'159','Castro 1176 1*D - Oficina en Pozo',2,'Modifica description y hidden_note.'),(546,'2014-05-14 14:25:17',1,18,'160','Castro 1176 2*A - Departamento en Pozo',2,'Modifica description.'),(547,'2014-05-14 14:25:27',1,18,'161','Castro 1176 2*B - Departamento en Pozo',2,'Modifica description.'),(548,'2014-05-14 14:25:39',1,18,'162','Castro 1176 2*C - Oficina en Pozo',2,'Modifica description.'),(549,'2014-05-14 14:25:51',1,18,'163','Castro 1176 2*D - Departamento en Pozo',2,'Modifica description.'),(550,'2014-05-14 14:26:01',1,18,'164','Castro 1176 3*A - Departamento en Pozo',2,'Modifica description.'),(551,'2014-05-14 14:26:09',1,18,'165','Castro 1176 3*C - Oficina en Pozo',2,'No ha modificado ningún campo.'),(552,'2014-05-14 14:26:26',1,18,'154','Yerbal 2148 8*A - Departamento en Pozo',2,'Modifica hidden_note.'),(553,'2014-05-14 14:26:36',1,18,'154','Yerbal 2148 8*A - Departamento en Pozo',2,'No ha modificado ningún campo.'),(554,'2014-05-14 14:26:46',1,18,'155','Yerbal 2148 8*B - Departamento en Pozo',2,'Modifica hidden_note.'),(555,'2014-05-14 14:27:08',1,18,'153','Yerbal 2148 7*B/C - Departamento en Pozo',2,'Modifica hidden_note.'),(556,'2014-05-14 14:27:21',1,18,'150','Yerbal 2148 5*B - Departamento en Pozo',2,'Modifica hidden_note.'),(557,'2014-05-14 14:27:33',1,18,'149','Yerbal 2148 3*A - Departamento en Pozo',2,'Modifica hidden_note.'),(558,'2014-05-14 14:27:43',1,18,'148','Yerbal 2148 2*A - Departamento en Pozo',2,'Modifica hidden_note.'),(559,'2014-05-14 14:27:58',1,18,'151','Yerbal 2148 6*B/C - Departamento en Pozo',2,'Modifica hidden_note.'),(560,'2014-05-14 14:28:11',1,18,'152','Yerbal 2148 7*A - Departamento en Pozo',2,'Modifica hidden_note.'),(561,'2014-05-14 14:28:23',1,18,'154','Yerbal 2148 8*A - Departamento en Pozo',2,'No ha modificado ningún campo.'),(562,'2014-05-14 14:28:32',1,18,'147','San Juan 4283 9*A - Departamento en Pozo',2,'Modifica hidden_note.'),(563,'2014-05-14 14:29:22',1,18,'146','San Juan 4283 7*B - Departamento en Pozo',2,'Modifica hidden_note.'),(564,'2014-05-14 14:29:34',1,18,'145','San Juan 4283 4*B - Departamento en Pozo',2,'Modifica hidden_note.'),(565,'2014-05-14 14:29:45',1,18,'144','San Juan 4283 4*C - Departamento en Pozo',2,'Modifica hidden_note.'),(566,'2014-05-14 14:29:57',1,18,'143','San Juan 4283 3*C - Departamento en Pozo',2,'Modifica hidden_note.'),(567,'2014-05-14 14:30:08',1,18,'142','San Juan 4283 1*C - Departamento en Pozo',2,'Modifica hidden_note.'),(568,'2014-05-14 14:30:21',1,18,'129','Gurruchaga 2434 5*C - Oficina en Pozo',2,'Modifica hidden_note.'),(569,'2014-05-14 14:30:30',1,18,'128','Gurruchaga 2434 3*A - Departamento en Pozo',2,'Modifica hidden_note.'),(570,'2014-05-14 14:30:44',1,18,'127','Gurruchaga 2434 1*C - Oficina en Pozo',2,'Modifica hidden_note.'),(571,'2014-05-14 14:31:16',1,18,'141','Regimiento de Patricios 242 14*A/D/E/H - Departamento en Pozo',2,'Modifica hidden_note.'),(572,'2014-05-14 14:31:33',1,18,'140','Regimiento de Patricios 242 14*B/C - Departamento en Pozo',2,'Modifica hidden_note.'),(573,'2014-05-14 22:38:26',1,18,'183','Teodoro Garcia 1800 - Belgrano - Local',2,'Modifica featured.'),(574,'2014-05-15 09:33:43',1,18,'187','Av Las Heras 2100 - Local - Alquiler',2,'Modifica hidden_note.'),(575,'2014-05-15 09:33:54',1,18,'190','Florida 400 - Microcentro - Alquiler',2,'No ha modificado ningún campo.'),(576,'2014-05-15 14:06:08',1,18,'215','Venta departamento en Charcas 2700',2,'Modifica hidden_note.'),(577,'2014-05-15 14:06:21',1,18,'215','Venta departamento en Charcas 2700',2,'Se eliminó Foto \"None\". Se eliminó Foto \"None\". Se eliminó Foto \"None\".'),(578,'2014-05-15 14:07:05',1,18,'215','Venta departamento en Charcas 2700',2,'Se agregó Foto \"688\".'),(579,'2014-05-15 14:07:06',1,18,'215','Venta departamento en Charcas 2700',2,'Se agregó Foto \"689\".'),(580,'2014-05-15 14:07:25',1,18,'215','Venta departamento en Charcas 2700',2,'Se eliminó Foto \"None\". Se eliminó Foto \"None\".'),(581,'2014-05-15 14:07:45',1,18,'215','Venta departamento en Charcas 2700',2,'Se agregó Foto \"690\".'),(582,'2014-05-15 14:08:34',1,18,'215','Venta departamento en Charcas 2700',2,'Se agregó Foto \"691\".'),(583,'2014-05-15 14:08:53',1,18,'215','Venta departamento en Charcas 2700',2,'Se eliminó Foto \"None\". Se eliminó Foto \"None\".'),(584,'2014-05-15 14:09:23',1,18,'215','Venta departamento en Charcas 2700',2,'Se agregó Foto \"692\".'),(585,'2014-05-15 14:10:47',1,18,'215','Venta departamento en Charcas 2700',2,'Modifica hidden_note. Se agregó Foto \"693\".'),(586,'2014-05-15 14:11:20',1,18,'215','Venta departamento en Charcas 2700',2,'Se agregó Foto \"694\".'),(587,'2014-05-15 14:12:23',1,18,'215','Venta departamento en Charcas 2700',2,'Se agregó Foto \"695\".'),(588,'2014-05-15 14:13:24',1,18,'215','Venta departamento en Charcas 2700',2,'Se agregó Foto \"696\".'),(589,'2014-05-15 14:15:38',1,18,'220','depto hermoso',2,'Modifica description.'),(590,'2014-05-15 14:44:31',1,18,'220','depto hermoso',3,''),(591,'2014-05-15 14:47:00',1,18,'212','Venta de Departamento Semipiso de primera categoria en Belgrano',2,'Modifica hidden_note.'),(592,'2014-05-15 14:47:11',1,18,'211','Gran semipiso en pleno Belgrano',2,'Modifica hidden_note.'),(593,'2014-05-15 14:47:20',1,18,'208','Rojas 300 - Caballito - Venta',2,'Modifica hidden_note.'),(594,'2014-05-15 14:50:18',1,18,'194','Blanco Encalada 2100 - Belgrano - Venta',2,'Modifica hidden_note.'),(595,'2014-05-15 14:51:09',1,18,'197','Ohiggins 1500 - Belgrano - Venta',2,'Modifica hidden_note.'),(596,'2014-05-15 14:51:29',1,18,'198','Av Libertador 8400 - Nuñez - Venta',2,'Modifica hidden_note.'),(597,'2014-05-15 14:51:49',1,18,'201','Riobamba 0 - Congreso - Venta',2,'Modifica hidden_note.'),(598,'2014-05-15 14:52:10',1,18,'196','Teodoro García 1800 - Belgrano - Alquiler',2,'Modifica hidden_note.'),(599,'2014-05-15 14:52:32',1,18,'183','Teodoro Garcia 1800 - Belgrano - Local',2,'Modifica hidden_note.'),(600,'2014-05-15 14:56:49',1,18,'202','Huergo 300 - Las Cañitas - Venta',2,'Modifica hidden_note.'),(601,'2014-05-15 14:57:18',1,18,'190','Florida 400 - Microcentro - Alquiler',2,'Modifica hidden_note.'),(602,'2014-05-15 14:57:46',1,18,'200','Florida 400 - Microcentro - Venta',2,'Modifica hidden_note.'),(603,'2014-05-15 14:58:07',1,18,'199','Darwin 1400 - Palermo - Alquiler',2,'Modifica hidden_note.'),(604,'2014-05-15 14:58:30',1,18,'217','Alquiler Departamento Belgrano - La Pampa 1900',2,'Modifica hidden_note.'),(605,'2014-05-15 15:16:30',1,3,'18','pinmobiliar@hotmail.com',2,'Modifica groups.');
/*!40000 ALTER TABLE `django_admin_log` ENABLE KEYS */;
UNLOCK TABLES;

--
-- Table structure for table `django_content_type`
--

DROP TABLE IF EXISTS `django_content_type`;
/*!40101 SET @saved_cs_client     = @@character_set_client */;
/*!40101 SET character_set_client = utf8 */;
CREATE TABLE `django_content_type` (
  `id` int(11) NOT NULL AUTO_INCREMENT,
  `name` varchar(100) NOT NULL,
  `app_label` varchar(100) NOT NULL,
  `model` varchar(100) NOT NULL,
  PRIMARY KEY (`id`),
  UNIQUE KEY `app_label` (`app_label`,`model`)
) ENGINE=InnoDB AUTO_INCREMENT=28 DEFAULT CHARSET=latin1;
/*!40101 SET character_set_client = @saved_cs_client */;

--
-- Dumping data for table `django_content_type`
--

LOCK TABLES `django_content_type` WRITE;
/*!40000 ALTER TABLE `django_content_type` DISABLE KEYS */;
INSERT INTO `django_content_type` VALUES (1,'permission','auth','permission'),(2,'group','auth','group'),(3,'user','auth','user'),(4,'content type','contenttypes','contenttype'),(5,'session','sessions','session'),(6,'site','sites','site'),(7,'log entry','admin','logentry'),(8,'User Profile','core','userprofile'),(9,'Feature','core','feature'),(10,'Operation','core','operation'),(11,'Currency','core','currency'),(12,'Service','core','service'),(13,'Category','core','category'),(14,'Subcategory','core','subcategory'),(15,'Ambience','core','ambience'),(16,'Location','core','location'),(17,'Property','core','property'),(18,'Post','core','post'),(19,'Photo','core','postphoto'),(20,'Saved Query','core','savedquery'),(21,'Alert','core','alert'),(22,'api access','tastypie','apiaccess'),(23,'api key','tastypie','apikey'),(24,'country','cities_light','country'),(25,'region/state','cities_light','region'),(26,'city','cities_light','city'),(27,'migration history','south','migrationhistory');
/*!40000 ALTER TABLE `django_content_type` ENABLE KEYS */;
UNLOCK TABLES;

--
-- Table structure for table `django_session`
--

DROP TABLE IF EXISTS `django_session`;
/*!40101 SET @saved_cs_client     = @@character_set_client */;
/*!40101 SET character_set_client = utf8 */;
CREATE TABLE `django_session` (
  `session_key` varchar(40) NOT NULL,
  `session_data` longtext NOT NULL,
  `expire_date` datetime NOT NULL,
  PRIMARY KEY (`session_key`),
  KEY `django_session_b7b81f0c` (`expire_date`)
) ENGINE=InnoDB DEFAULT CHARSET=latin1;
/*!40101 SET character_set_client = @saved_cs_client */;

--
-- Dumping data for table `django_session`
--

LOCK TABLES `django_session` WRITE;
/*!40000 ALTER TABLE `django_session` DISABLE KEYS */;
INSERT INTO `django_session` VALUES ('04d5el0bv9o7k4m41w24jdmm0k9mebox','MzlkNDUyNDUyNjRkNTliMjRlYjhkYjk3MmI1NzcyNDMwNmNmMjI5NTp7Il9hdXRoX3VzZXJfYmFja2VuZCI6ImRqYW5nby5jb250cmliLmF1dGguYmFja2VuZHMuTW9kZWxCYWNrZW5kIiwiX2F1dGhfdXNlcl9pZCI6NH0=','2014-05-16 02:28:13'),('04wp3yvch5sxu5oewzy3zqzemb3amm73','ODJmMTZhMjM1NTFmMDkyNjE4Y2UzODZiYTQ3MTE3ZGQyNTE2MmQ5MTp7Il9hdXRoX3VzZXJfYmFja2VuZCI6ImRqYW5nby5jb250cmliLmF1dGguYmFja2VuZHMuTW9kZWxCYWNrZW5kIiwiX2F1dGhfdXNlcl9pZCI6MTF9','2014-05-27 15:56:58'),('0emduv2wvac3tat91waecdgc0z3mpnk2','OWM0NGZjN2RlNmZkMDZjOTI4MGE0ZDA1YTZhMjc2NWFhMDM0OGExNTp7Il9hdXRoX3VzZXJfYmFja2VuZCI6ImRqYW5nby5jb250cmliLmF1dGguYmFja2VuZHMuTW9kZWxCYWNrZW5kIiwiX2F1dGhfdXNlcl9pZCI6MX0=','2014-05-16 00:57:47'),('0i3xwmhhwkcfdqxw8wklwtnvqcpob6ix','OWM0NGZjN2RlNmZkMDZjOTI4MGE0ZDA1YTZhMjc2NWFhMDM0OGExNTp7Il9hdXRoX3VzZXJfYmFja2VuZCI6ImRqYW5nby5jb250cmliLmF1dGguYmFja2VuZHMuTW9kZWxCYWNrZW5kIiwiX2F1dGhfdXNlcl9pZCI6MX0=','2014-04-19 18:09:49'),('0isjqphmt8j4g3pcy20hcxgwni4nfwhc','N2U3YTg3ODA3YjdiMmE0NTU0NGRiYzUzZWU4NjllYzM2NGY2NGM5MTp7Il9hdXRoX3VzZXJfYmFja2VuZCI6ImRqYW5nby5jb250cmliLmF1dGguYmFja2VuZHMuTW9kZWxCYWNrZW5kIiwiX2F1dGhfdXNlcl9pZCI6MTV9','2014-05-26 09:12:22'),('0jlormm83ib755ufmhmofiic9127j28w','MzlkNDUyNDUyNjRkNTliMjRlYjhkYjk3MmI1NzcyNDMwNmNmMjI5NTp7Il9hdXRoX3VzZXJfYmFja2VuZCI6ImRqYW5nby5jb250cmliLmF1dGguYmFja2VuZHMuTW9kZWxCYWNrZW5kIiwiX2F1dGhfdXNlcl9pZCI6NH0=','2014-05-22 09:11:57'),('0kchhlepgbl8mmbwfyrakxezlpowqto1','OWI5NDZmMTUyZjk1YmFkMGMwYWIxOTIxYzUwODMyZjdkOGY0ZWE0NTp7Il9hdXRoX3VzZXJfYmFja2VuZCI6ImRqYW5nby5jb250cmliLmF1dGguYmFja2VuZHMuTW9kZWxCYWNrZW5kIiwiX2F1dGhfdXNlcl9pZCI6OX0=','2014-05-07 12:07:44'),('0ue6fxfmlxc9k7y5sau9l6ef73qvzw9f','ODJmMTZhMjM1NTFmMDkyNjE4Y2UzODZiYTQ3MTE3ZGQyNTE2MmQ5MTp7Il9hdXRoX3VzZXJfYmFja2VuZCI6ImRqYW5nby5jb250cmliLmF1dGguYmFja2VuZHMuTW9kZWxCYWNrZW5kIiwiX2F1dGhfdXNlcl9pZCI6MTF9','2014-05-27 11:52:32'),('11o5s0krojrccbiqky6j6md4jtd8pozu','YjQ1YmYyNjI0MWQ2MDE4NTZkYjA1NzhiOGM1MWE5M2Q0ZjA5Y2I4ZTp7fQ==','2014-05-16 00:33:32'),('1dag0l8xb5777b2rvipo6x1c71dzb1u0','MzlkNDUyNDUyNjRkNTliMjRlYjhkYjk3MmI1NzcyNDMwNmNmMjI5NTp7Il9hdXRoX3VzZXJfYmFja2VuZCI6ImRqYW5nby5jb250cmliLmF1dGguYmFja2VuZHMuTW9kZWxCYWNrZW5kIiwiX2F1dGhfdXNlcl9pZCI6NH0=','2014-04-25 13:43:58'),('1dp6syfjw75vlrf2z6kqsvfx9o73pbai','MzlkNDUyNDUyNjRkNTliMjRlYjhkYjk3MmI1NzcyNDMwNmNmMjI5NTp7Il9hdXRoX3VzZXJfYmFja2VuZCI6ImRqYW5nby5jb250cmliLmF1dGguYmFja2VuZHMuTW9kZWxCYWNrZW5kIiwiX2F1dGhfdXNlcl9pZCI6NH0=','2014-04-23 09:23:44'),('1jg388bm3zxnx84jibaj11d4b5j7rvff','MzlkNDUyNDUyNjRkNTliMjRlYjhkYjk3MmI1NzcyNDMwNmNmMjI5NTp7Il9hdXRoX3VzZXJfYmFja2VuZCI6ImRqYW5nby5jb250cmliLmF1dGguYmFja2VuZHMuTW9kZWxCYWNrZW5kIiwiX2F1dGhfdXNlcl9pZCI6NH0=','2014-05-16 02:07:02'),('1kefa3f3q43k2e60xyg19whmud4amks9','ODJmMTZhMjM1NTFmMDkyNjE4Y2UzODZiYTQ3MTE3ZGQyNTE2MmQ5MTp7Il9hdXRoX3VzZXJfYmFja2VuZCI6ImRqYW5nby5jb250cmliLmF1dGguYmFja2VuZHMuTW9kZWxCYWNrZW5kIiwiX2F1dGhfdXNlcl9pZCI6MTF9','2014-05-28 10:22:30'),('1mp3to6baxwjm80xvj9lvyujose11opz','YjQ1YmYyNjI0MWQ2MDE4NTZkYjA1NzhiOGM1MWE5M2Q0ZjA5Y2I4ZTp7fQ==','2014-05-16 00:33:32'),('1rurlq743og3cmp7be2rdf9dttv3y4fo','MzlkNDUyNDUyNjRkNTliMjRlYjhkYjk3MmI1NzcyNDMwNmNmMjI5NTp7Il9hdXRoX3VzZXJfYmFja2VuZCI6ImRqYW5nby5jb250cmliLmF1dGguYmFja2VuZHMuTW9kZWxCYWNrZW5kIiwiX2F1dGhfdXNlcl9pZCI6NH0=','2014-04-30 08:29:16'),('2ajcs9mkgr24ac9zu4c7aprrux88vfnu','MjZmNzEwOWQ0NDYwNGExNDk5MDQ2NmQ3NzRiNGRiNzllNzM1MmViNDp7Il9hdXRoX3VzZXJfYmFja2VuZCI6ImRqYW5nby5jb250cmliLmF1dGguYmFja2VuZHMuTW9kZWxCYWNrZW5kIiwiX2F1dGhfdXNlcl9pZCI6MTN9','2014-05-22 23:27:09'),('2lbbx3e7ec88267wc8dqqtoujyhyd905','OTEwNzUwNDU5ZTU2ZDdiOTAyNWYzMGMyZTA0ODgzMThhNmYxYmVmMDp7Il9hdXRoX3VzZXJfYmFja2VuZCI6ImRqYW5nby5jb250cmliLmF1dGguYmFja2VuZHMuTW9kZWxCYWNrZW5kIiwiX2F1dGhfdXNlcl9pZCI6OH0=','2014-05-22 14:43:33'),('2xta07sr604bffpymli3u2cqrbkyr7wf','OTg1NWVjMTM3OGU5NzcxMmUxZDE2NWM3YzRhZTZiZmFmMjQ2MmI1ZDp7Il9hdXRoX3VzZXJfYmFja2VuZCI6ImRqYW5nby5jb250cmliLmF1dGguYmFja2VuZHMuTW9kZWxCYWNrZW5kIiwiX2F1dGhfdXNlcl9pZCI6MTJ9','2014-05-23 15:24:26'),('37xn8hch1sdwllqbldd9towzugr4fzkl','MzlkNDUyNDUyNjRkNTliMjRlYjhkYjk3MmI1NzcyNDMwNmNmMjI5NTp7Il9hdXRoX3VzZXJfYmFja2VuZCI6ImRqYW5nby5jb250cmliLmF1dGguYmFja2VuZHMuTW9kZWxCYWNrZW5kIiwiX2F1dGhfdXNlcl9pZCI6NH0=','2014-04-21 14:23:26'),('39376pkkvuns7tsk8iciv2typpvb900x','YjQ1YmYyNjI0MWQ2MDE4NTZkYjA1NzhiOGM1MWE5M2Q0ZjA5Y2I4ZTp7fQ==','2014-05-07 22:35:40'),('39zx7tc3vesldxikfo8ff6az8rrkcylk','MzlkNDUyNDUyNjRkNTliMjRlYjhkYjk3MmI1NzcyNDMwNmNmMjI5NTp7Il9hdXRoX3VzZXJfYmFja2VuZCI6ImRqYW5nby5jb250cmliLmF1dGguYmFja2VuZHMuTW9kZWxCYWNrZW5kIiwiX2F1dGhfdXNlcl9pZCI6NH0=','2014-04-22 08:27:16'),('3b5458cuompc1cfn92uuo2df302ov794','OWI5NDZmMTUyZjk1YmFkMGMwYWIxOTIxYzUwODMyZjdkOGY0ZWE0NTp7Il9hdXRoX3VzZXJfYmFja2VuZCI6ImRqYW5nby5jb250cmliLmF1dGguYmFja2VuZHMuTW9kZWxCYWNrZW5kIiwiX2F1dGhfdXNlcl9pZCI6OX0=','2014-04-24 12:14:48'),('3ip333fvpzsmufxvaden2k60alzd3r4n','OTEwNzUwNDU5ZTU2ZDdiOTAyNWYzMGMyZTA0ODgzMThhNmYxYmVmMDp7Il9hdXRoX3VzZXJfYmFja2VuZCI6ImRqYW5nby5jb250cmliLmF1dGguYmFja2VuZHMuTW9kZWxCYWNrZW5kIiwiX2F1dGhfdXNlcl9pZCI6OH0=','2014-05-25 11:26:34'),('3kevqic852k2r3jldqcgv8t3vr522dma','OWM0NGZjN2RlNmZkMDZjOTI4MGE0ZDA1YTZhMjc2NWFhMDM0OGExNTp7Il9hdXRoX3VzZXJfYmFja2VuZCI6ImRqYW5nby5jb250cmliLmF1dGguYmFja2VuZHMuTW9kZWxCYWNrZW5kIiwiX2F1dGhfdXNlcl9pZCI6MX0=','2014-04-21 17:16:35'),('3vavef4t4lbykt9fshpqxnu4hv3g500v','ODJmMTZhMjM1NTFmMDkyNjE4Y2UzODZiYTQ3MTE3ZGQyNTE2MmQ5MTp7Il9hdXRoX3VzZXJfYmFja2VuZCI6ImRqYW5nby5jb250cmliLmF1dGguYmFja2VuZHMuTW9kZWxCYWNrZW5kIiwiX2F1dGhfdXNlcl9pZCI6MTF9','2014-05-23 08:12:45'),('3wgziexsj8b5pgkkehlbfjak0z0dutks','MzlkNDUyNDUyNjRkNTliMjRlYjhkYjk3MmI1NzcyNDMwNmNmMjI5NTp7Il9hdXRoX3VzZXJfYmFja2VuZCI6ImRqYW5nby5jb250cmliLmF1dGguYmFja2VuZHMuTW9kZWxCYWNrZW5kIiwiX2F1dGhfdXNlcl9pZCI6NH0=','2014-05-13 10:58:51'),('42tul6pchp6pr9n7nz9jzjif9tp6i5rd','MzlkNDUyNDUyNjRkNTliMjRlYjhkYjk3MmI1NzcyNDMwNmNmMjI5NTp7Il9hdXRoX3VzZXJfYmFja2VuZCI6ImRqYW5nby5jb250cmliLmF1dGguYmFja2VuZHMuTW9kZWxCYWNrZW5kIiwiX2F1dGhfdXNlcl9pZCI6NH0=','2014-04-22 08:15:25'),('48b2ngup16xakgusltyw5ueyfomebf4t','OTg1NWVjMTM3OGU5NzcxMmUxZDE2NWM3YzRhZTZiZmFmMjQ2MmI1ZDp7Il9hdXRoX3VzZXJfYmFja2VuZCI6ImRqYW5nby5jb250cmliLmF1dGguYmFja2VuZHMuTW9kZWxCYWNrZW5kIiwiX2F1dGhfdXNlcl9pZCI6MTJ9','2014-05-23 16:48:55'),('4h867yf0n5284j68clk4x1xrpqy0ymv5','ODJmMTZhMjM1NTFmMDkyNjE4Y2UzODZiYTQ3MTE3ZGQyNTE2MmQ5MTp7Il9hdXRoX3VzZXJfYmFja2VuZCI6ImRqYW5nby5jb250cmliLmF1dGguYmFja2VuZHMuTW9kZWxCYWNrZW5kIiwiX2F1dGhfdXNlcl9pZCI6MTF9','2014-05-23 15:33:20'),('4m3ad8lqd8apx9syneabijzaqvsue1y4','OWI5NDZmMTUyZjk1YmFkMGMwYWIxOTIxYzUwODMyZjdkOGY0ZWE0NTp7Il9hdXRoX3VzZXJfYmFja2VuZCI6ImRqYW5nby5jb250cmliLmF1dGguYmFja2VuZHMuTW9kZWxCYWNrZW5kIiwiX2F1dGhfdXNlcl9pZCI6OX0=','2014-04-24 20:16:09'),('4uz49cyp13emvvoori8n381xbazvb5bb','YjQ1YmYyNjI0MWQ2MDE4NTZkYjA1NzhiOGM1MWE5M2Q0ZjA5Y2I4ZTp7fQ==','2014-05-22 22:54:30'),('56l07q5b37epfebwv6uaeq1zggfahmi9','Mzk0NGM5MjcyNjAyYmE2OTFjZTU0ODk5NWM5YmJhMmNkMzUyZWJhMzp7Il9hdXRoX3VzZXJfYmFja2VuZCI6ImRqYW5nby5jb250cmliLmF1dGguYmFja2VuZHMuTW9kZWxCYWNrZW5kIiwiX2F1dGhfdXNlcl9pZCI6Nn0=','2014-04-24 21:10:48'),('58uuhbygncbtbrbnwkxafuuhbg7sby88','OWM0NGZjN2RlNmZkMDZjOTI4MGE0ZDA1YTZhMjc2NWFhMDM0OGExNTp7Il9hdXRoX3VzZXJfYmFja2VuZCI6ImRqYW5nby5jb250cmliLmF1dGguYmFja2VuZHMuTW9kZWxCYWNrZW5kIiwiX2F1dGhfdXNlcl9pZCI6MX0=','2014-04-25 21:06:18'),('5cyn6fk5zh1lxboufaw5nt6ou5bl9yxh','ODJmMTZhMjM1NTFmMDkyNjE4Y2UzODZiYTQ3MTE3ZGQyNTE2MmQ5MTp7Il9hdXRoX3VzZXJfYmFja2VuZCI6ImRqYW5nby5jb250cmliLmF1dGguYmFja2VuZHMuTW9kZWxCYWNrZW5kIiwiX2F1dGhfdXNlcl9pZCI6MTF9','2014-05-24 14:19:59'),('6l52jy4zzguvcsm43qu9sxiyumukoqv1','ODJmMTZhMjM1NTFmMDkyNjE4Y2UzODZiYTQ3MTE3ZGQyNTE2MmQ5MTp7Il9hdXRoX3VzZXJfYmFja2VuZCI6ImRqYW5nby5jb250cmliLmF1dGguYmFja2VuZHMuTW9kZWxCYWNrZW5kIiwiX2F1dGhfdXNlcl9pZCI6MTF9','2014-05-25 11:15:56'),('6x388g8otb1xawojzao30urf116nzmob','MzlkNDUyNDUyNjRkNTliMjRlYjhkYjk3MmI1NzcyNDMwNmNmMjI5NTp7Il9hdXRoX3VzZXJfYmFja2VuZCI6ImRqYW5nby5jb250cmliLmF1dGguYmFja2VuZHMuTW9kZWxCYWNrZW5kIiwiX2F1dGhfdXNlcl9pZCI6NH0=','2014-04-23 10:55:04'),('6xta9rp3gmrb5fxipfrmxtlkcc91uxcx','OWM0NGZjN2RlNmZkMDZjOTI4MGE0ZDA1YTZhMjc2NWFhMDM0OGExNTp7Il9hdXRoX3VzZXJfYmFja2VuZCI6ImRqYW5nby5jb250cmliLmF1dGguYmFja2VuZHMuTW9kZWxCYWNrZW5kIiwiX2F1dGhfdXNlcl9pZCI6MX0=','2014-05-16 01:32:04'),('70bv0ow0rs8jczds3nog64mjzz9xjbou','MzlkNDUyNDUyNjRkNTliMjRlYjhkYjk3MmI1NzcyNDMwNmNmMjI5NTp7Il9hdXRoX3VzZXJfYmFja2VuZCI6ImRqYW5nby5jb250cmliLmF1dGguYmFja2VuZHMuTW9kZWxCYWNrZW5kIiwiX2F1dGhfdXNlcl9pZCI6NH0=','2014-05-08 03:25:34'),('77w2m87poagwcxyy4i3l2m3844cmxx3m','MzlkNDUyNDUyNjRkNTliMjRlYjhkYjk3MmI1NzcyNDMwNmNmMjI5NTp7Il9hdXRoX3VzZXJfYmFja2VuZCI6ImRqYW5nby5jb250cmliLmF1dGguYmFja2VuZHMuTW9kZWxCYWNrZW5kIiwiX2F1dGhfdXNlcl9pZCI6NH0=','2014-04-23 21:47:29'),('7dln7uqwl6m3sfw2zoe19ea13dbrvdyi','MzlkNDUyNDUyNjRkNTliMjRlYjhkYjk3MmI1NzcyNDMwNmNmMjI5NTp7Il9hdXRoX3VzZXJfYmFja2VuZCI6ImRqYW5nby5jb250cmliLmF1dGguYmFja2VuZHMuTW9kZWxCYWNrZW5kIiwiX2F1dGhfdXNlcl9pZCI6NH0=','2014-05-05 08:36:02'),('7elcizu5g0kftzqwryl8hjcq3h571p7a','Mzk0NGM5MjcyNjAyYmE2OTFjZTU0ODk5NWM5YmJhMmNkMzUyZWJhMzp7Il9hdXRoX3VzZXJfYmFja2VuZCI6ImRqYW5nby5jb250cmliLmF1dGguYmFja2VuZHMuTW9kZWxCYWNrZW5kIiwiX2F1dGhfdXNlcl9pZCI6Nn0=','2014-05-05 18:50:25'),('7gz8yx7jgm39xf988mrtedd0aw2vaxnb','OWM0NGZjN2RlNmZkMDZjOTI4MGE0ZDA1YTZhMjc2NWFhMDM0OGExNTp7Il9hdXRoX3VzZXJfYmFja2VuZCI6ImRqYW5nby5jb250cmliLmF1dGguYmFja2VuZHMuTW9kZWxCYWNrZW5kIiwiX2F1dGhfdXNlcl9pZCI6MX0=','2014-05-16 00:45:25'),('7hm5xre5rs4e6ix9qn7rbsoscg3nwsaj','OTg1NWVjMTM3OGU5NzcxMmUxZDE2NWM3YzRhZTZiZmFmMjQ2MmI1ZDp7Il9hdXRoX3VzZXJfYmFja2VuZCI6ImRqYW5nby5jb250cmliLmF1dGguYmFja2VuZHMuTW9kZWxCYWNrZW5kIiwiX2F1dGhfdXNlcl9pZCI6MTJ9','2014-05-25 11:54:32'),('7opva96in8sd4p5b0ow59m0qaw6m3pqq','OTEwNzUwNDU5ZTU2ZDdiOTAyNWYzMGMyZTA0ODgzMThhNmYxYmVmMDp7Il9hdXRoX3VzZXJfYmFja2VuZCI6ImRqYW5nby5jb250cmliLmF1dGguYmFja2VuZHMuTW9kZWxCYWNrZW5kIiwiX2F1dGhfdXNlcl9pZCI6OH0=','2014-05-23 16:38:58'),('7puqg2c07biuaja180v2yhajcdw93yhs','ODJmMTZhMjM1NTFmMDkyNjE4Y2UzODZiYTQ3MTE3ZGQyNTE2MmQ5MTp7Il9hdXRoX3VzZXJfYmFja2VuZCI6ImRqYW5nby5jb250cmliLmF1dGguYmFja2VuZHMuTW9kZWxCYWNrZW5kIiwiX2F1dGhfdXNlcl9pZCI6MTF9','2014-05-29 16:54:51'),('7v3zoy264k4mn99zdgpj89h86cs61qzo','OTEwNzUwNDU5ZTU2ZDdiOTAyNWYzMGMyZTA0ODgzMThhNmYxYmVmMDp7Il9hdXRoX3VzZXJfYmFja2VuZCI6ImRqYW5nby5jb250cmliLmF1dGguYmFja2VuZHMuTW9kZWxCYWNrZW5kIiwiX2F1dGhfdXNlcl9pZCI6OH0=','2014-05-25 11:17:17'),('80chmjv7uzzct3z7t8u7opbox0dxvgg4','ODJmMTZhMjM1NTFmMDkyNjE4Y2UzODZiYTQ3MTE3ZGQyNTE2MmQ5MTp7Il9hdXRoX3VzZXJfYmFja2VuZCI6ImRqYW5nby5jb250cmliLmF1dGguYmFja2VuZHMuTW9kZWxCYWNrZW5kIiwiX2F1dGhfdXNlcl9pZCI6MTF9','2014-05-23 09:10:03'),('8nfwytq4jex2fckhwq46anxhd0j4te7c','MzlkNDUyNDUyNjRkNTliMjRlYjhkYjk3MmI1NzcyNDMwNmNmMjI5NTp7Il9hdXRoX3VzZXJfYmFja2VuZCI6ImRqYW5nby5jb250cmliLmF1dGguYmFja2VuZHMuTW9kZWxCYWNrZW5kIiwiX2F1dGhfdXNlcl9pZCI6NH0=','2014-05-08 11:35:33'),('946b5ygqfrvtq8xusz88xakxruhadj79','OWM0NGZjN2RlNmZkMDZjOTI4MGE0ZDA1YTZhMjc2NWFhMDM0OGExNTp7Il9hdXRoX3VzZXJfYmFja2VuZCI6ImRqYW5nby5jb250cmliLmF1dGguYmFja2VuZHMuTW9kZWxCYWNrZW5kIiwiX2F1dGhfdXNlcl9pZCI6MX0=','2014-04-21 21:19:55'),('98scuefiz19l72t3yy1c1rsz8fmbr996','OTg1NWVjMTM3OGU5NzcxMmUxZDE2NWM3YzRhZTZiZmFmMjQ2MmI1ZDp7Il9hdXRoX3VzZXJfYmFja2VuZCI6ImRqYW5nby5jb250cmliLmF1dGguYmFja2VuZHMuTW9kZWxCYWNrZW5kIiwiX2F1dGhfdXNlcl9pZCI6MTJ9','2014-05-27 11:31:02'),('9a7x3pc99ozwyu0aj535ormv1oc25l22','MzlkNDUyNDUyNjRkNTliMjRlYjhkYjk3MmI1NzcyNDMwNmNmMjI5NTp7Il9hdXRoX3VzZXJfYmFja2VuZCI6ImRqYW5nby5jb250cmliLmF1dGguYmFja2VuZHMuTW9kZWxCYWNrZW5kIiwiX2F1dGhfdXNlcl9pZCI6NH0=','2014-04-23 14:36:53'),('9ckdae97cnl1r62ncghm8gv3386vj1b3','ODJmMTZhMjM1NTFmMDkyNjE4Y2UzODZiYTQ3MTE3ZGQyNTE2MmQ5MTp7Il9hdXRoX3VzZXJfYmFja2VuZCI6ImRqYW5nby5jb250cmliLmF1dGguYmFja2VuZHMuTW9kZWxCYWNrZW5kIiwiX2F1dGhfdXNlcl9pZCI6MTF9','2014-05-22 09:30:31'),('9f5h3g6spi1zxmfgldl615sya3mk48tw','MzlkNDUyNDUyNjRkNTliMjRlYjhkYjk3MmI1NzcyNDMwNmNmMjI5NTp7Il9hdXRoX3VzZXJfYmFja2VuZCI6ImRqYW5nby5jb250cmliLmF1dGguYmFja2VuZHMuTW9kZWxCYWNrZW5kIiwiX2F1dGhfdXNlcl9pZCI6NH0=','2014-04-22 10:50:33'),('9kb60tjjko3lxle983xfu80af2h2smf4','OTg1NWVjMTM3OGU5NzcxMmUxZDE2NWM3YzRhZTZiZmFmMjQ2MmI1ZDp7Il9hdXRoX3VzZXJfYmFja2VuZCI6ImRqYW5nby5jb250cmliLmF1dGguYmFja2VuZHMuTW9kZWxCYWNrZW5kIiwiX2F1dGhfdXNlcl9pZCI6MTJ9','2014-05-26 10:11:04'),('9trw5ya57gjmpq3j84ujcu8r8cxco84n','Mzk0NGM5MjcyNjAyYmE2OTFjZTU0ODk5NWM5YmJhMmNkMzUyZWJhMzp7Il9hdXRoX3VzZXJfYmFja2VuZCI6ImRqYW5nby5jb250cmliLmF1dGguYmFja2VuZHMuTW9kZWxCYWNrZW5kIiwiX2F1dGhfdXNlcl9pZCI6Nn0=','2014-04-22 08:28:43'),('a18yh56kblvjj45mzpzvnytyy3pu9sro','MzlkNDUyNDUyNjRkNTliMjRlYjhkYjk3MmI1NzcyNDMwNmNmMjI5NTp7Il9hdXRoX3VzZXJfYmFja2VuZCI6ImRqYW5nby5jb250cmliLmF1dGguYmFja2VuZHMuTW9kZWxCYWNrZW5kIiwiX2F1dGhfdXNlcl9pZCI6NH0=','2014-05-05 18:49:13'),('ab366tfp2fh2jxo27zwd3ujuv9vsd5n0','ODJmMTZhMjM1NTFmMDkyNjE4Y2UzODZiYTQ3MTE3ZGQyNTE2MmQ5MTp7Il9hdXRoX3VzZXJfYmFja2VuZCI6ImRqYW5nby5jb250cmliLmF1dGguYmFja2VuZHMuTW9kZWxCYWNrZW5kIiwiX2F1dGhfdXNlcl9pZCI6MTF9','2014-05-28 09:25:21'),('agmza4kmgg33dqfupi27qflrcs1yr2oj','OTg1NWVjMTM3OGU5NzcxMmUxZDE2NWM3YzRhZTZiZmFmMjQ2MmI1ZDp7Il9hdXRoX3VzZXJfYmFja2VuZCI6ImRqYW5nby5jb250cmliLmF1dGguYmFja2VuZHMuTW9kZWxCYWNrZW5kIiwiX2F1dGhfdXNlcl9pZCI6MTJ9','2014-05-26 10:38:45'),('aykj8vmis65msjkp9b8j5zlk3px1abv1','ODJmMTZhMjM1NTFmMDkyNjE4Y2UzODZiYTQ3MTE3ZGQyNTE2MmQ5MTp7Il9hdXRoX3VzZXJfYmFja2VuZCI6ImRqYW5nby5jb250cmliLmF1dGguYmFja2VuZHMuTW9kZWxCYWNrZW5kIiwiX2F1dGhfdXNlcl9pZCI6MTF9','2014-05-27 15:09:54'),('b1jkq7321ehwok3csir7oqs0gtebltzk','Mzk0NGM5MjcyNjAyYmE2OTFjZTU0ODk5NWM5YmJhMmNkMzUyZWJhMzp7Il9hdXRoX3VzZXJfYmFja2VuZCI6ImRqYW5nby5jb250cmliLmF1dGguYmFja2VuZHMuTW9kZWxCYWNrZW5kIiwiX2F1dGhfdXNlcl9pZCI6Nn0=','2014-05-19 12:14:05'),('bc1a7svaj82ll1jnlomy0pka888u3w4n','OWM0NGZjN2RlNmZkMDZjOTI4MGE0ZDA1YTZhMjc2NWFhMDM0OGExNTp7Il9hdXRoX3VzZXJfYmFja2VuZCI6ImRqYW5nby5jb250cmliLmF1dGguYmFja2VuZHMuTW9kZWxCYWNrZW5kIiwiX2F1dGhfdXNlcl9pZCI6MX0=','2014-05-16 01:02:32'),('bcwnw37rifa8gaplhs8e9g5edst663z7','MzlkNDUyNDUyNjRkNTliMjRlYjhkYjk3MmI1NzcyNDMwNmNmMjI5NTp7Il9hdXRoX3VzZXJfYmFja2VuZCI6ImRqYW5nby5jb250cmliLmF1dGguYmFja2VuZHMuTW9kZWxCYWNrZW5kIiwiX2F1dGhfdXNlcl9pZCI6NH0=','2014-05-07 13:28:06'),('biui2bl343oj4l6mz3a53ms1ftqw5bf8','MzlkNDUyNDUyNjRkNTliMjRlYjhkYjk3MmI1NzcyNDMwNmNmMjI5NTp7Il9hdXRoX3VzZXJfYmFja2VuZCI6ImRqYW5nby5jb250cmliLmF1dGguYmFja2VuZHMuTW9kZWxCYWNrZW5kIiwiX2F1dGhfdXNlcl9pZCI6NH0=','2014-04-24 18:17:28'),('bm241l36ymxut0l9vtqalhyfmmdzme6z','OTEwNzUwNDU5ZTU2ZDdiOTAyNWYzMGMyZTA0ODgzMThhNmYxYmVmMDp7Il9hdXRoX3VzZXJfYmFja2VuZCI6ImRqYW5nby5jb250cmliLmF1dGguYmFja2VuZHMuTW9kZWxCYWNrZW5kIiwiX2F1dGhfdXNlcl9pZCI6OH0=','2014-05-23 15:43:21'),('bskigk3m1u82arlxdztywhvrbcmeyp7q','ODJmMTZhMjM1NTFmMDkyNjE4Y2UzODZiYTQ3MTE3ZGQyNTE2MmQ5MTp7Il9hdXRoX3VzZXJfYmFja2VuZCI6ImRqYW5nby5jb250cmliLmF1dGguYmFja2VuZHMuTW9kZWxCYWNrZW5kIiwiX2F1dGhfdXNlcl9pZCI6MTF9','2014-05-22 09:19:09'),('bvvd41n6qz0eqbc53m9ocs4pfa1zvcgi','ODJmMTZhMjM1NTFmMDkyNjE4Y2UzODZiYTQ3MTE3ZGQyNTE2MmQ5MTp7Il9hdXRoX3VzZXJfYmFja2VuZCI6ImRqYW5nby5jb250cmliLmF1dGguYmFja2VuZHMuTW9kZWxCYWNrZW5kIiwiX2F1dGhfdXNlcl9pZCI6MTF9','2014-05-25 11:17:54'),('bwpaceawf1v1e09iujy4q00mk6x0q4yi','Mzk0NGM5MjcyNjAyYmE2OTFjZTU0ODk5NWM5YmJhMmNkMzUyZWJhMzp7Il9hdXRoX3VzZXJfYmFja2VuZCI6ImRqYW5nby5jb250cmliLmF1dGguYmFja2VuZHMuTW9kZWxCYWNrZW5kIiwiX2F1dGhfdXNlcl9pZCI6Nn0=','2014-05-23 14:08:46'),('c12rsbqybehg2ijfjm1rqdh3tulwxyb2','ODJmMTZhMjM1NTFmMDkyNjE4Y2UzODZiYTQ3MTE3ZGQyNTE2MmQ5MTp7Il9hdXRoX3VzZXJfYmFja2VuZCI6ImRqYW5nby5jb250cmliLmF1dGguYmFja2VuZHMuTW9kZWxCYWNrZW5kIiwiX2F1dGhfdXNlcl9pZCI6MTF9','2014-05-23 11:19:06'),('c2tqzy31atumdj8xeqormnbrhrzrq8at','Mzk0NGM5MjcyNjAyYmE2OTFjZTU0ODk5NWM5YmJhMmNkMzUyZWJhMzp7Il9hdXRoX3VzZXJfYmFja2VuZCI6ImRqYW5nby5jb250cmliLmF1dGguYmFja2VuZHMuTW9kZWxCYWNrZW5kIiwiX2F1dGhfdXNlcl9pZCI6Nn0=','2014-04-23 14:28:45'),('c7k930zdvee3iwgxox57ol79zanmq8gd','MjZmNzEwOWQ0NDYwNGExNDk5MDQ2NmQ3NzRiNGRiNzllNzM1MmViNDp7Il9hdXRoX3VzZXJfYmFja2VuZCI6ImRqYW5nby5jb250cmliLmF1dGguYmFja2VuZHMuTW9kZWxCYWNrZW5kIiwiX2F1dGhfdXNlcl9pZCI6MTN9','2014-05-26 15:12:21'),('cbafem7lp4s3i39ojtef0ls3k9bjxd6t','ODdlOWZlMTFhZGY5NDJmNWQwNjAzZWE5ODY4N2FmODRkMWUwZjA4YTp7Il9hdXRoX3VzZXJfYmFja2VuZCI6ImRqYW5nby5jb250cmliLmF1dGguYmFja2VuZHMuTW9kZWxCYWNrZW5kIiwiX2F1dGhfdXNlcl9pZCI6MTZ9','2014-05-28 09:16:44'),('cdkg9q00orvkgjchg60m3twy9m06xejm','MzlkNDUyNDUyNjRkNTliMjRlYjhkYjk3MmI1NzcyNDMwNmNmMjI5NTp7Il9hdXRoX3VzZXJfYmFja2VuZCI6ImRqYW5nby5jb250cmliLmF1dGguYmFja2VuZHMuTW9kZWxCYWNrZW5kIiwiX2F1dGhfdXNlcl9pZCI6NH0=','2014-05-06 07:58:18'),('chwmd9ik3408algyuz0ayihgv25q3x3s','OWM0NGZjN2RlNmZkMDZjOTI4MGE0ZDA1YTZhMjc2NWFhMDM0OGExNTp7Il9hdXRoX3VzZXJfYmFja2VuZCI6ImRqYW5nby5jb250cmliLmF1dGguYmFja2VuZHMuTW9kZWxCYWNrZW5kIiwiX2F1dGhfdXNlcl9pZCI6MX0=','2014-05-16 01:19:27'),('ct601m4balxxjf3bk9a85lkhlq4ylk9s','OTg1NWVjMTM3OGU5NzcxMmUxZDE2NWM3YzRhZTZiZmFmMjQ2MmI1ZDp7Il9hdXRoX3VzZXJfYmFja2VuZCI6ImRqYW5nby5jb250cmliLmF1dGguYmFja2VuZHMuTW9kZWxCYWNrZW5kIiwiX2F1dGhfdXNlcl9pZCI6MTJ9','2014-05-26 22:36:10'),('cx7l8e1mevos5rmjj06axqz7zsc1ao3j','MzlkNDUyNDUyNjRkNTliMjRlYjhkYjk3MmI1NzcyNDMwNmNmMjI5NTp7Il9hdXRoX3VzZXJfYmFja2VuZCI6ImRqYW5nby5jb250cmliLmF1dGguYmFja2VuZHMuTW9kZWxCYWNrZW5kIiwiX2F1dGhfdXNlcl9pZCI6NH0=','2014-04-21 15:31:51'),('cxnjzkirll3tvkds6ginxecvaryuv0c6','Mzk0NGM5MjcyNjAyYmE2OTFjZTU0ODk5NWM5YmJhMmNkMzUyZWJhMzp7Il9hdXRoX3VzZXJfYmFja2VuZCI6ImRqYW5nby5jb250cmliLmF1dGguYmFja2VuZHMuTW9kZWxCYWNrZW5kIiwiX2F1dGhfdXNlcl9pZCI6Nn0=','2014-05-08 11:34:59'),('d3axiio9vd587aooemrp83nn9bhy1605','OTg1NWVjMTM3OGU5NzcxMmUxZDE2NWM3YzRhZTZiZmFmMjQ2MmI1ZDp7Il9hdXRoX3VzZXJfYmFja2VuZCI6ImRqYW5nby5jb250cmliLmF1dGguYmFja2VuZHMuTW9kZWxCYWNrZW5kIiwiX2F1dGhfdXNlcl9pZCI6MTJ9','2014-05-26 10:25:10'),('ddbdkzogzqh8krr1wf0xy93s835zxap1','OWM0NGZjN2RlNmZkMDZjOTI4MGE0ZDA1YTZhMjc2NWFhMDM0OGExNTp7Il9hdXRoX3VzZXJfYmFja2VuZCI6ImRqYW5nby5jb250cmliLmF1dGguYmFja2VuZHMuTW9kZWxCYWNrZW5kIiwiX2F1dGhfdXNlcl9pZCI6MX0=','2014-04-22 12:21:24'),('de7prclrb7afei8q25w7r8xvx6c7xlel','YzFkM2ZjNjVjOTEwYWY5ODQ0NTYwYmNiZTZjZDkwNGQ3NzYzOGY3Mzp7Il9hdXRoX3VzZXJfYmFja2VuZCI6ImRqYW5nby5jb250cmliLmF1dGguYmFja2VuZHMuTW9kZWxCYWNrZW5kIiwiX2F1dGhfdXNlcl9pZCI6MTh9','2014-05-29 15:17:22'),('dk01og22w2eilj41v9sp9373a454v8op','OTg1NWVjMTM3OGU5NzcxMmUxZDE2NWM3YzRhZTZiZmFmMjQ2MmI1ZDp7Il9hdXRoX3VzZXJfYmFja2VuZCI6ImRqYW5nby5jb250cmliLmF1dGguYmFja2VuZHMuTW9kZWxCYWNrZW5kIiwiX2F1dGhfdXNlcl9pZCI6MTJ9','2014-05-26 13:41:39'),('dmia7td312lxyz4dn06f61nxw21adn4r','OTg1NWVjMTM3OGU5NzcxMmUxZDE2NWM3YzRhZTZiZmFmMjQ2MmI1ZDp7Il9hdXRoX3VzZXJfYmFja2VuZCI6ImRqYW5nby5jb250cmliLmF1dGguYmFja2VuZHMuTW9kZWxCYWNrZW5kIiwiX2F1dGhfdXNlcl9pZCI6MTJ9','2014-05-22 09:38:56'),('doey83ehm29auqkh236kzylogbxpu9w0','OTg1NWVjMTM3OGU5NzcxMmUxZDE2NWM3YzRhZTZiZmFmMjQ2MmI1ZDp7Il9hdXRoX3VzZXJfYmFja2VuZCI6ImRqYW5nby5jb250cmliLmF1dGguYmFja2VuZHMuTW9kZWxCYWNrZW5kIiwiX2F1dGhfdXNlcl9pZCI6MTJ9','2014-05-26 16:12:38'),('dv17bb2pude9xf3ori1ie8yjsbktquy6','OWM0NGZjN2RlNmZkMDZjOTI4MGE0ZDA1YTZhMjc2NWFhMDM0OGExNTp7Il9hdXRoX3VzZXJfYmFja2VuZCI6ImRqYW5nby5jb250cmliLmF1dGguYmFja2VuZHMuTW9kZWxCYWNrZW5kIiwiX2F1dGhfdXNlcl9pZCI6MX0=','2014-05-29 18:30:01'),('dyh4x24pz8f0zk2xqjkpjmzk2pwoqg5c','OWM0NGZjN2RlNmZkMDZjOTI4MGE0ZDA1YTZhMjc2NWFhMDM0OGExNTp7Il9hdXRoX3VzZXJfYmFja2VuZCI6ImRqYW5nby5jb250cmliLmF1dGguYmFja2VuZHMuTW9kZWxCYWNrZW5kIiwiX2F1dGhfdXNlcl9pZCI6MX0=','2014-04-29 22:20:55'),('e1wtvaejl9mvs4e9u0wyy0axeoh8047a','OWI5NDZmMTUyZjk1YmFkMGMwYWIxOTIxYzUwODMyZjdkOGY0ZWE0NTp7Il9hdXRoX3VzZXJfYmFja2VuZCI6ImRqYW5nby5jb250cmliLmF1dGguYmFja2VuZHMuTW9kZWxCYWNrZW5kIiwiX2F1dGhfdXNlcl9pZCI6OX0=','2014-04-24 13:34:13'),('ecrbuwe21c665cuov0we7fnjnx8tuwft','OTg1NWVjMTM3OGU5NzcxMmUxZDE2NWM3YzRhZTZiZmFmMjQ2MmI1ZDp7Il9hdXRoX3VzZXJfYmFja2VuZCI6ImRqYW5nby5jb250cmliLmF1dGguYmFja2VuZHMuTW9kZWxCYWNrZW5kIiwiX2F1dGhfdXNlcl9pZCI6MTJ9','2014-05-23 17:04:46'),('ee0pg6yf79x3d7bung7ajrhiyr9rv5tj','Mzk0NGM5MjcyNjAyYmE2OTFjZTU0ODk5NWM5YmJhMmNkMzUyZWJhMzp7Il9hdXRoX3VzZXJfYmFja2VuZCI6ImRqYW5nby5jb250cmliLmF1dGguYmFja2VuZHMuTW9kZWxCYWNrZW5kIiwiX2F1dGhfdXNlcl9pZCI6Nn0=','2014-05-22 14:38:40'),('emyahhd6rt2ojeku4234t8mrrynn367r','ODJmMTZhMjM1NTFmMDkyNjE4Y2UzODZiYTQ3MTE3ZGQyNTE2MmQ5MTp7Il9hdXRoX3VzZXJfYmFja2VuZCI6ImRqYW5nby5jb250cmliLmF1dGguYmFja2VuZHMuTW9kZWxCYWNrZW5kIiwiX2F1dGhfdXNlcl9pZCI6MTF9','2014-05-25 12:15:39'),('endxjdddsguek92rodzwvrq79oowa0mi','ODJmMTZhMjM1NTFmMDkyNjE4Y2UzODZiYTQ3MTE3ZGQyNTE2MmQ5MTp7Il9hdXRoX3VzZXJfYmFja2VuZCI6ImRqYW5nby5jb250cmliLmF1dGguYmFja2VuZHMuTW9kZWxCYWNrZW5kIiwiX2F1dGhfdXNlcl9pZCI6MTF9','2014-05-29 10:41:31'),('eo7mxz1goadnaqxogm3fzoo6dlj9g0nj','OTEwNzUwNDU5ZTU2ZDdiOTAyNWYzMGMyZTA0ODgzMThhNmYxYmVmMDp7Il9hdXRoX3VzZXJfYmFja2VuZCI6ImRqYW5nby5jb250cmliLmF1dGguYmFja2VuZHMuTW9kZWxCYWNrZW5kIiwiX2F1dGhfdXNlcl9pZCI6OH0=','2014-05-29 12:10:02'),('eoheb9r5ri5z99qfglej8qu8bcts1bk5','OTg1NWVjMTM3OGU5NzcxMmUxZDE2NWM3YzRhZTZiZmFmMjQ2MmI1ZDp7Il9hdXRoX3VzZXJfYmFja2VuZCI6ImRqYW5nby5jb250cmliLmF1dGguYmFja2VuZHMuTW9kZWxCYWNrZW5kIiwiX2F1dGhfdXNlcl9pZCI6MTJ9','2014-05-25 13:16:31'),('fkjy3gfxer6x1jvsxtlcx6zegoqtsybo','OTg1NWVjMTM3OGU5NzcxMmUxZDE2NWM3YzRhZTZiZmFmMjQ2MmI1ZDp7Il9hdXRoX3VzZXJfYmFja2VuZCI6ImRqYW5nby5jb250cmliLmF1dGguYmFja2VuZHMuTW9kZWxCYWNrZW5kIiwiX2F1dGhfdXNlcl9pZCI6MTJ9','2014-05-23 15:42:47'),('fsw4hs64hi0qa5xirjhi99sxrbd4t1q3','Mzk0NGM5MjcyNjAyYmE2OTFjZTU0ODk5NWM5YmJhMmNkMzUyZWJhMzp7Il9hdXRoX3VzZXJfYmFja2VuZCI6ImRqYW5nby5jb250cmliLmF1dGguYmFja2VuZHMuTW9kZWxCYWNrZW5kIiwiX2F1dGhfdXNlcl9pZCI6Nn0=','2014-05-22 14:39:42'),('g3o9y2ql7z272rmjg89farvd5ixkqerk','MzlkNDUyNDUyNjRkNTliMjRlYjhkYjk3MmI1NzcyNDMwNmNmMjI5NTp7Il9hdXRoX3VzZXJfYmFja2VuZCI6ImRqYW5nby5jb250cmliLmF1dGguYmFja2VuZHMuTW9kZWxCYWNrZW5kIiwiX2F1dGhfdXNlcl9pZCI6NH0=','2014-05-19 12:10:17'),('g8aquy59ibn8onmgpnaddzwjuq5ac4vo','OWI5NDZmMTUyZjk1YmFkMGMwYWIxOTIxYzUwODMyZjdkOGY0ZWE0NTp7Il9hdXRoX3VzZXJfYmFja2VuZCI6ImRqYW5nby5jb250cmliLmF1dGguYmFja2VuZHMuTW9kZWxCYWNrZW5kIiwiX2F1dGhfdXNlcl9pZCI6OX0=','2014-04-25 15:14:15'),('glyitij96dzelormr3zj635opg0ayav1','NjkyYTkxN2JiMDU2MmM2ZGYyZjBlMGVkNTQ1YzA0N2I5M2MzZDVjYjp7Il9hdXRoX3VzZXJfYmFja2VuZCI6ImRqYW5nby5jb250cmliLmF1dGguYmFja2VuZHMuTW9kZWxCYWNrZW5kIiwiX2F1dGhfdXNlcl9pZCI6MTd9','2014-05-29 14:12:59'),('gvhx3lcuhtg9uqp9n8ull930eqe1ha4w','MzlkNDUyNDUyNjRkNTliMjRlYjhkYjk3MmI1NzcyNDMwNmNmMjI5NTp7Il9hdXRoX3VzZXJfYmFja2VuZCI6ImRqYW5nby5jb250cmliLmF1dGguYmFja2VuZHMuTW9kZWxCYWNrZW5kIiwiX2F1dGhfdXNlcl9pZCI6NH0=','2014-04-30 19:05:12'),('hai6hog7iu6z4s6h2h7a88hrnvel7pt3','OTEwNzUwNDU5ZTU2ZDdiOTAyNWYzMGMyZTA0ODgzMThhNmYxYmVmMDp7Il9hdXRoX3VzZXJfYmFja2VuZCI6ImRqYW5nby5jb250cmliLmF1dGguYmFja2VuZHMuTW9kZWxCYWNrZW5kIiwiX2F1dGhfdXNlcl9pZCI6OH0=','2014-05-23 16:35:48'),('hc51fytu5tk4mjmls32m145obdoct2ss','OWM0NGZjN2RlNmZkMDZjOTI4MGE0ZDA1YTZhMjc2NWFhMDM0OGExNTp7Il9hdXRoX3VzZXJfYmFja2VuZCI6ImRqYW5nby5jb250cmliLmF1dGguYmFja2VuZHMuTW9kZWxCYWNrZW5kIiwiX2F1dGhfdXNlcl9pZCI6MX0=','2014-04-25 13:43:21'),('hgdkt3v58xvzfdpqjdq0p41v94dkrwme','OWM0NGZjN2RlNmZkMDZjOTI4MGE0ZDA1YTZhMjc2NWFhMDM0OGExNTp7Il9hdXRoX3VzZXJfYmFja2VuZCI6ImRqYW5nby5jb250cmliLmF1dGguYmFja2VuZHMuTW9kZWxCYWNrZW5kIiwiX2F1dGhfdXNlcl9pZCI6MX0=','2014-05-16 00:46:46'),('hlh5bgzrr55k24tlkn93wpfyhnj2h3j9','ODJmMTZhMjM1NTFmMDkyNjE4Y2UzODZiYTQ3MTE3ZGQyNTE2MmQ5MTp7Il9hdXRoX3VzZXJfYmFja2VuZCI6ImRqYW5nby5jb250cmliLmF1dGguYmFja2VuZHMuTW9kZWxCYWNrZW5kIiwiX2F1dGhfdXNlcl9pZCI6MTF9','2014-05-27 18:28:51'),('hr3h2he2tyw2go9xqwzr70kusgopa4bn','MzlkNDUyNDUyNjRkNTliMjRlYjhkYjk3MmI1NzcyNDMwNmNmMjI5NTp7Il9hdXRoX3VzZXJfYmFja2VuZCI6ImRqYW5nby5jb250cmliLmF1dGguYmFja2VuZHMuTW9kZWxCYWNrZW5kIiwiX2F1dGhfdXNlcl9pZCI6NH0=','2014-04-23 08:44:27'),('hxhh10purgfdcg2h4ynvfx8fvn1qoejf','MzlkNDUyNDUyNjRkNTliMjRlYjhkYjk3MmI1NzcyNDMwNmNmMjI5NTp7Il9hdXRoX3VzZXJfYmFja2VuZCI6ImRqYW5nby5jb250cmliLmF1dGguYmFja2VuZHMuTW9kZWxCYWNrZW5kIiwiX2F1dGhfdXNlcl9pZCI6NH0=','2014-05-08 11:34:00'),('ifty7d835tdf0c00uwdeusc2t7ftqzwe','OTg1NWVjMTM3OGU5NzcxMmUxZDE2NWM3YzRhZTZiZmFmMjQ2MmI1ZDp7Il9hdXRoX3VzZXJfYmFja2VuZCI6ImRqYW5nby5jb250cmliLmF1dGguYmFja2VuZHMuTW9kZWxCYWNrZW5kIiwiX2F1dGhfdXNlcl9pZCI6MTJ9','2014-05-22 12:03:05'),('ilc6dzt78h3lrj12okfz1ze452as9exi','MzlkNDUyNDUyNjRkNTliMjRlYjhkYjk3MmI1NzcyNDMwNmNmMjI5NTp7Il9hdXRoX3VzZXJfYmFja2VuZCI6ImRqYW5nby5jb250cmliLmF1dGguYmFja2VuZHMuTW9kZWxCYWNrZW5kIiwiX2F1dGhfdXNlcl9pZCI6NH0=','2014-04-22 12:26:28'),('ill0xw3ot4l1befujdc9pxav4o9swwr0','ODJmMTZhMjM1NTFmMDkyNjE4Y2UzODZiYTQ3MTE3ZGQyNTE2MmQ5MTp7Il9hdXRoX3VzZXJfYmFja2VuZCI6ImRqYW5nby5jb250cmliLmF1dGguYmFja2VuZHMuTW9kZWxCYWNrZW5kIiwiX2F1dGhfdXNlcl9pZCI6MTF9','2014-05-22 14:42:03'),('ip57q0e4aqt3fc49sug0y0d3c1icbw97','OWM0NGZjN2RlNmZkMDZjOTI4MGE0ZDA1YTZhMjc2NWFhMDM0OGExNTp7Il9hdXRoX3VzZXJfYmFja2VuZCI6ImRqYW5nby5jb250cmliLmF1dGguYmFja2VuZHMuTW9kZWxCYWNrZW5kIiwiX2F1dGhfdXNlcl9pZCI6MX0=','2014-05-20 11:59:12'),('iuxbes2ak7xhho7tk6okktuk1iv0vx0s','OWM0NGZjN2RlNmZkMDZjOTI4MGE0ZDA1YTZhMjc2NWFhMDM0OGExNTp7Il9hdXRoX3VzZXJfYmFja2VuZCI6ImRqYW5nby5jb250cmliLmF1dGguYmFja2VuZHMuTW9kZWxCYWNrZW5kIiwiX2F1dGhfdXNlcl9pZCI6MX0=','2014-05-29 17:43:41'),('ixexc24qw7z4e9xjgmagmbltpnu56upf','MzlkNDUyNDUyNjRkNTliMjRlYjhkYjk3MmI1NzcyNDMwNmNmMjI5NTp7Il9hdXRoX3VzZXJfYmFja2VuZCI6ImRqYW5nby5jb250cmliLmF1dGguYmFja2VuZHMuTW9kZWxCYWNrZW5kIiwiX2F1dGhfdXNlcl9pZCI6NH0=','2014-05-05 18:18:14'),('j1mzt22hwvwnjm0qkj4d62hye1yfv3r0','OWM0NGZjN2RlNmZkMDZjOTI4MGE0ZDA1YTZhMjc2NWFhMDM0OGExNTp7Il9hdXRoX3VzZXJfYmFja2VuZCI6ImRqYW5nby5jb250cmliLmF1dGguYmFja2VuZHMuTW9kZWxCYWNrZW5kIiwiX2F1dGhfdXNlcl9pZCI6MX0=','2014-04-19 15:55:38'),('j7dd8ak9u4igqi4oelz7am4q26ljyz3r','ODJmMTZhMjM1NTFmMDkyNjE4Y2UzODZiYTQ3MTE3ZGQyNTE2MmQ5MTp7Il9hdXRoX3VzZXJfYmFja2VuZCI6ImRqYW5nby5jb250cmliLmF1dGguYmFja2VuZHMuTW9kZWxCYWNrZW5kIiwiX2F1dGhfdXNlcl9pZCI6MTF9','2014-05-28 10:36:39'),('jawhna3phhm030nafegg7a66mai5uthb','ODJmMTZhMjM1NTFmMDkyNjE4Y2UzODZiYTQ3MTE3ZGQyNTE2MmQ5MTp7Il9hdXRoX3VzZXJfYmFja2VuZCI6ImRqYW5nby5jb250cmliLmF1dGguYmFja2VuZHMuTW9kZWxCYWNrZW5kIiwiX2F1dGhfdXNlcl9pZCI6MTF9','2014-05-23 09:28:05'),('jbz7uvo1sn0xotpy8kelckdm788s305o','OWM0NGZjN2RlNmZkMDZjOTI4MGE0ZDA1YTZhMjc2NWFhMDM0OGExNTp7Il9hdXRoX3VzZXJfYmFja2VuZCI6ImRqYW5nby5jb250cmliLmF1dGguYmFja2VuZHMuTW9kZWxCYWNrZW5kIiwiX2F1dGhfdXNlcl9pZCI6MX0=','2014-04-22 11:31:35'),('jdpmgaxv0adbjx2nu1tk2paboico7xcx','Mzk0NGM5MjcyNjAyYmE2OTFjZTU0ODk5NWM5YmJhMmNkMzUyZWJhMzp7Il9hdXRoX3VzZXJfYmFja2VuZCI6ImRqYW5nby5jb250cmliLmF1dGguYmFja2VuZHMuTW9kZWxCYWNrZW5kIiwiX2F1dGhfdXNlcl9pZCI6Nn0=','2014-04-25 15:22:15'),('jh1r2ov1d7umagkqs4uvhs0k8bfpz4fs','Mzk0NGM5MjcyNjAyYmE2OTFjZTU0ODk5NWM5YmJhMmNkMzUyZWJhMzp7Il9hdXRoX3VzZXJfYmFja2VuZCI6ImRqYW5nby5jb250cmliLmF1dGguYmFja2VuZHMuTW9kZWxCYWNrZW5kIiwiX2F1dGhfdXNlcl9pZCI6Nn0=','2014-05-05 18:48:18'),('jm4iv35uo35i6sa229qsh3glt0dold31','OTg1NWVjMTM3OGU5NzcxMmUxZDE2NWM3YzRhZTZiZmFmMjQ2MmI1ZDp7Il9hdXRoX3VzZXJfYmFja2VuZCI6ImRqYW5nby5jb250cmliLmF1dGguYmFja2VuZHMuTW9kZWxCYWNrZW5kIiwiX2F1dGhfdXNlcl9pZCI6MTJ9','2014-05-23 15:08:38'),('jpmydhrxl5794tqwxdk9yu9a676lvyli','ODdlOWZlMTFhZGY5NDJmNWQwNjAzZWE5ODY4N2FmODRkMWUwZjA4YTp7Il9hdXRoX3VzZXJfYmFja2VuZCI6ImRqYW5nby5jb250cmliLmF1dGguYmFja2VuZHMuTW9kZWxCYWNrZW5kIiwiX2F1dGhfdXNlcl9pZCI6MTZ9','2014-05-28 09:18:31'),('js0hisw75tcqr5hbl08c1gjz1oshndg1','MzlkNDUyNDUyNjRkNTliMjRlYjhkYjk3MmI1NzcyNDMwNmNmMjI5NTp7Il9hdXRoX3VzZXJfYmFja2VuZCI6ImRqYW5nby5jb250cmliLmF1dGguYmFja2VuZHMuTW9kZWxCYWNrZW5kIiwiX2F1dGhfdXNlcl9pZCI6NH0=','2014-04-29 06:56:32'),('jx6hnlcwu9vlt8u4b5qeyytm6xxdjpc9','OTEwNzUwNDU5ZTU2ZDdiOTAyNWYzMGMyZTA0ODgzMThhNmYxYmVmMDp7Il9hdXRoX3VzZXJfYmFja2VuZCI6ImRqYW5nby5jb250cmliLmF1dGguYmFja2VuZHMuTW9kZWxCYWNrZW5kIiwiX2F1dGhfdXNlcl9pZCI6OH0=','2014-05-25 13:14:21'),('jygkn5b0m8faqulvzpx69jfgc9xgjond','OWM0NGZjN2RlNmZkMDZjOTI4MGE0ZDA1YTZhMjc2NWFhMDM0OGExNTp7Il9hdXRoX3VzZXJfYmFja2VuZCI6ImRqYW5nby5jb250cmliLmF1dGguYmFja2VuZHMuTW9kZWxCYWNrZW5kIiwiX2F1dGhfdXNlcl9pZCI6MX0=','2014-05-26 10:27:46'),('k5tf436yw6h2ypmhgia7shh07inljq8z','OTg1NWVjMTM3OGU5NzcxMmUxZDE2NWM3YzRhZTZiZmFmMjQ2MmI1ZDp7Il9hdXRoX3VzZXJfYmFja2VuZCI6ImRqYW5nby5jb250cmliLmF1dGguYmFja2VuZHMuTW9kZWxCYWNrZW5kIiwiX2F1dGhfdXNlcl9pZCI6MTJ9','2014-05-27 10:06:51'),('kcwed0x33b9rdtgpni6r56juzu7smkq7','MzlkNDUyNDUyNjRkNTliMjRlYjhkYjk3MmI1NzcyNDMwNmNmMjI5NTp7Il9hdXRoX3VzZXJfYmFja2VuZCI6ImRqYW5nby5jb250cmliLmF1dGguYmFja2VuZHMuTW9kZWxCYWNrZW5kIiwiX2F1dGhfdXNlcl9pZCI6NH0=','2014-05-05 18:52:32'),('kmegnxj2rrx87zrsrlehd1fx1jwesxeg','Mzk0NGM5MjcyNjAyYmE2OTFjZTU0ODk5NWM5YmJhMmNkMzUyZWJhMzp7Il9hdXRoX3VzZXJfYmFja2VuZCI6ImRqYW5nby5jb250cmliLmF1dGguYmFja2VuZHMuTW9kZWxCYWNrZW5kIiwiX2F1dGhfdXNlcl9pZCI6Nn0=','2014-04-24 18:15:09'),('krdl37bxb8pvhwavhkmjdeiy671mw3vs','ODJmMTZhMjM1NTFmMDkyNjE4Y2UzODZiYTQ3MTE3ZGQyNTE2MmQ5MTp7Il9hdXRoX3VzZXJfYmFja2VuZCI6ImRqYW5nby5jb250cmliLmF1dGguYmFja2VuZHMuTW9kZWxCYWNrZW5kIiwiX2F1dGhfdXNlcl9pZCI6MTF9','2014-05-23 16:40:54'),('krm2inf1b3qydrktozrddu2gvxv7lmgq','ODJmMTZhMjM1NTFmMDkyNjE4Y2UzODZiYTQ3MTE3ZGQyNTE2MmQ5MTp7Il9hdXRoX3VzZXJfYmFja2VuZCI6ImRqYW5nby5jb250cmliLmF1dGguYmFja2VuZHMuTW9kZWxCYWNrZW5kIiwiX2F1dGhfdXNlcl9pZCI6MTF9','2014-05-23 07:35:36'),('kuoafoookmwt8puhzc1puc11clehdk19','OTEwNzUwNDU5ZTU2ZDdiOTAyNWYzMGMyZTA0ODgzMThhNmYxYmVmMDp7Il9hdXRoX3VzZXJfYmFja2VuZCI6ImRqYW5nby5jb250cmliLmF1dGguYmFja2VuZHMuTW9kZWxCYWNrZW5kIiwiX2F1dGhfdXNlcl9pZCI6OH0=','2014-05-25 11:33:06'),('kyf8nvm0z29gqzlzduvxi71p3l1m5kia','OWM0NGZjN2RlNmZkMDZjOTI4MGE0ZDA1YTZhMjc2NWFhMDM0OGExNTp7Il9hdXRoX3VzZXJfYmFja2VuZCI6ImRqYW5nby5jb250cmliLmF1dGguYmFja2VuZHMuTW9kZWxCYWNrZW5kIiwiX2F1dGhfdXNlcl9pZCI6MX0=','2014-04-29 22:30:47'),('l1id0zne64yvrmh72jw9b0no3is9vqw4','MzlkNDUyNDUyNjRkNTliMjRlYjhkYjk3MmI1NzcyNDMwNmNmMjI5NTp7Il9hdXRoX3VzZXJfYmFja2VuZCI6ImRqYW5nby5jb250cmliLmF1dGguYmFja2VuZHMuTW9kZWxCYWNrZW5kIiwiX2F1dGhfdXNlcl9pZCI6NH0=','2014-05-22 09:17:46'),('l231a9dgw70oayzrlvfxrndhlq42auld','ODJmMTZhMjM1NTFmMDkyNjE4Y2UzODZiYTQ3MTE3ZGQyNTE2MmQ5MTp7Il9hdXRoX3VzZXJfYmFja2VuZCI6ImRqYW5nby5jb250cmliLmF1dGguYmFja2VuZHMuTW9kZWxCYWNrZW5kIiwiX2F1dGhfdXNlcl9pZCI6MTF9','2014-05-27 13:03:31'),('l4cbtwhh8aytce5x9tasz8uohk43iqqw','MzlkNDUyNDUyNjRkNTliMjRlYjhkYjk3MmI1NzcyNDMwNmNmMjI5NTp7Il9hdXRoX3VzZXJfYmFja2VuZCI6ImRqYW5nby5jb250cmliLmF1dGguYmFja2VuZHMuTW9kZWxCYWNrZW5kIiwiX2F1dGhfdXNlcl9pZCI6NH0=','2014-04-29 22:17:24'),('lkb4rsosxmk07czg954cei46yydxzfai','OWM0NGZjN2RlNmZkMDZjOTI4MGE0ZDA1YTZhMjc2NWFhMDM0OGExNTp7Il9hdXRoX3VzZXJfYmFja2VuZCI6ImRqYW5nby5jb250cmliLmF1dGguYmFja2VuZHMuTW9kZWxCYWNrZW5kIiwiX2F1dGhfdXNlcl9pZCI6MX0=','2014-05-29 16:29:01'),('m0jdtgip7aldzulsizyu1q0se9uupyrz','YzFkM2ZjNjVjOTEwYWY5ODQ0NTYwYmNiZTZjZDkwNGQ3NzYzOGY3Mzp7Il9hdXRoX3VzZXJfYmFja2VuZCI6ImRqYW5nby5jb250cmliLmF1dGguYmFja2VuZHMuTW9kZWxCYWNrZW5kIiwiX2F1dGhfdXNlcl9pZCI6MTh9','2014-05-29 15:15:18'),('mf5cpwwxybjdqz9ndrjx9egww4csmvdx','ZTE2YzA2MTNiZTkwN2M3ZGZlN2NiMWViZDExYTc1ZTI2OGU2ZjUwYzp7Il9hdXRoX3VzZXJfYmFja2VuZCI6ImRqYW5nby5jb250cmliLmF1dGguYmFja2VuZHMuTW9kZWxCYWNrZW5kIiwiX2F1dGhfdXNlcl9pZCI6MTR9','2014-05-27 15:01:58'),('mfdvw69d4ge67tppxblh851h3171makn','MzlkNDUyNDUyNjRkNTliMjRlYjhkYjk3MmI1NzcyNDMwNmNmMjI5NTp7Il9hdXRoX3VzZXJfYmFja2VuZCI6ImRqYW5nby5jb250cmliLmF1dGguYmFja2VuZHMuTW9kZWxCYWNrZW5kIiwiX2F1dGhfdXNlcl9pZCI6NH0=','2014-05-19 13:07:03'),('mgk4tudipg6dx9eaqy2oipwa1if7zx9t','Mzk0NGM5MjcyNjAyYmE2OTFjZTU0ODk5NWM5YmJhMmNkMzUyZWJhMzp7Il9hdXRoX3VzZXJfYmFja2VuZCI6ImRqYW5nby5jb250cmliLmF1dGguYmFja2VuZHMuTW9kZWxCYWNrZW5kIiwiX2F1dGhfdXNlcl9pZCI6Nn0=','2014-04-30 08:28:23'),('mog4t8pgoj7onoctwwn6qsth94s4wbbp','OWM0NGZjN2RlNmZkMDZjOTI4MGE0ZDA1YTZhMjc2NWFhMDM0OGExNTp7Il9hdXRoX3VzZXJfYmFja2VuZCI6ImRqYW5nby5jb250cmliLmF1dGguYmFja2VuZHMuTW9kZWxCYWNrZW5kIiwiX2F1dGhfdXNlcl9pZCI6MX0=','2014-04-19 18:10:08'),('msdj9be4dbrkjev9r9p7ywpyv8fslpfv','YWY5MzUxNDNmZjMzNDQ3YTM1ZGZiOTBjYTgyY2UzYjIzZDdlYmExZDp7Il9hdXRoX3VzZXJfYmFja2VuZCI6ImRqYW5nby5jb250cmliLmF1dGguYmFja2VuZHMuTW9kZWxCYWNrZW5kIiwiX2F1dGhfdXNlcl9pZCI6Mn0=','2014-04-19 18:17:23'),('mus6e1u9lw48ta5nmqo4gxsr0k6loouw','OTEwNzUwNDU5ZTU2ZDdiOTAyNWYzMGMyZTA0ODgzMThhNmYxYmVmMDp7Il9hdXRoX3VzZXJfYmFja2VuZCI6ImRqYW5nby5jb250cmliLmF1dGguYmFja2VuZHMuTW9kZWxCYWNrZW5kIiwiX2F1dGhfdXNlcl9pZCI6OH0=','2014-05-23 13:10:04'),('n4395iwlgtr9obkhw5pfs732edmpvrf6','ZTU4ZmQ1YmFmNTg1MDEyYTM4MzdiZTg1ZGY5NmNjNDdjN2RjN2VlOTp7Il9hdXRoX3VzZXJfYmFja2VuZCI6ImRqYW5nby5jb250cmliLmF1dGguYmFja2VuZHMuTW9kZWxCYWNrZW5kIiwiX2F1dGhfdXNlcl9pZCI6N30=','2014-04-24 12:07:41'),('n81089l04zw58rhcqz9hsissy0ufmbry','MzlkNDUyNDUyNjRkNTliMjRlYjhkYjk3MmI1NzcyNDMwNmNmMjI5NTp7Il9hdXRoX3VzZXJfYmFja2VuZCI6ImRqYW5nby5jb250cmliLmF1dGguYmFja2VuZHMuTW9kZWxCYWNrZW5kIiwiX2F1dGhfdXNlcl9pZCI6NH0=','2014-05-13 13:32:04'),('n9wfv8nvtfyndkuepoerpdli2iy845su','Mzk0NGM5MjcyNjAyYmE2OTFjZTU0ODk5NWM5YmJhMmNkMzUyZWJhMzp7Il9hdXRoX3VzZXJfYmFja2VuZCI6ImRqYW5nby5jb250cmliLmF1dGguYmFja2VuZHMuTW9kZWxCYWNrZW5kIiwiX2F1dGhfdXNlcl9pZCI6Nn0=','2014-04-23 09:22:39'),('nfm13kcvzsujrdbvdxv5lfnz1bwgcxh7','OWM0NGZjN2RlNmZkMDZjOTI4MGE0ZDA1YTZhMjc2NWFhMDM0OGExNTp7Il9hdXRoX3VzZXJfYmFja2VuZCI6ImRqYW5nby5jb250cmliLmF1dGguYmFja2VuZHMuTW9kZWxCYWNrZW5kIiwiX2F1dGhfdXNlcl9pZCI6MX0=','2014-05-16 00:43:01'),('o3il9jh1sr2gsqudi3jg52xlrepmw8vq','OTEwNzUwNDU5ZTU2ZDdiOTAyNWYzMGMyZTA0ODgzMThhNmYxYmVmMDp7Il9hdXRoX3VzZXJfYmFja2VuZCI6ImRqYW5nby5jb250cmliLmF1dGguYmFja2VuZHMuTW9kZWxCYWNrZW5kIiwiX2F1dGhfdXNlcl9pZCI6OH0=','2014-05-25 13:01:34'),('o8pvn01uqvchotg7shud5b8y8cwia77t','ODdlOWZlMTFhZGY5NDJmNWQwNjAzZWE5ODY4N2FmODRkMWUwZjA4YTp7Il9hdXRoX3VzZXJfYmFja2VuZCI6ImRqYW5nby5jb250cmliLmF1dGguYmFja2VuZHMuTW9kZWxCYWNrZW5kIiwiX2F1dGhfdXNlcl9pZCI6MTZ9','2014-05-28 09:17:48'),('oh6qpcyop4gdv4scxmzvsal2yfyw5c8x','MzlkNDUyNDUyNjRkNTliMjRlYjhkYjk3MmI1NzcyNDMwNmNmMjI5NTp7Il9hdXRoX3VzZXJfYmFja2VuZCI6ImRqYW5nby5jb250cmliLmF1dGguYmFja2VuZHMuTW9kZWxCYWNrZW5kIiwiX2F1dGhfdXNlcl9pZCI6NH0=','2014-04-21 21:17:51'),('oinnk0aqwvc2ijecumzwsdkyhmzckgqf','OWM0NGZjN2RlNmZkMDZjOTI4MGE0ZDA1YTZhMjc2NWFhMDM0OGExNTp7Il9hdXRoX3VzZXJfYmFja2VuZCI6ImRqYW5nby5jb250cmliLmF1dGguYmFja2VuZHMuTW9kZWxCYWNrZW5kIiwiX2F1dGhfdXNlcl9pZCI6MX0=','2014-04-21 13:16:49'),('ouqawuhhruishqwd11rpt73xmf7j5ygx','MzlkNDUyNDUyNjRkNTliMjRlYjhkYjk3MmI1NzcyNDMwNmNmMjI5NTp7Il9hdXRoX3VzZXJfYmFja2VuZCI6ImRqYW5nby5jb250cmliLmF1dGguYmFja2VuZHMuTW9kZWxCYWNrZW5kIiwiX2F1dGhfdXNlcl9pZCI6NH0=','2014-04-23 08:35:42'),('p9qsg3iboa3q7oee9i7rsrr4hst9syvv','OWM0NGZjN2RlNmZkMDZjOTI4MGE0ZDA1YTZhMjc2NWFhMDM0OGExNTp7Il9hdXRoX3VzZXJfYmFja2VuZCI6ImRqYW5nby5jb250cmliLmF1dGguYmFja2VuZHMuTW9kZWxCYWNrZW5kIiwiX2F1dGhfdXNlcl9pZCI6MX0=','2014-05-22 09:07:31'),('paxuwtem3p2ewl13neojrm99rh4f62gm','OWM0NGZjN2RlNmZkMDZjOTI4MGE0ZDA1YTZhMjc2NWFhMDM0OGExNTp7Il9hdXRoX3VzZXJfYmFja2VuZCI6ImRqYW5nby5jb250cmliLmF1dGguYmFja2VuZHMuTW9kZWxCYWNrZW5kIiwiX2F1dGhfdXNlcl9pZCI6MX0=','2014-05-16 01:10:29'),('pcyh2p5lymbk1xgys7icahg165actux9','ODJmMTZhMjM1NTFmMDkyNjE4Y2UzODZiYTQ3MTE3ZGQyNTE2MmQ5MTp7Il9hdXRoX3VzZXJfYmFja2VuZCI6ImRqYW5nby5jb250cmliLmF1dGguYmFja2VuZHMuTW9kZWxCYWNrZW5kIiwiX2F1dGhfdXNlcl9pZCI6MTF9','2014-05-22 12:02:35'),('poelbskcd6ax3w0rrcc513j8fw1q9yg6','Mzk0NGM5MjcyNjAyYmE2OTFjZTU0ODk5NWM5YmJhMmNkMzUyZWJhMzp7Il9hdXRoX3VzZXJfYmFja2VuZCI6ImRqYW5nby5jb250cmliLmF1dGguYmFja2VuZHMuTW9kZWxCYWNrZW5kIiwiX2F1dGhfdXNlcl9pZCI6Nn0=','2014-05-23 15:40:48'),('ppxjmr7itpeoqhd87hneu0nlu0uh8eky','OTg1NWVjMTM3OGU5NzcxMmUxZDE2NWM3YzRhZTZiZmFmMjQ2MmI1ZDp7Il9hdXRoX3VzZXJfYmFja2VuZCI6ImRqYW5nby5jb250cmliLmF1dGguYmFja2VuZHMuTW9kZWxCYWNrZW5kIiwiX2F1dGhfdXNlcl9pZCI6MTJ9','2014-05-25 10:42:17'),('pu81u33q0edjywo67o4paak8ngjs23vw','ZTE2YzA2MTNiZTkwN2M3ZGZlN2NiMWViZDExYTc1ZTI2OGU2ZjUwYzp7Il9hdXRoX3VzZXJfYmFja2VuZCI6ImRqYW5nby5jb250cmliLmF1dGguYmFja2VuZHMuTW9kZWxCYWNrZW5kIiwiX2F1dGhfdXNlcl9pZCI6MTR9','2014-05-23 00:45:43'),('pvq6cnb46mq7waraasr7t3xqdt28zc0a','OWM0NGZjN2RlNmZkMDZjOTI4MGE0ZDA1YTZhMjc2NWFhMDM0OGExNTp7Il9hdXRoX3VzZXJfYmFja2VuZCI6ImRqYW5nby5jb250cmliLmF1dGguYmFja2VuZHMuTW9kZWxCYWNrZW5kIiwiX2F1dGhfdXNlcl9pZCI6MX0=','2014-04-21 16:22:32'),('px7r292gatw53tydclvs8gjyba2m10u4','MzlkNDUyNDUyNjRkNTliMjRlYjhkYjk3MmI1NzcyNDMwNmNmMjI5NTp7Il9hdXRoX3VzZXJfYmFja2VuZCI6ImRqYW5nby5jb250cmliLmF1dGguYmFja2VuZHMuTW9kZWxCYWNrZW5kIiwiX2F1dGhfdXNlcl9pZCI6NH0=','2014-04-24 12:08:47'),('q1l57nqzu4gch2x5gz0el6grkvbrbmmj','MzlkNDUyNDUyNjRkNTliMjRlYjhkYjk3MmI1NzcyNDMwNmNmMjI5NTp7Il9hdXRoX3VzZXJfYmFja2VuZCI6ImRqYW5nby5jb250cmliLmF1dGguYmFja2VuZHMuTW9kZWxCYWNrZW5kIiwiX2F1dGhfdXNlcl9pZCI6NH0=','2014-04-24 12:13:25'),('q47huk56f1ffv4ulwyf24xpof0vg1ytj','ODJmMTZhMjM1NTFmMDkyNjE4Y2UzODZiYTQ3MTE3ZGQyNTE2MmQ5MTp7Il9hdXRoX3VzZXJfYmFja2VuZCI6ImRqYW5nby5jb250cmliLmF1dGguYmFja2VuZHMuTW9kZWxCYWNrZW5kIiwiX2F1dGhfdXNlcl9pZCI6MTF9','2014-05-27 12:20:55'),('q5s32bb5osw7eyv17hm05ogtuklp8nkv','ODJmMTZhMjM1NTFmMDkyNjE4Y2UzODZiYTQ3MTE3ZGQyNTE2MmQ5MTp7Il9hdXRoX3VzZXJfYmFja2VuZCI6ImRqYW5nby5jb250cmliLmF1dGguYmFja2VuZHMuTW9kZWxCYWNrZW5kIiwiX2F1dGhfdXNlcl9pZCI6MTF9','2014-05-22 09:10:47'),('qbfdmtq00689m1mxy8twqqzsqxtfnosa','ZTE2YzA2MTNiZTkwN2M3ZGZlN2NiMWViZDExYTc1ZTI2OGU2ZjUwYzp7Il9hdXRoX3VzZXJfYmFja2VuZCI6ImRqYW5nby5jb250cmliLmF1dGguYmFja2VuZHMuTW9kZWxCYWNrZW5kIiwiX2F1dGhfdXNlcl9pZCI6MTR9','2014-05-23 08:21:03'),('qe34ezrp60ktsgkvfuwivgyihk2epn88','Mzk0NGM5MjcyNjAyYmE2OTFjZTU0ODk5NWM5YmJhMmNkMzUyZWJhMzp7Il9hdXRoX3VzZXJfYmFja2VuZCI6ImRqYW5nby5jb250cmliLmF1dGguYmFja2VuZHMuTW9kZWxCYWNrZW5kIiwiX2F1dGhfdXNlcl9pZCI6Nn0=','2014-04-24 18:17:45'),('qi50aiv71k7kzuq34xq0irh5k4f3y45k','MjZmNzEwOWQ0NDYwNGExNDk5MDQ2NmQ3NzRiNGRiNzllNzM1MmViNDp7Il9hdXRoX3VzZXJfYmFja2VuZCI6ImRqYW5nby5jb250cmliLmF1dGguYmFja2VuZHMuTW9kZWxCYWNrZW5kIiwiX2F1dGhfdXNlcl9pZCI6MTN9','2014-05-23 08:20:20'),('qvipw36f3mdgdbgc80cbiyt1g49atnmy','OTEwNzUwNDU5ZTU2ZDdiOTAyNWYzMGMyZTA0ODgzMThhNmYxYmVmMDp7Il9hdXRoX3VzZXJfYmFja2VuZCI6ImRqYW5nby5jb250cmliLmF1dGguYmFja2VuZHMuTW9kZWxCYWNrZW5kIiwiX2F1dGhfdXNlcl9pZCI6OH0=','2014-05-26 23:17:40'),('qzny3ilgemv1xtvuv0zvmucbs8c1bz65','OTEwNzUwNDU5ZTU2ZDdiOTAyNWYzMGMyZTA0ODgzMThhNmYxYmVmMDp7Il9hdXRoX3VzZXJfYmFja2VuZCI6ImRqYW5nby5jb250cmliLmF1dGguYmFja2VuZHMuTW9kZWxCYWNrZW5kIiwiX2F1dGhfdXNlcl9pZCI6OH0=','2014-05-25 11:37:52'),('rcrgtn2s1kiezymc2rppn6vr6jedayev','Mzk0NGM5MjcyNjAyYmE2OTFjZTU0ODk5NWM5YmJhMmNkMzUyZWJhMzp7Il9hdXRoX3VzZXJfYmFja2VuZCI6ImRqYW5nby5jb250cmliLmF1dGguYmFja2VuZHMuTW9kZWxCYWNrZW5kIiwiX2F1dGhfdXNlcl9pZCI6Nn0=','2014-04-23 09:45:29'),('rw5o21wxrbnqgwanc2rtswkvrxasd98a','MzlkNDUyNDUyNjRkNTliMjRlYjhkYjk3MmI1NzcyNDMwNmNmMjI5NTp7Il9hdXRoX3VzZXJfYmFja2VuZCI6ImRqYW5nby5jb250cmliLmF1dGguYmFja2VuZHMuTW9kZWxCYWNrZW5kIiwiX2F1dGhfdXNlcl9pZCI6NH0=','2014-04-22 09:37:39'),('rxw0ae8xz8r2ezmvup44w33jafocz7y8','YjQ1YmYyNjI0MWQ2MDE4NTZkYjA1NzhiOGM1MWE5M2Q0ZjA5Y2I4ZTp7fQ==','2014-05-16 00:35:47'),('s3ip324wb6inskvxn7smz1r6kpomr6d7','ODJmMTZhMjM1NTFmMDkyNjE4Y2UzODZiYTQ3MTE3ZGQyNTE2MmQ5MTp7Il9hdXRoX3VzZXJfYmFja2VuZCI6ImRqYW5nby5jb250cmliLmF1dGguYmFja2VuZHMuTW9kZWxCYWNrZW5kIiwiX2F1dGhfdXNlcl9pZCI6MTF9','2014-05-29 16:31:20'),('s8k9frzajwg9pobibfiaq9dnx1nqgqc0','MzlkNDUyNDUyNjRkNTliMjRlYjhkYjk3MmI1NzcyNDMwNmNmMjI5NTp7Il9hdXRoX3VzZXJfYmFja2VuZCI6ImRqYW5nby5jb250cmliLmF1dGguYmFja2VuZHMuTW9kZWxCYWNrZW5kIiwiX2F1dGhfdXNlcl9pZCI6NH0=','2014-04-30 08:25:33'),('sg7vrkxzg5lrpum6zsyoi5ndrszk9uvo','ODJmMTZhMjM1NTFmMDkyNjE4Y2UzODZiYTQ3MTE3ZGQyNTE2MmQ5MTp7Il9hdXRoX3VzZXJfYmFja2VuZCI6ImRqYW5nby5jb250cmliLmF1dGguYmFja2VuZHMuTW9kZWxCYWNrZW5kIiwiX2F1dGhfdXNlcl9pZCI6MTF9','2014-05-23 16:36:24'),('spuzn19pbq2qya5u2lsz3vzod0y1r37h','MzlkNDUyNDUyNjRkNTliMjRlYjhkYjk3MmI1NzcyNDMwNmNmMjI5NTp7Il9hdXRoX3VzZXJfYmFja2VuZCI6ImRqYW5nby5jb250cmliLmF1dGguYmFja2VuZHMuTW9kZWxCYWNrZW5kIiwiX2F1dGhfdXNlcl9pZCI6NH0=','2014-04-22 08:30:22'),('svpodpmyp9t1icj3wlvixixzi1j2zcdf','YjQ1YmYyNjI0MWQ2MDE4NTZkYjA1NzhiOGM1MWE5M2Q0ZjA5Y2I4ZTp7fQ==','2014-05-16 00:33:32'),('szhn6tmrfbby84dav06165jgfqire1vn','OWM0NGZjN2RlNmZkMDZjOTI4MGE0ZDA1YTZhMjc2NWFhMDM0OGExNTp7Il9hdXRoX3VzZXJfYmFja2VuZCI6ImRqYW5nby5jb250cmliLmF1dGguYmFja2VuZHMuTW9kZWxCYWNrZW5kIiwiX2F1dGhfdXNlcl9pZCI6MX0=','2014-05-07 11:00:09'),('t33ptpjhkss8h5rit01putx2xfttcz2w','ZTE2YzA2MTNiZTkwN2M3ZGZlN2NiMWViZDExYTc1ZTI2OGU2ZjUwYzp7Il9hdXRoX3VzZXJfYmFja2VuZCI6ImRqYW5nby5jb250cmliLmF1dGguYmFja2VuZHMuTW9kZWxCYWNrZW5kIiwiX2F1dGhfdXNlcl9pZCI6MTR9','2014-05-23 00:38:26'),('t5d2mr577z5gi0hiczmuutzoh921g8kj','OTEwNzUwNDU5ZTU2ZDdiOTAyNWYzMGMyZTA0ODgzMThhNmYxYmVmMDp7Il9hdXRoX3VzZXJfYmFja2VuZCI6ImRqYW5nby5jb250cmliLmF1dGguYmFja2VuZHMuTW9kZWxCYWNrZW5kIiwiX2F1dGhfdXNlcl9pZCI6OH0=','2014-05-25 12:58:08'),('tff48d00pvs4oldmfuoxo3hhez3j4065','MzlkNDUyNDUyNjRkNTliMjRlYjhkYjk3MmI1NzcyNDMwNmNmMjI5NTp7Il9hdXRoX3VzZXJfYmFja2VuZCI6ImRqYW5nby5jb250cmliLmF1dGguYmFja2VuZHMuTW9kZWxCYWNrZW5kIiwiX2F1dGhfdXNlcl9pZCI6NH0=','2014-05-07 15:37:36'),('tjo0tjx3jqu7v7r1vml4ewqhgny2n2xs','Mzk0NGM5MjcyNjAyYmE2OTFjZTU0ODk5NWM5YmJhMmNkMzUyZWJhMzp7Il9hdXRoX3VzZXJfYmFja2VuZCI6ImRqYW5nby5jb250cmliLmF1dGguYmFja2VuZHMuTW9kZWxCYWNrZW5kIiwiX2F1dGhfdXNlcl9pZCI6Nn0=','2014-04-22 14:28:18'),('tljwzbzxoa58slta3ealmfxmmlkgjg7h','ODJmMTZhMjM1NTFmMDkyNjE4Y2UzODZiYTQ3MTE3ZGQyNTE2MmQ5MTp7Il9hdXRoX3VzZXJfYmFja2VuZCI6ImRqYW5nby5jb250cmliLmF1dGguYmFja2VuZHMuTW9kZWxCYWNrZW5kIiwiX2F1dGhfdXNlcl9pZCI6MTF9','2014-05-26 20:04:17'),('tzdjuimko2b9k6r00ogc5ish8go3po5c','MzlkNDUyNDUyNjRkNTliMjRlYjhkYjk3MmI1NzcyNDMwNmNmMjI5NTp7Il9hdXRoX3VzZXJfYmFja2VuZCI6ImRqYW5nby5jb250cmliLmF1dGguYmFja2VuZHMuTW9kZWxCYWNrZW5kIiwiX2F1dGhfdXNlcl9pZCI6NH0=','2014-05-20 14:21:28'),('uido147yjfq5tqk7pjqekdhh75j3zgor','OTEwNzUwNDU5ZTU2ZDdiOTAyNWYzMGMyZTA0ODgzMThhNmYxYmVmMDp7Il9hdXRoX3VzZXJfYmFja2VuZCI6ImRqYW5nby5jb250cmliLmF1dGguYmFja2VuZHMuTW9kZWxCYWNrZW5kIiwiX2F1dGhfdXNlcl9pZCI6OH0=','2014-05-25 11:06:11'),('ul2znmeo51myjk82tpoapks1wx4f5scj','MzlkNDUyNDUyNjRkNTliMjRlYjhkYjk3MmI1NzcyNDMwNmNmMjI5NTp7Il9hdXRoX3VzZXJfYmFja2VuZCI6ImRqYW5nby5jb250cmliLmF1dGguYmFja2VuZHMuTW9kZWxCYWNrZW5kIiwiX2F1dGhfdXNlcl9pZCI6NH0=','2014-05-16 02:18:18'),('v6zb1k7s39s1ja527t6ddceg5x2vu2np','ZTU4ZmQ1YmFmNTg1MDEyYTM4MzdiZTg1ZGY5NmNjNDdjN2RjN2VlOTp7Il9hdXRoX3VzZXJfYmFja2VuZCI6ImRqYW5nby5jb250cmliLmF1dGguYmFja2VuZHMuTW9kZWxCYWNrZW5kIiwiX2F1dGhfdXNlcl9pZCI6N30=','2014-04-22 08:52:50'),('vcsrf1zai7cjltxjy1ucv61171kibj82','MzlkNDUyNDUyNjRkNTliMjRlYjhkYjk3MmI1NzcyNDMwNmNmMjI5NTp7Il9hdXRoX3VzZXJfYmFja2VuZCI6ImRqYW5nby5jb250cmliLmF1dGguYmFja2VuZHMuTW9kZWxCYWNrZW5kIiwiX2F1dGhfdXNlcl9pZCI6NH0=','2014-04-21 15:13:09'),('vge3bjx4vv8n1n5tmcnuqjgzhs5bd9pq','OWM0NGZjN2RlNmZkMDZjOTI4MGE0ZDA1YTZhMjc2NWFhMDM0OGExNTp7Il9hdXRoX3VzZXJfYmFja2VuZCI6ImRqYW5nby5jb250cmliLmF1dGguYmFja2VuZHMuTW9kZWxCYWNrZW5kIiwiX2F1dGhfdXNlcl9pZCI6MX0=','2014-05-28 22:34:58'),('vhrbquqt14e621mvtzgij6lursmv5cns','Mzk0NGM5MjcyNjAyYmE2OTFjZTU0ODk5NWM5YmJhMmNkMzUyZWJhMzp7Il9hdXRoX3VzZXJfYmFja2VuZCI6ImRqYW5nby5jb250cmliLmF1dGguYmFja2VuZHMuTW9kZWxCYWNrZW5kIiwiX2F1dGhfdXNlcl9pZCI6Nn0=','2014-05-22 09:24:29'),('vnpadbm2vk3jvnh902j3p76g71fonjrq','ODdlOWZlMTFhZGY5NDJmNWQwNjAzZWE5ODY4N2FmODRkMWUwZjA4YTp7Il9hdXRoX3VzZXJfYmFja2VuZCI6ImRqYW5nby5jb250cmliLmF1dGguYmFja2VuZHMuTW9kZWxCYWNrZW5kIiwiX2F1dGhfdXNlcl9pZCI6MTZ9','2014-05-28 09:17:17'),('vqzokt62mo4jyvjq5fnruuxz6km5xlg7','OWM0NGZjN2RlNmZkMDZjOTI4MGE0ZDA1YTZhMjc2NWFhMDM0OGExNTp7Il9hdXRoX3VzZXJfYmFja2VuZCI6ImRqYW5nby5jb250cmliLmF1dGguYmFja2VuZHMuTW9kZWxCYWNrZW5kIiwiX2F1dGhfdXNlcl9pZCI6MX0=','2014-04-21 14:42:35'),('vyif333f142s78s6ubazxgewv5d64ksk','OWM0NGZjN2RlNmZkMDZjOTI4MGE0ZDA1YTZhMjc2NWFhMDM0OGExNTp7Il9hdXRoX3VzZXJfYmFja2VuZCI6ImRqYW5nby5jb250cmliLmF1dGguYmFja2VuZHMuTW9kZWxCYWNrZW5kIiwiX2F1dGhfdXNlcl9pZCI6MX0=','2014-04-21 13:53:52'),('vyofblkb0v272kivkpyc0foil7ucud0f','Mzk0NGM5MjcyNjAyYmE2OTFjZTU0ODk5NWM5YmJhMmNkMzUyZWJhMzp7Il9hdXRoX3VzZXJfYmFja2VuZCI6ImRqYW5nby5jb250cmliLmF1dGguYmFja2VuZHMuTW9kZWxCYWNrZW5kIiwiX2F1dGhfdXNlcl9pZCI6Nn0=','2014-04-23 06:32:01'),('w4uey6whtanua7t87gp36bdwq70y9poh','OWM0NGZjN2RlNmZkMDZjOTI4MGE0ZDA1YTZhMjc2NWFhMDM0OGExNTp7Il9hdXRoX3VzZXJfYmFja2VuZCI6ImRqYW5nby5jb250cmliLmF1dGguYmFja2VuZHMuTW9kZWxCYWNrZW5kIiwiX2F1dGhfdXNlcl9pZCI6MX0=','2014-05-16 01:05:06'),('wgf2f35f8zm1ifgdjv0hqnq1tgnap0h3','OWM0NGZjN2RlNmZkMDZjOTI4MGE0ZDA1YTZhMjc2NWFhMDM0OGExNTp7Il9hdXRoX3VzZXJfYmFja2VuZCI6ImRqYW5nby5jb250cmliLmF1dGguYmFja2VuZHMuTW9kZWxCYWNrZW5kIiwiX2F1dGhfdXNlcl9pZCI6MX0=','2014-04-22 08:14:44'),('x03wqpscxld7ly5v3ejje4368wd3a3cq','ODJmMTZhMjM1NTFmMDkyNjE4Y2UzODZiYTQ3MTE3ZGQyNTE2MmQ5MTp7Il9hdXRoX3VzZXJfYmFja2VuZCI6ImRqYW5nby5jb250cmliLmF1dGguYmFja2VuZHMuTW9kZWxCYWNrZW5kIiwiX2F1dGhfdXNlcl9pZCI6MTF9','2014-05-22 11:14:22'),('x17wmv96iyx3fhxadkepccdo4cadudh5','MzlkNDUyNDUyNjRkNTliMjRlYjhkYjk3MmI1NzcyNDMwNmNmMjI5NTp7Il9hdXRoX3VzZXJfYmFja2VuZCI6ImRqYW5nby5jb250cmliLmF1dGguYmFja2VuZHMuTW9kZWxCYWNrZW5kIiwiX2F1dGhfdXNlcl9pZCI6NH0=','2014-04-23 08:43:10'),('x61zkt6v22e6jpno08aa8p1pi9rnnyz9','YWY5MzUxNDNmZjMzNDQ3YTM1ZGZiOTBjYTgyY2UzYjIzZDdlYmExZDp7Il9hdXRoX3VzZXJfYmFja2VuZCI6ImRqYW5nby5jb250cmliLmF1dGguYmFja2VuZHMuTW9kZWxCYWNrZW5kIiwiX2F1dGhfdXNlcl9pZCI6Mn0=','2014-04-22 11:32:22'),('xcd9km5gjgnlj71vdd694w8ghd3g1wir','MzlkNDUyNDUyNjRkNTliMjRlYjhkYjk3MmI1NzcyNDMwNmNmMjI5NTp7Il9hdXRoX3VzZXJfYmFja2VuZCI6ImRqYW5nby5jb250cmliLmF1dGguYmFja2VuZHMuTW9kZWxCYWNrZW5kIiwiX2F1dGhfdXNlcl9pZCI6NH0=','2014-04-24 19:58:28'),('xo9yvqxwq44prebfvgn60ipzjs76lt5g','OWM0NGZjN2RlNmZkMDZjOTI4MGE0ZDA1YTZhMjc2NWFhMDM0OGExNTp7Il9hdXRoX3VzZXJfYmFja2VuZCI6ImRqYW5nby5jb250cmliLmF1dGguYmFja2VuZHMuTW9kZWxCYWNrZW5kIiwiX2F1dGhfdXNlcl9pZCI6MX0=','2014-05-16 01:10:03'),('xt8kmhzm34f3bk6wntdpbkp0xjmv5j29','OWM0NGZjN2RlNmZkMDZjOTI4MGE0ZDA1YTZhMjc2NWFhMDM0OGExNTp7Il9hdXRoX3VzZXJfYmFja2VuZCI6ImRqYW5nby5jb250cmliLmF1dGguYmFja2VuZHMuTW9kZWxCYWNrZW5kIiwiX2F1dGhfdXNlcl9pZCI6MX0=','2014-04-25 13:50:16'),('y4cddbgddrq0ws4ov8q14ycycit53bp9','MzlkNDUyNDUyNjRkNTliMjRlYjhkYjk3MmI1NzcyNDMwNmNmMjI5NTp7Il9hdXRoX3VzZXJfYmFja2VuZCI6ImRqYW5nby5jb250cmliLmF1dGguYmFja2VuZHMuTW9kZWxCYWNrZW5kIiwiX2F1dGhfdXNlcl9pZCI6NH0=','2014-04-29 22:52:12'),('y5lx03xw4azgy26d13i3z6ol4jd2c80j','MzlkNDUyNDUyNjRkNTliMjRlYjhkYjk3MmI1NzcyNDMwNmNmMjI5NTp7Il9hdXRoX3VzZXJfYmFja2VuZCI6ImRqYW5nby5jb250cmliLmF1dGguYmFja2VuZHMuTW9kZWxCYWNrZW5kIiwiX2F1dGhfdXNlcl9pZCI6NH0=','2014-05-22 09:16:18'),('y5ze5e1xzfc62cx7109nquwqgoqfjgex','ODJmMTZhMjM1NTFmMDkyNjE4Y2UzODZiYTQ3MTE3ZGQyNTE2MmQ5MTp7Il9hdXRoX3VzZXJfYmFja2VuZCI6ImRqYW5nby5jb250cmliLmF1dGguYmFja2VuZHMuTW9kZWxCYWNrZW5kIiwiX2F1dGhfdXNlcl9pZCI6MTF9','2014-05-23 08:43:44'),('y6esp3pkqn9i318m7we70okjzx2o02d7','ODJmMTZhMjM1NTFmMDkyNjE4Y2UzODZiYTQ3MTE3ZGQyNTE2MmQ5MTp7Il9hdXRoX3VzZXJfYmFja2VuZCI6ImRqYW5nby5jb250cmliLmF1dGguYmFja2VuZHMuTW9kZWxCYWNrZW5kIiwiX2F1dGhfdXNlcl9pZCI6MTF9','2014-05-29 17:40:01'),('yauxeetzbbzo1dplhza7n9bx80f91t9g','OWM0NGZjN2RlNmZkMDZjOTI4MGE0ZDA1YTZhMjc2NWFhMDM0OGExNTp7Il9hdXRoX3VzZXJfYmFja2VuZCI6ImRqYW5nby5jb250cmliLmF1dGguYmFja2VuZHMuTW9kZWxCYWNrZW5kIiwiX2F1dGhfdXNlcl9pZCI6MX0=','2014-04-24 10:30:07'),('ycqpah5xwomb9g5wclh80s9xd5xnbpln','OTg1NWVjMTM3OGU5NzcxMmUxZDE2NWM3YzRhZTZiZmFmMjQ2MmI1ZDp7Il9hdXRoX3VzZXJfYmFja2VuZCI6ImRqYW5nby5jb250cmliLmF1dGguYmFja2VuZHMuTW9kZWxCYWNrZW5kIiwiX2F1dGhfdXNlcl9pZCI6MTJ9','2014-05-27 18:24:55'),('yf42243uobz9foomfwaejdf90ovf7ey4','Mzk0NGM5MjcyNjAyYmE2OTFjZTU0ODk5NWM5YmJhMmNkMzUyZWJhMzp7Il9hdXRoX3VzZXJfYmFja2VuZCI6ImRqYW5nby5jb250cmliLmF1dGguYmFja2VuZHMuTW9kZWxCYWNrZW5kIiwiX2F1dGhfdXNlcl9pZCI6Nn0=','2014-05-23 15:39:36'),('yi6vqxwx6dextracfpwjix4moflkppc3','ODJmMTZhMjM1NTFmMDkyNjE4Y2UzODZiYTQ3MTE3ZGQyNTE2MmQ5MTp7Il9hdXRoX3VzZXJfYmFja2VuZCI6ImRqYW5nby5jb250cmliLmF1dGguYmFja2VuZHMuTW9kZWxCYWNrZW5kIiwiX2F1dGhfdXNlcl9pZCI6MTF9','2014-05-23 08:49:43'),('z7y5ai098zq7gb1zb18nfge2ofjhpzkd','ODJmMTZhMjM1NTFmMDkyNjE4Y2UzODZiYTQ3MTE3ZGQyNTE2MmQ5MTp7Il9hdXRoX3VzZXJfYmFja2VuZCI6ImRqYW5nby5jb250cmliLmF1dGguYmFja2VuZHMuTW9kZWxCYWNrZW5kIiwiX2F1dGhfdXNlcl9pZCI6MTF9','2014-05-23 16:24:40'),('zhukhzghvfyj62egj3h3f91ab469yhx1','OTEwNzUwNDU5ZTU2ZDdiOTAyNWYzMGMyZTA0ODgzMThhNmYxYmVmMDp7Il9hdXRoX3VzZXJfYmFja2VuZCI6ImRqYW5nby5jb250cmliLmF1dGguYmFja2VuZHMuTW9kZWxCYWNrZW5kIiwiX2F1dGhfdXNlcl9pZCI6OH0=','2014-05-27 13:31:36'),('zwmnp6anxf7olhghgaxl5unei96a3c2x','ODJmMTZhMjM1NTFmMDkyNjE4Y2UzODZiYTQ3MTE3ZGQyNTE2MmQ5MTp7Il9hdXRoX3VzZXJfYmFja2VuZCI6ImRqYW5nby5jb250cmliLmF1dGguYmFja2VuZHMuTW9kZWxCYWNrZW5kIiwiX2F1dGhfdXNlcl9pZCI6MTF9','2014-05-23 13:32:04'),('zzt5cil4lijea6k855a22ydegwxl7zp9','Mzk0NGM5MjcyNjAyYmE2OTFjZTU0ODk5NWM5YmJhMmNkMzUyZWJhMzp7Il9hdXRoX3VzZXJfYmFja2VuZCI6ImRqYW5nby5jb250cmliLmF1dGguYmFja2VuZHMuTW9kZWxCYWNrZW5kIiwiX2F1dGhfdXNlcl9pZCI6Nn0=','2014-04-22 09:34:07');
/*!40000 ALTER TABLE `django_session` ENABLE KEYS */;
UNLOCK TABLES;

--
-- Table structure for table `django_site`
--

DROP TABLE IF EXISTS `django_site`;
/*!40101 SET @saved_cs_client     = @@character_set_client */;
/*!40101 SET character_set_client = utf8 */;
CREATE TABLE `django_site` (
  `id` int(11) NOT NULL AUTO_INCREMENT,
  `domain` varchar(100) NOT NULL,
  `name` varchar(50) NOT NULL,
  PRIMARY KEY (`id`)
) ENGINE=InnoDB AUTO_INCREMENT=2 DEFAULT CHARSET=latin1;
/*!40101 SET character_set_client = @saved_cs_client */;

--
-- Dumping data for table `django_site`
--

LOCK TABLES `django_site` WRITE;
/*!40000 ALTER TABLE `django_site` DISABLE KEYS */;
INSERT INTO `django_site` VALUES (1,'example.com','example.com');
/*!40000 ALTER TABLE `django_site` ENABLE KEYS */;
UNLOCK TABLES;

--
-- Table structure for table `south_migrationhistory`
--

DROP TABLE IF EXISTS `south_migrationhistory`;
/*!40101 SET @saved_cs_client     = @@character_set_client */;
/*!40101 SET character_set_client = utf8 */;
CREATE TABLE `south_migrationhistory` (
  `id` int(11) NOT NULL AUTO_INCREMENT,
  `app_name` varchar(255) NOT NULL,
  `migration` varchar(255) NOT NULL,
  `applied` datetime NOT NULL,
  PRIMARY KEY (`id`)
) ENGINE=InnoDB AUTO_INCREMENT=11 DEFAULT CHARSET=latin1;
/*!40101 SET character_set_client = @saved_cs_client */;

--
-- Dumping data for table `south_migrationhistory`
--

LOCK TABLES `south_migrationhistory` WRITE;
/*!40000 ALTER TABLE `south_migrationhistory` DISABLE KEYS */;
INSERT INTO `south_migrationhistory` VALUES (1,'core','0001_add_field_Post_hidden_note','2014-05-08 23:16:48'),(2,'core','0002_add_field_UserProfile_agency_name','2014-05-08 23:16:48'),(3,'core','0003_add_field_UserProfile_activation_key','2014-05-08 23:16:48'),(4,'core','0004_add_field_UserProfile_key_expires','2014-05-08 23:16:48'),(5,'core','0005_auto__del_field_property_total_meters__del_field_property_buildingCond','2014-05-09 01:08:59'),(6,'core','0006_auto__chg_field_property_roofType__chg_field_property_industrialRoofTy','2014-05-09 01:59:55'),(7,'core','0007_auto__chg_field_property_roofType','2014-05-09 01:59:55'),(8,'core','0008_auto__chg_field_property_industrialRoofType','2014-05-09 02:11:15'),(9,'core','0009_auto__chg_field_property_deliveryYear__chg_field_property_stage__chg_f','2014-05-09 02:12:13'),(10,'core','0010_auto__chg_field_userprofile_activation_key__chg_field_userprofile_key_','2014-05-09 02:38:54');
/*!40000 ALTER TABLE `south_migrationhistory` ENABLE KEYS */;
UNLOCK TABLES;

--
-- Table structure for table `tastypie_apiaccess`
--

DROP TABLE IF EXISTS `tastypie_apiaccess`;
/*!40101 SET @saved_cs_client     = @@character_set_client */;
/*!40101 SET character_set_client = utf8 */;
CREATE TABLE `tastypie_apiaccess` (
  `id` int(11) NOT NULL AUTO_INCREMENT,
  `identifier` varchar(255) NOT NULL,
  `url` varchar(255) NOT NULL,
  `request_method` varchar(10) NOT NULL,
  `accessed` int(10) unsigned NOT NULL,
  PRIMARY KEY (`id`)
) ENGINE=InnoDB DEFAULT CHARSET=latin1;
/*!40101 SET character_set_client = @saved_cs_client */;

--
-- Dumping data for table `tastypie_apiaccess`
--

LOCK TABLES `tastypie_apiaccess` WRITE;
/*!40000 ALTER TABLE `tastypie_apiaccess` DISABLE KEYS */;
/*!40000 ALTER TABLE `tastypie_apiaccess` ENABLE KEYS */;
UNLOCK TABLES;

--
-- Table structure for table `tastypie_apikey`
--

DROP TABLE IF EXISTS `tastypie_apikey`;
/*!40101 SET @saved_cs_client     = @@character_set_client */;
/*!40101 SET character_set_client = utf8 */;
CREATE TABLE `tastypie_apikey` (
  `id` int(11) NOT NULL AUTO_INCREMENT,
  `user_id` int(11) NOT NULL,
  `key` varchar(128) NOT NULL,
  `created` datetime NOT NULL,
  PRIMARY KEY (`id`),
  UNIQUE KEY `user_id` (`user_id`),
  KEY `tastypie_apikey_c0d4be93` (`key`),
  CONSTRAINT `user_id_refs_id_990aee10` FOREIGN KEY (`user_id`) REFERENCES `auth_user` (`id`)
) ENGINE=InnoDB AUTO_INCREMENT=19 DEFAULT CHARSET=latin1;
/*!40101 SET character_set_client = @saved_cs_client */;

--
-- Dumping data for table `tastypie_apikey`
--

LOCK TABLES `tastypie_apikey` WRITE;
/*!40000 ALTER TABLE `tastypie_apikey` DISABLE KEYS */;
INSERT INTO `tastypie_apikey` VALUES (1,1,'323318c1292865b6888979636b25f5ba501779df','2014-04-05 15:53:03'),(2,2,'f0fe4094bccaea09c954a1fa8b7f5eeda084e89c','2014-04-05 18:17:06'),(3,3,'4d409953f96b1728231fc7bcd05783e22a198503','2014-04-07 13:51:37'),(4,4,'05cd245bbee92ded426fcbbf4b90d0df90618f7f','2014-04-07 14:23:17'),(6,6,'954230578e2603a56ca9fdecee54164944c64f65','2014-04-08 08:28:23'),(8,8,'a85c5840c306e278958d6cde07a33f71909ba53a','2014-04-08 09:05:53'),(9,9,'ad2fde73e1b2b9293d28fcb1764b19b974e365c1','2014-04-10 12:14:34'),(10,10,'5df09b0428d1cce961013d37b29a105c36fb9be3','2014-04-28 19:52:34'),(11,11,'40c5cd3c45465e94ef4ce1d6d873cb382fbb9faf','2014-05-08 09:10:16'),(12,12,'a39ad3d2257fd521d33c0e8c5962d71b93a10955','2014-05-08 09:38:36'),(13,13,'8ee3377b6fada079db98a45f8a458fac0a86c82c','2014-05-08 23:26:46'),(14,14,'2b904295fb5a0519f3781f1a576bfb0744eabd75','2014-05-09 00:36:08'),(15,15,'0831dde47f462761521c6bed05aef0cf4dd60bf4','2014-05-12 09:11:42'),(16,16,'6f32fa2009881a018c1b26f11921fe1b9cb88ec2','2014-05-14 09:14:34'),(17,17,'2cfe58effe23b776fbc28c5ad54a68feb171b2f5','2014-05-15 14:11:32'),(18,18,'be5ea66c10042f31bbd3784ad74b0586d1b281d7','2014-05-15 15:12:30');
/*!40000 ALTER TABLE `tastypie_apikey` ENABLE KEYS */;
UNLOCK TABLES;
/*!40103 SET TIME_ZONE=@OLD_TIME_ZONE */;

/*!40101 SET SQL_MODE=@OLD_SQL_MODE */;
/*!40014 SET FOREIGN_KEY_CHECKS=@OLD_FOREIGN_KEY_CHECKS */;
/*!40014 SET UNIQUE_CHECKS=@OLD_UNIQUE_CHECKS */;
/*!40101 SET CHARACTER_SET_CLIENT=@OLD_CHARACTER_SET_CLIENT */;
/*!40101 SET CHARACTER_SET_RESULTS=@OLD_CHARACTER_SET_RESULTS */;
/*!40101 SET COLLATION_CONNECTION=@OLD_COLLATION_CONNECTION */;
/*!40111 SET SQL_NOTES=@OLD_SQL_NOTES */;

-- Dump completed on 2014-05-16  3:22:11
